a,b,N,R,P,U
0.22305029812053964,4.5,2.0,0.7599348475699632,0.07607520101266613,0.7790228758329141
0.2085345033639461,4.5,2.0,0.7596784385133786,0.07646189063867778,0.779839814142335
0.1,4.5,4.0,0.7544370512906237,0.0803730898653527,0.8016311570728486
0.24137615830780312,3.0,4.0,0.7305861480278971,0.133492461491962,0.7871511399271264
0.22496983036861196,4.5,4.0,0.741104129447701,0.08523419501245827,0.7717866250796219
0.22753719339418754,4.5,4.0,0.7410930764676648,0.08553276064784157,0.7718141667935181
0.21420402018973905,3.6651414219858527,4.0,0.7410361984114273,0.10251773785356223,0.7728336306413481
0.12492959686000119,4.5,4.0,0.7513463271304164,0.08143076976532773,0.7952748795485901
0.12004057680558089,4.5,4.0,0.7519986448183648,0.0812911371892579,0.7966854707331584
0.23409891233470212,3.099028211379046,4.0,0.7315412221318616,0.12705944401239214,0.7817760833341985
0.1846888323284197,4.5,4.0,0.7435605316618681,0.08251191949392624,0.7772888509128091
0.24137615830780312,3.06738069971345,4.0,0.7311712202277069,0.12982728002467728,0.7830397431463704
0.17585696104931753,4.5,4.0,0.7445352288216915,0.08226786351114126,0.779594440090458
0.22987448864518115,3.19478172366276,4.0,0.7327898030578232,0.12180411699018985,0.7778086787638482
0.21726841796777177,3.622795652060637,4.0,0.740210481233049,0.10406993470816185,0.7724329809685334
0.20551668073669585,4.5,4.0,0.7418092675096747,0.083514743177584,0.7732068706222441
0.2288565144250265,3.294650245616893,4.0,0.7342826099019701,0.11723016530691152,0.7747402237127067
0.14813355575874698,4.5,4.0,0.7481356903350358,0.08183880503320011,0.7880375623571721
0.15630757993836647,4.5,4.0,0.7470166836561258,0.0819405470423426,0.7854373855685141
0.2281475503180433,3.31076931049386,4.0,0.7345537098932802,0.11646375330728526,0.7743974892779525
0.2103346562085844,3.4665263660163452,4.0,0.7378758468725548,0.10866206667683784,0.7736846338794817
0.12809446020916748,4.5,4.0,0.7509164361938734,0.08150800468237951,0.7943315984651845
0.2371658929304533,3.0491370927347035,4.0,0.7310077445551308,0.1301247600820873,0.7843214645672322
0.21440012139319578,3.6651027696784064,4.0,0.7410269522462274,0.1025359238043328,0.7728164489402964
0.1376589501585249,4.5,4.0,0.7495940464668703,0.081692004193901,0.7913744503059968
0.16387679384445736,4.5,4.0,0.7460145432228099,0.0820442930286171,0.783087242472081
0.2177492252067898,3.5790981943323668,4.0,0.739449535157819,0.10548694215747792,0.7723353408773769
0.2296230035270846,3.1158270026281034,4.0,0.7318208743051926,0.1256008338763509,0.7813376266970941
0.23410222169911446,3.160210219539989,4.0,0.732262423411584,0.12401954584836417,0.7788933465054336
0.22967276778767318,3.1305049844900683,4.0,0.7319857834173934,0.12487333788165873,0.7806059518097974
0.21679794121749754,3.3980532076724415,4.0,0.7363764465206534,0.1117471682734657,0.7737396977262457
0.2163296921515386,3.4175127633117546,4.0,0.7367258579503987,0.11096590102005092,0.7735062503309865
0.10748050250089825,4.5,4.0,0.7535812277141561,0.08079103552835941,0.7999710799569809
0.10246009731303568,4.5,4.0,0.7541640765410097,0.08052179173960339,0.8011134582946082
0.1414944254061179,4.5,4.0,0.7490591761810053,0.08175025959477131,0.7901585472749743
0.21355772846628204,4.5,4.0,0.7413925572428027,0.08411723367615448,0.7722932984261638
0.2288565144250265,3.2636137967857453,4.0,0.7338020652313314,0.11856530439662913,0.7755767948853682
0.2369308641621236,3.0179918324899777,4.0,0.7307484704093127,0.13178329907431696,0.7862869879409877
0.16334694827994878,4.5,4.0,0.7460832784174015,0.08203637736288627,0.7832489557835758
0.21445187363203025,3.4482336962423643,4.0,0.7373391440607698,0.10966123041018803,0.7733443539007105
0.1308559065486981,4.5,4.0,0.7505375373704667,0.08156805628459002,0.7934922956994611
0.194290027388449,4.5,4.0,0.7426455363384219,0.08288721179039688,0.7751359189578548
0.17824813942557263,4.5,4.0,0.7442602683384345,0.08232591606529992,0.7789437763551333
0.2222823183304234,3.3267992408039273,4.0,0.7349790070605825,0.11512191397320565,0.7745102984885579
0.1335381602396235,4.5,4.0,0.7501668814164596,0.08162062486437477,0.7926647545942038
0.14433572875681702,4.5,4.0,0.7486631491115736,0.08178961047821946,0.7892521096833295
0.228685840159958,3.1471372732862175,4.0,0.7322092236971525,0.12392856348407756,0.7799251025368734
0.1133318748886791,4.5,4.0,0.7528634452427325,0.08105219064592398,0.7985089613035361
0.110419642555487,4.5,4.0,0.7532254428997643,0.08092887178345132,0.799253046864476
0.19117424195301239,4.499999999999999,4.0,0.7429240601280354,0.0827509278142203,0.775788813690532
0.214576494049375,3.437779083016078,4.0,0.7371548646777732,0.11005510611660173,0.7734510372022805
0.1342508212966357,4.5,4.0,0.7500680568203009,0.08163373071201935,0.7924431023653835
0.23965427398100955,4.5,6.0,0.7339261971828457,0.10157833070900103,0.7911065346407476
0.21912577327277818,4.5,6.0,0.7346957538802515,0.09678545591450638,0.7903247782933056
0.18229922641103952,4.5,6.0,0.7391903034888421,0.09121236672784426,0.796015088104939
0.23438949480229426,4.5,6.0,0.7339793835847059,0.10020785795481627,0.7905629607503953
0.17494334095916902,4.5,6.0,0.7404380959411869,0.09043301248949447,0.797875104292895
0.21151901736179002,4.5,6.0,0.7353348330171402,0.09535511375986894,0.7908631799549852
0.23736355307704388,3.0875849620303035,6.0,0.7297912755946476,0.14284007172146596,0.7957311240621548
0.22870222407550833,3.147238244119537,6.0,0.7301248335278429,0.13763160860676432,0.793387540427419
0.2044517346256193,4.5,6.0,0.7360776736492416,0.09417085052739199,0.7917007862298995
0.23438975440990045,3.167687631534975,6.0,0.7301084918468201,0.13802704387561032,0.7921131659190419
0.1912287401603494,4.5,6.0,0.7378072879873281,0.09228243395320751,0.7940098763706444
0.18753508433355667,4.5,6.0,0.7383603548017902,0.0918217921765347,0.7948014551024104
0.23811649561830536,3.0865098223842593,6.0,0.7297874578924304,0.14309885416428433,0.7957537214535978
0.2040373673727001,4.5,6.0,0.7361253972411222,0.09410544615834276,0.7917591640119342
0.19060771326712334,4.5,6.0,0.7378983038028797,0.09220310817074029,0.7941389533948475
0.23645632991029697,3.3341183379052906,8.0,0.7288264112822351,0.1432655025988346,0.8064287338182096
0.2218905986117792,3.413601300756717,8.0,0.7299495895293487,0.13529913598175514,0.8053121540172631
0.2279382776166906,3.336019992887986,8.0,0.7289687452907119,0.14026552040151274,0.8063068752841959
0.21673563729963094,3.532929419679011,10.0,0.7256726820164648,0.1329349174959068,0.8064625928324994
0.1891383351223537,3.512057228838395,10.0,0.728420096499858,0.12535831314970733,0.8082025856593432
0.180688348105404,3.6298975846323156,10.0,0.7322221863782724,0.11958624123557607,0.8090836711494602
0.18905140189387865,3.623859641078334,10.0,0.7307083576517293,0.1217664123604614,0.8081780832306802
0.17776655919295423,3.646807954645708,10.0,0.7331136715846263,0.11843290740402902,0.8095039577462269
0.22372252115829633,3.2823063397841814,10.0,0.7215914245880527,0.14496685090302736,0.8098317419128378
0.21984958963971454,3.150191384294243,10.0,0.7207078087971474,0.14954345928607005,0.8151905963762474
0.21694455878774677,3.507105081293628,10.0,0.7252001639256193,0.1338761977288953,0.8065016981681522
0.18759033539822112,3.552289825696953,10.0,0.7294524200724931,0.12364032773915473,0.8082166028070914
0.201098377808672,3.549011447947469,10.0,0.7275179155149222,0.1273805107685605,0.8070290931378635
0.20300177803617384,3.3478312097921226,10.0,0.7238920649118237,0.13521271408128815,0.809191082126567
0.18127793220527633,3.523854834312477,10.0,0.7298840359884614,0.12307455145003009,0.8090280351293457
0.2071420148867759,3.241104093124341,10.0,0.7222166773145885,0.14098543898840762,0.8121163402956924
0.2008318107132663,3.5618268851389407,10.0,0.7277984360601176,0.12688822011715,0.8070447668541113
0.23476868899089268,3.1310023169631567,10.0,0.7203453798807101,0.15646284208797595,0.8158452700676717
0.22331627291720296,3.40218721649945,10.0,0.7231337317428003,0.13998488038743256,0.8073456309465608
0.23465348584683068,3.165705996903049,10.0,0.7204908444637018,0.15471909212972917,0.8141971032453372
0.21383870192951795,3.542188491611452,10.0,0.7260710220056281,0.13162586239639604,0.8064862120274832
0.23205104371111332,3.176473995651239,10.0,0.7205460442598802,0.15308990000037498,0.8136657151938644
0.22303855745950102,4.5,2.0,0.7599344184724139,0.0760753477713412,0.7790228739408064
0.2286304542069804,4.5,2.0,0.7601832671490939,0.07603979170645053,0.7791561702390412
0.20851552692518227,4.5,2.0,0.7596784378249662,0.07646263996887795,0.7798418853485982
0.2249833657753134,4.5,4.0,0.741104016901111,0.0852357210689896,0.7717866270635372
0.24129118929659726,3.0,4.0,0.7305861459922208,0.13347829353001894,0.7871562363893201
0.227595954792372,4.5,4.0,0.7410930682550355,0.08553981103275471,0.7718154435762953
0.23096374705107314,3.1136341183827025,4.0,0.7317623559108408,0.1258863406600809,0.7813097438500962
0.2226936228962512,3.18637821429946,4.0,0.7329096622703285,0.12134599276866921,0.7789211434979527
0.17557884138072463,4.5,4.0,0.7445677016172321,0.0822614558536158,0.7796712753892605
0.14443278429357934,4.5,4.0,0.7486496362032222,0.08179090955463225,0.7892210949361292
0.13443371052115263,4.5,4.0,0.7500426759640934,0.081637039404055,0.7923861098930948
0.2168658528044824,3.5138898263744855,4.0,0.7383583472032207,0.10756171294920286,0.7725641593252971
0.12822202592307935,4.5,4.0,0.7508990041948477,0.08151092252256409,0.794293141126383
0.1405319838243288,4.5,4.0,0.7491934270446086,0.08173626182754057,0.7904646707623704
0.1070446573158701,4.5,4.0,0.7536331128066832,0.08076939367110963,0.8000745789726632
0.1557499790840862,4.5,4.0,0.7470920157387804,0.08193348285866933,0.7856133092432798
0.12287607687080437,4.5,4.0,0.7516222451151717,0.08137531557173264,0.7958747842377115
0.14894144315215108,4.5,4.0,0.7480239365383164,0.08184894097875606,0.7877792477748256
0.2373631272747896,3.0341342314186193,4.0,0.7308744644203841,0.1309649003205792,0.78522093186979
0.12481914675986407,4.499999999999999,4.0,0.7513612323126643,0.08142789847133772,0.7953074013515049
0.19412582195402217,4.5,4.0,0.7426597451922605,0.08287965321348198,0.775169149302759
0.21449843451165865,3.5415853945110407,4.0,0.7389425453157433,0.1064145810856186,0.7726872928595904
0.23027891560149977,3.097651072672245,4.0,0.7316073311685138,0.12660882067414753,0.7822134891539245
0.1829185377142079,4.5,4.0,0.7437465622031689,0.08245612124616059,0.7777285100592787
0.18515887189049604,4.5,4.0,0.7435119848218599,0.08252737549598133,0.7771741800506875
0.2300762792141788,3.0711642660602125,4.0,0.7313486274529106,0.12795635352737597,0.7837147635261787
0.11126736146458494,4.5,4.0,0.7531210012681767,0.08096608846709205,0.7990396865781574
0.11555587236637412,4.5,4.0,0.7525812150641019,0.08113805767791482,0.7979204654591845
0.11959108029695321,4.5,4.0,0.752057776364764,0.08127693323161334,0.7968119653309491
0.16965675469460828,4.5,4.0,0.7452815494548767,0.08214007926983988,0.7813590158987764
0.10372666050935596,4.5,4.0,0.7540201886010094,0.08059393840618304,0.8008358196030395
0.118818405336091,4.5,4.0,0.7521590552381814,0.08125194319341217,0.7970280484930727
0.14915964676215018,4.5,4.0,0.7479937864312486,0.0818516655809349,0.787709500973553
0.13789063900361842,4.5,4.0,0.7495617607821397,0.08169572433861005,0.7913013465817844
0.21095510497928455,3.5634752934226768,4.0,0.7394975058798159,0.1054000240478303,0.7730268015660955
0.2417515458560937,3.2747346454389685,4.0,0.7339483675138474,0.11997444678250961,0.7750001843299125
0.15932358234314492,4.5,4.0,0.7466125047381196,0.08197982519344921,0.7844916246838308
0.1349511738873203,4.5,4.0,0.7499708235371975,0.08164628325162335,0.792224621649495
0.23119253182509045,3.054900788346861,4.0,0.7311682441474534,0.12896387754497313,0.7845489466306426
0.22023306400895878,3.2795100814730036,4.0,0.7343238544139273,0.1168952297749957,0.7759584677620959
0.2234039290496725,3.384055347888066,4.0,0.7358850860758979,0.11295791901298048,0.7733128467166857
0.127706834702664,4.5,4.0,0.7509693594018674,0.08149904906451533,0.7944482583313902
0.24038558999042528,3.0136161956267506,4.0,0.7306895716267816,0.13256952385644694,0.7863123709089628
0.22263138065607477,3.340780166963678,4.0,0.7351925770561107,0.11458938915326417,0.7741725636503727
0.21160653794015333,3.5415853945110407,4.0,0.7390882908244985,0.10617210611049281,0.773010608114998
0.2257028551423818,3.3616404971381333,4.0,0.7354443394907109,0.11409918081271819,0.773520229041618
0.20642845841459845,3.6210365049026625,4.0,0.7407304688943283,0.10324340826349267,0.7735804496626353
0.23027891560149977,3.209641231998542,4.0,0.7329854798996559,0.12116792252101888,0.7772241986921407
0.2159087939736643,3.402562574044751,4.0,0.7364943354377909,0.11149326475422491,0.7737749813394962
0.23829273334012557,3.0429996172626184,6.0,0.7297375172247704,0.14547135499228545,0.7982233981342082
0.2396289999685813,4.5,6.0,0.7339261982561308,0.10157150183299732,0.7911033123102005
0.22648660826226572,3.163523208248649,6.0,0.7302702172780173,0.13632043802680655,0.792869931726413
0.18551803548368923,4.5,6.0,0.7386739273215626,0.09158120348308263,0.7952569277326885
0.23814865140025995,3.0659936010705797,6.0,0.7297534766861028,0.1441919778827981,0.7968792753713906
0.23526970819627785,3.0831634311997864,6.0,0.7297966283149593,0.14252011676454646,0.7960883542397494
0.20109664960045395,4.5,6.0,0.7364767245947155,0.09365346426174637,0.792201159566453
0.23768406219955765,4.5,6.0,0.733933715673166,0.10105329980615463,0.7908732960905794
0.18322305052497131,4.5,6.0,0.7390401456004971,0.0913163840842229,0.7957937102441327
0.1719952270765329,4.5,6.0,0.740962117100473,0.09014290439928248,0.7986631355227967
0.22545594091495894,4.5,6.0,0.7343021314703412,0.09811039519937675,0.790196170688339
0.1748769944968108,4.5,6.0,0.7404497470030234,0.09042635256748398,0.7978925956131075
0.23200489055874512,3.1314652738439017,6.0,0.7299816667325034,0.1392135707082674,0.7938518469578513
0.2201890692186857,4.5,6.0,0.7346205649446244,0.09699915902355981,0.7902820488999748
0.23693926077904354,3.134596643755661,6.0,0.7299379045316554,0.14032197333311686,0.7934336761357111
0.21522781425915682,3.388123643940606,8.0,0.7300869458093744,0.13435757360236897,0.80604836371535
0.21147749752894535,3.3974493968076565,8.0,0.7304631016331582,0.1329822047793658,0.8062402180367908
0.23166603463814683,3.0721801510708198,10.0,0.7202278809197346,0.15813742494019534,0.8191374966266988
0.21711835003436006,3.5316885885881737,10.0,0.7256220994234531,0.13311126166850273,0.8064627152892652
0.18237331151667568,3.4215635837670417,10.0,0.7277603872089111,0.12692464242596216,0.8100072992636324
0.20744412077195365,3.251101846950753,10.0,0.7222902769010716,0.14063844654030802,0.811710090291922
0.2223676144838765,3.1881002789108077,10.0,0.7208234317789547,0.14867018224399672,0.8132722904868567
0.20314115167751778,3.4702006637909233,10.0,0.7258272955528762,0.13065677745240584,0.8072459405659268
0.20789090748045705,3.358376171531815,10.0,0.7235651368652699,0.13630164013009197,0.8085654353569909
0.19830862966800356,3.6413255673727356,10.0,0.7297183607511872,0.12371071066844992,0.8075057926925272
0.2054385535536989,3.2986339273848135,10.0,0.7230035591899469,0.1379682797927949,0.8102958019966819
0.2042727805435469,3.554977718748845,10.0,0.727259211166759,0.1281317236250548,0.8068317097188058
0.20215775966524854,3.427421258508724,10.0,0.7252059430424646,0.13190666288967504,0.8077903655248975
0.21030298997967964,3.4472856972807717,10.0,0.7247188789909844,0.13371671504401686,0.8070451865681353
0.22969964972275667,3.1047059065013456,10.0,0.7202781118881123,0.1556378925982327,0.8172441182001527
0.1828260314282923,3.5274236090147117,10.0,0.7297031279045555,0.12331306044482336,0.8088276143276129
0.18385752374212797,3.6699155725563015,10.0,0.7325498542995855,0.11914420442435263,0.8089895672160748
0.17841120127502055,3.588530909568985,10.0,0.7317230693941084,0.12034224531096847,0.8092313606930205
0.22225105759886613,3.128300206012985,10.0,0.7205171776714777,0.15151409113908265,0.8162060009190626
0.1828276785127348,3.5687872906310387,10.0,0.7305526311246069,0.1219667837505699,0.8087181007146738
0.18503284535299824,3.7048353897496193,10.0,0.733114192498229,0.11843552978384542,0.8091854283559896
0.22302740833806997,4.5,2.0,0.7599340113494193,0.07607548740767717,0.7790228732018154
0.2286053795006531,4.5,2.0,0.7601819475630972,0.07603979266220146,0.7791549667009351
0.2113765667263288,4.5,2.0,0.7596878204839576,0.07635625864730747,0.7795575286441988
0.24132638436397053,3.0,4.0,0.7305861440737809,0.1334841589803253,0.7871541184497203
0.22531580923713374,4.5,4.0,0.7411014316643632,0.08527336074011554,0.7717871478664611
0.21400263074578738,3.667543351415773,4.0,0.7410840844560724,0.10242954202989342,0.772862206603771
0.2287940111143189,3.3010327354752085,4.0,0.7343849804386483,0.11695269090735531,0.7745872534279495
0.12714328912034312,4.5,4.0,0.751046173587089,0.08148578552614522,0.7946173218142063
0.12234085506835021,4.5,4.0,0.7516937203799086,0.08136012181896674,0.7960294316720617
0.1360568343772461,4.5,4.0,0.7498171172506367,0.08166547193528456,0.791878464771542
0.10463575052096273,4.499999999999999,4.0,0.753915564407,0.08064393133366485,0.8006320482320147
0.2245514349989991,3.5759072502767717,4.0,0.7391957286335884,0.10630022579855913,0.7719507727324819
0.1161193127835564,4.5,4.0,0.7525089732452578,0.08115872541279862,0.7977687440043831
0.21924688215730403,3.369535317953038,4.0,0.7357935455036426,0.11308980488340176,0.7739503620127725
0.12006720109349739,4.5,4.0,0.7519951375474213,0.08129197090644219,0.796677960329438
0.14442349933423282,4.5,4.0,0.7486509288780434,0.08179078539054313,0.7892240621137161
0.11355904627216651,4.5,4.0,0.7528348375543007,0.08106128260636047,0.798449628595228
0.13070857304106084,4.5,4.0,0.7505578289255642,0.08156501108311895,0.7935374193610705
0.1691680608102494,4.5,4.0,0.7453422387067671,0.0821312173430643,0.7815023306219865
0.14774666945901513,4.5,4.0,0.7481892731848433,0.0818339200749053,0.7881612992846623
0.22890170514297423,3.0753013867712196,4.0,0.7314234922841031,0.12758915339780288,0.7836185424693126
0.2406282877479036,3.05872922400116,4.0,0.7310836737702013,0.13016119538433207,0.78355414206373
0.16317518070478407,4.5,4.0,0.7461056120760883,0.08203383752175017,0.783301485539729
0.22452540131619858,3.3813869022328022,4.0,0.735807313562467,0.11318736443442166,0.7732706538679217
0.20283119843317454,4.5,4.0,0.7419838350225968,0.0833435190587373,0.7736033142849728
0.18300783689086544,4.5,4.0,0.7437370594804158,0.08245884656733138,0.7777060435394271
0.21678889334885038,4.5,4.0,0.7412729876725488,0.08440043645598055,0.7720505746124458
0.22741748138992257,3.4733532293967166,4.0,0.7373384674728635,0.11010644315830563,0.7721139359270803
0.21056276451311615,3.500185450125577,4.0,0.7384370253284814,0.10749451013064042,0.7733629850281233
0.18204385018879968,4.5,4.0,0.7438402950005002,0.08242991440120168,0.7779501530166492
0.23171800973517412,3.2888987547721076,4.0,0.734145996782383,0.1178484123666378,0.7747302261848017
0.15776867073517045,4.5,4.0,0.7468201603195554,0.08195932121291341,0.7849779143978205
0.15643138652306451,4.5,4.0,0.7469999815484163,0.08194212237284429,0.7853983655170808
0.21130479216949105,3.5710508755439236,4.0,0.7396075765966601,0.1051820920227696,0.772971841219736
0.2140138293583716,3.5914590972433325,4.0,0.7398186371260966,0.10475393459539802,0.7726676101448486
0.10778482413911078,4.5,4.0,0.7535448622957461,0.08080595880169186,0.7998983470705184
0.23918332276131332,3.043563582355142,4.0,0.7309440310599904,0.13073887072344112,0.7845167779049383
0.210761234479132,3.472254670468633,4.0,0.7379484577796835,0.10849078158453569,0.7735692337890921
0.10993337882731305,4.5,4.0,0.7532849931772673,0.08090702075092361,0.7993741958473706
0.22745404181616968,3.094320387823828,4.0,0.7316592397683525,0.1264233840530154,0.782730843320258
0.14068628795552654,4.5,4.0,0.7491719024426858,0.08173853164298045,0.7904156304703371
0.22586581345186016,3.225090783066854,4.0,0.7333169329214008,0.11991532964525316,0.7770673076043602
0.22870578742044864,3.1272793335588522,4.0,0.7319755680821483,0.12491078907841295,0.7808664304259988
0.13058555399805655,4.5,4.0,0.7505747657190451,0.081562455239232,0.7935750680286509
0.227436732837617,3.1063212334606742,4.0,0.7317846664654637,0.12580803946867522,0.7820855687070708
0.1990830923766229,4.499999999999999,4.0,0.7422549667458227,0.0831274642206093,0.7742269798718447
0.13774958765048792,4.5,4.0,0.7495814168566675,0.08169346290670759,0.7913458579934121
0.21398853180547145,3.621435257535892,4.0,0.7403250407924125,0.10381598835755451,0.7727068682867083
0.1916146103404899,4.499999999999999,4.0,0.742883571527014,0.082769293336148,0.7756937253477066
0.1741599242390281,4.5,4.0,0.7447349072568779,0.08222982084323935,0.7800668531773363
0.15321423107528304,4.5,4.0,0.7474366921298191,0.08190183566786674,0.7864167167525469
0.22151427217843772,3.472254670468633,4.0,0.737461543796715,0.10947480097918394,0.7724345054316111
0.23300048808744964,3.187728510346334,6.0,0.7302368580427683,0.13671267019103353,0.7913885113173441
0.1785353975232767,4.5,6.0,0.7398175767516055,0.090803136706679,0.7969463208351694
0.23410759923758018,3.127798973504207,6.0,0.7299344440777285,0.13992580322616363,0.7938860924118185
0.23302667035727012,3.230670478310188,6.0,0.7305182151520794,0.1347184565689444,0.7898882178899114
0.23621607865312735,3.1093493787228916,6.0,0.7298526413452453,0.14140903067042337,0.7946668687327177
0.22951653000699476,4.5,6.0,0.7341203942536721,0.09902944319830435,0.7902797292194863
0.23916906400506466,3.08449587652993,6.0,0.7297842300836853,0.14349123515214365,0.7958189669180399
0.19958124587661621,4.5,6.0,0.7366662179342044,0.09342868434731284,0.7924473075314986
0.21936865764591362,4.5,6.0,0.734678263461464,0.09683396391888868,0.790314287288746
0.21525788955299963,4.5,6.0,0.7349989638336927,0.09603700794607764,0.790548762715346
0.1743156266540879,4.5,6.0,0.7405485949863777,0.09037024870006723,0.7980410547640362
0.18702314839122014,4.5,6.0,0.7384391881015827,0.09176001678594885,0.7949155606166473
0.22445646651102263,3.4760065836732275,8.0,0.7305191497528057,0.13377832904955833,0.8047756878441548
0.2166641086189576,3.53523395590098,10.0,0.7257194223860007,0.13283340059925158,0.8064621780871665
0.1902403243390339,3.5174392817042093,10.0,0.7283628676364263,0.12545663297731535,0.8080584799615029
0.20079903848908762,3.5482506269954706,10.0,0.727539782399737,0.1273180595009991,0.8070501509757781
0.21734120989093647,3.437943756682639,10.0,0.724016166785564,0.1364553132152866,0.8069335453648783
0.22073298233426128,3.266554787552986,10.0,0.7215547913591815,0.14451823376990403,0.810364657326099
0.218505611359781,3.167124530491172,10.0,0.7208617844138717,0.14823698012798037,0.8144319632103909
0.20726742980597623,3.2325627677353514,10.0,0.7221240647194639,0.14140639329227497,0.8124402714816923
0.2323658277289587,3.1819375716636187,10.0,0.7205767224013805,0.1529643875343759,0.8134369656618935
0.22443141880671247,3.109766903787626,10.0,0.7203892797013587,0.15327753301877714,0.8171279362251771
0.19206205854575664,3.396993986815618,10.0,0.7259409597902869,0.1302335158541617,0.8092664166038963
0.21816567848710505,3.1947346511269545,10.0,0.721058054861353,0.14681082712330795,0.8131812604125037
0.18109309388025768,3.5963248051590586,10.0,0.7314264474361881,0.12070135181073738,0.8089307162716481
0.1906091335005119,3.6866724669841604,10.0,0.731801173780915,0.12032614592229032,0.8084783594877111
0.18712700383935071,3.7048934285187625,10.0,0.7327607475714603,0.1189413799479733,0.8089797959570952
0.2051275675856889,3.2825718578628673,10.0,0.7228419210764505,0.1385522619040268,0.810828677064233
0.21009266480635133,3.4376678824667013,10.0,0.7245794599603912,0.1339973587869801,0.8071568600023825
0.2027052458951165,3.6468885694537025,10.0,0.7292605378051668,0.12481934233307336,0.8072784049944806
0.22300652041195018,4.5,2.0,0.7599332495333941,0.07607574972980527,0.7790228745905221
0.22862836108521908,4.5,2.0,0.760183156924237,0.07603979172993477,0.7791560695597083
0.2412999901683411,3.0,4.0,0.7305861451464057,0.13347975983639948,0.7871557058590242
0.2249734207314289,4.5,4.0,0.7411040995384174,0.08523459976077588,0.7717866254595321
0.2129566154997009,3.6649681730316144,4.0,0.7410903642739745,0.10241659202349135,0.7729463885612439
0.1401779126876842,4.5,4.0,0.7492428176850757,0.08173101498170646,0.7905771394738187
0.23552014565795146,3.322927280158259,4.0,0.7346770141520657,0.11695878825327817,0.7738715719884999
0.23909906596634606,3.0905960422349508,4.0,0.7314085820053361,0.1282460025464988,0.7818929327478578
0.13290155044091903,4.5,4.0,0.7502550489362086,0.0816086227929047,0.7928621525399917
0.1484075739231878,4.5,4.0,0.748097764517002,0.08184225213281607,0.7879499352433231
0.14641805334837135,4.5,4.0,0.7483735709500973,0.08181695570801997,0.7885862923922919
0.2208681886081817,3.5811033509691312,4.0,0.7393781445748319,0.1057332338817937,0.7721241039558158
0.13038707351425075,4.5,4.0,0.750602079976235,0.08155830610961744,0.7936357561769743
0.16588218381642003,4.5,4.0,0.7457566175905699,0.08207544803708496,0.7824798447606272
0.217931814223246,4.5,4.0,0.7412376465258322,0.08450664026238341,0.7719828768120054
0.11292775301086468,4.5,4.0,0.7529142079742689,0.0810358319456363,0.7986140598799439
0.21719261687612085,3.3650126548722143,4.0,0.7358105075238416,0.11306997992795373,0.7742715484250232
0.17149367325476186,4.499999999999999,4.0,0.74505575163764,0.08217485431207819,0.7808255253192607
0.1886020407967057,4.5,4.0,0.7431676739673903,0.08264927248008433,0.776361948490445
0.13615324017920513,4.5,4.0,0.7498037047658862,0.08166710997198362,0.791848214396565
0.1998188894396565,4.5,4.0,0.742199291242059,0.08316785050346712,0.7740983014383189
0.24437031993154565,3.025703931973134,4.0,0.7308071708622015,0.13258267855316785,0.7853711205651546
0.17743209093541126,4.5,4.0,0.7443532389821542,0.08230549285955893,0.7791637879393037
0.10823418373898029,4.5,4.0,0.7534909610346622,0.08082771458636637,0.7997902558591768
0.15385490556763695,4.5,4.0,0.747349301095845,0.08190977621247368,0.7862132597229236
0.16042881682765558,4.5,4.0,0.7464659094013115,0.08199480397350864,0.7841478644822358
0.23464825058410874,3.175312116496413,4.0,0.732453078268643,0.1233743433332422,0.7782415768221096
0.23851374835462366,3.438326211259007,4.0,0.736710050694352,0.11291738207735869,0.7724056480940826
0.1374082563662622,4.5,4.0,0.7496289739501844,0.08168794667201268,0.7914534919463193
0.23999902408674859,3.0539781532100765,4.0,0.7310379930115546,0.13031146608486024,0.7838570261932915
0.19373213735651534,4.5,4.0,0.7426940273831892,0.0828617054514858,0.7752493631058034
0.2337860205867978,3.163342592474449,4.0,0.7323064544124337,0.12382369949034014,0.7787815506962408
0.2329675206719107,3.224780726367452,4.0,0.7331577407195464,0.12083857987252455,0.7765281803185321
0.12388038081480529,4.5,4.0,0.7514876272790363,0.081402989171675,0.7955826637979329
0.10280014397493163,4.5,4.0,0.7541256636504441,0.0805414506004723,0.8010396437379684
0.12034431634939015,4.499999999999999,4.0,0.7519586009211393,0.08130059845398477,0.7965996711948706
0.12647872306067162,4.499999999999999,4.0,0.751136554842813,0.08146976537457996,0.7948158440982316
0.15513188140380216,4.499999999999999,4.0,0.7471757236930084,0.08192570524466916,0.7858086569034262
0.17539286436029478,4.5,4.0,0.7445894716701965,0.08225720959737062,0.7797227848142835
0.2417909499524037,3.274447785528169,4.0,0.7339444778426265,0.11999347274596121,0.7750082903748524
0.2368678323619533,3.2933861079436744,4.0,0.7341958924473323,0.11839536127113286,0.7744973563950415
0.242737313674063,3.05829664403136,4.0,0.7310900919690332,0.1305385167933522,0.783500920225429
0.22618976616256495,3.094411850606443,4.0,0.7317058866644499,0.12626695357713508,0.7828942791749526
0.24042720809396498,3.2019831604257805,4.0,0.7328212881486051,0.12301124086498777,0.7770927567809934
0.15831032227765737,4.5,4.0,0.7467476429698581,0.08196639551489843,0.7848081824667084
0.23292456989187704,3.099667808942118,6.0,0.7298649547099271,0.14106208168251,0.7953702744765486
0.1778150491403927,4.5,6.0,0.7399403597167743,0.09072737089688385,0.7971296051695416
0.1944743704521894,4.5,6.0,0.7373451301649834,0.09270989529445994,0.7933632114488504
0.1876865791273146,4.5,6.0,0.7383371255668006,0.09184016743296836,0.7947678872744598
0.18102148741151863,4.5,6.0,0.7394005011165342,0.09107086504833281,0.7963260689516333
0.2099195910619586,4.5,6.0,0.7354908704198476,0.09507540473600869,0.7910256989411228
0.22121466900333253,4.499999999999999,6.0,0.7345514559733753,0.09720861484023621,0.7902487574448672
0.23533489253559492,4.5,6.0,0.7339621001702992,0.10044636053778161,0.7906419785288492
0.22260485994834567,4.5,6.0,0.7344632035283534,0.09749782187196998,0.790216255946387
0.20988882409936208,4.5,6.0,0.7354939429370019,0.09507009295350587,0.791028985063683
0.18019881784671166,4.5,6.0,0.739537348964185,0.09098117920942961,0.7965291464562462
0.23209175221266867,3.165334283168569,6.0,0.7301296046932397,0.13756275059285186,0.7923352549662618
0.23205023076411396,3.0683658488360166,10.0,0.7202270440784924,0.15850010000880296,0.8193694106655008
0.21709014175462998,3.5360846888037476,10.0,0.7257029863797894,0.13295565249259067,0.8064618306268433
0.2125026606003209,3.3275502087144324,10.0,0.7227639576350178,0.13904645530471985,0.8089880191512255
0.1931157664417307,3.7290328000176247,10.0,0.732315008676618,0.11980339161923004,0.808722749327685
0.208977364953992,3.2257281035738408,10.0,0.7219189595782448,0.14225921495329374,0.8125568141389339
0.21356420511346022,3.1748198184532916,10.0,0.721191805465533,0.146136590038344,0.8144202533617726
0.2126138323995239,3.1886609566032997,10.0,0.7213488241856997,0.14516195591573036,0.8138473022172797
0.2192490903941984,3.484977228346995,10.0,0.7246633179967006,0.13546361789935463,0.8065836563512787
0.20371498943913402,3.5492519818398174,10.0,0.7272135278446651,0.12814893943455938,0.8068641947657946
0.22648732882695022,3.3387364208112276,10.0,0.7221499540268643,0.14369912199759,0.8084582296909807
0.225985109451488,3.480857875180363,10.0,0.7242433140785729,0.13815237979191655,0.8067565466026059
0.19092401291260105,3.665337767336487,10.0,0.7312960621574165,0.12101769902366313,0.8082661827156463
0.20088054617366602,3.6411629292412004,10.0,0.7293751118106109,0.12445203470090585,0.8073395854912754
0.21637706365035791,3.5426272429713883,10.0,0.725874611247304,0.1324888642748984,0.8064641311252895
0.22563611840508155,3.1220496176416654,10.0,0.720393696415734,0.15312927087866002,0.8163934459203439
0.20061323730526467,3.5492519818398174,10.0,0.7275818434394163,0.1272314587648551,0.8070621678288608
0.19335485764118862,3.5235875441472406,10.0,0.7280383149629706,0.12606193660153825,0.8077225801740225
0.1988953193784683,3.5686967851986084,10.0,0.7281767862014398,0.12611138522205537,0.8071849699301875
0.22862768253778043,4.5,2.0,0.7601831211943932,0.0760397917397492,0.7791560369298666
0.2230123284458525,4.5,2.0,0.7599334612398785,0.07607567669601703,0.7790228738414599
0.20863388528562324,4.5,2.0,0.7596784553434277,0.07645797564168871,0.7798290068001471
0.2413073753021535,3.0,4.0,0.7305861446250249,0.13348099047720652,0.7871552611443541
0.2250710810761509,4.5,4.0,0.7411033013604829,0.08524562277534742,0.7717866763338526
0.24433743257057833,3.0,4.0,0.7306006066054097,0.13400221153012687,0.7870096868613086
0.21289385520691345,3.657617697697883,4.0,0.7409738848883348,0.10262901913868024,0.7729219273525224
0.22753785299643636,4.5,4.0,0.7410930763140853,0.08553283973460507,0.771814180963267
0.1256320048334239,4.5,4.0,0.7512513750047523,0.08144874338079888,0.7950674048153795
0.1084465509865871,4.5,4.0,0.7534654033756524,0.08083788110007145,0.7997388862821786
0.11481616642355576,4.5,4.0,0.7526756114710819,0.08111026650691763,0.7981180628959624
0.21902555130777568,3.247304885430266,4.0,0.7339053649960965,0.1181815236603816,0.7771271891731297
0.12038856478323763,4.5,4.0,0.7519527616069317,0.08130196762919067,0.7965871504920756
0.1378954591544126,4.5,4.0,0.7495610890392389,0.08169580143376644,0.7912998251586263
0.13351034493194036,4.5,4.0,0.7501707359746976,0.08162010634985892,0.792673391539863
0.16271989856452065,4.5,4.0,0.7461649273166946,0.08202716571053814,0.7834409619859241
0.22451400655667453,3.1863570131976093,4.0,0.7328375055178804,0.12154883381663148,0.778691137727383
0.21275401816155562,3.5967927340495778,4.0,0.7399695024975389,0.10447876600741568,0.7727978881849067
0.2422131737826843,3.097721026119954,4.0,0.7314995079624368,0.12839198722940962,0.781428025517343
0.193992341678268,4.5,4.0,0.742671334561598,0.08287354050121826,0.7751962603132048
0.14609922856815644,4.5,4.0,0.748417856138256,0.0818128346134058,0.7886882732337748
0.14946124166264022,4.5,4.0,0.7479521386435501,0.08185542362747249,0.7876131178102228
0.1173738103400374,4.5,4.0,0.7523471092184715,0.08120322227949073,0.7974272812927183
0.12934245523753277,4.5,4.0,0.7507455864255034,0.08153593891619046,0.7939540186724766
0.17010114457317832,4.5,4.0,0.745226584095981,0.08214827633281159,0.7812291889635039
0.1857799229831772,4.5,4.0,0.7434483981029548,0.08254822155171729,0.7770240312563853
0.2324942543807866,3.145051700777087,4.0,0.7320968068659375,0.12453132752026971,0.7796695619213334
0.2282509887968726,3.2295415620773444,4.0,0.7333129491423012,0.12000234163355221,0.7766921328655525
0.22846219416797361,3.06205619326841,4.0,0.7313147541976416,0.1282313104161797,0.7844567938546055
0.23254516652774043,3.2290363063586405,4.0,0.7332247114195837,0.12058758528430559,0.7764106441934724
0.23275583537866218,3.30378662077728,4.0,0.7343734894322079,0.1173605270938167,0.7743346213480281
0.21851841065132746,3.3365273158718756,4.0,0.7352877647580006,0.11433936095288874,0.7747042997159908
0.17354712943447972,4.5,4.0,0.7448078953037808,0.08221668633295906,0.780239492868912
0.1781704166640819,4.5,4.0,0.7442690836306831,0.08232394277793942,0.7789646373295406
0.2169899055699822,3.657617697697883,4.0,0.740799500180426,0.10299154431170025,0.7725787227448186
0.21614310572401801,4.5,4.0,0.7412945814165557,0.0843418398002527,0.7720930739170433
0.22055834090692727,3.279789870107355,4.0,0.7343140942935856,0.1169164323889341,0.7759106000211785
0.2359671410701105,3.1192663996325907,4.0,0.7317442723287322,0.12630596200616606,0.7806282229644805
0.24265992223590316,3.047724131099904,4.0,0.7309883534023629,0.13108995638045248,0.7841070166550481
0.22951024306965265,3.396932109125043,4.0,0.7359701551330751,0.11318980322976975,0.7727802175107701
0.23327048677987117,3.511682027014528,4.0,0.737981546776316,0.10953517529261543,0.7719119297378699
0.1558944807504873,4.5,4.0,0.7470724765776471,0.08193530889606504,0.7855676903177939
0.223408867898102,3.269107795298364,4.0,0.7340414431725676,0.11768170747329022,0.7758996413048744
0.20424748810844345,4.5,4.0,0.741889664145145,0.08343205376573151,0.7733888280922897
0.23097973933436097,3.3921735943268114,4.0,0.735871410095307,0.113564429590649,0.7728002397889608
0.10494963873054561,4.5,4.0,0.7538791844714665,0.08066085110019948,0.8005608352603879
0.1436851459305829,4.5,4.0,0.7487537608225802,0.08178083224938076,0.7894599378759319
0.14076996646199058,4.5,4.0,0.7491602297671701,0.08173975837404585,0.7903890296099092
0.21893301018630493,3.4742123911637646,4.0,0.737586682794219,0.10914210244503128,0.7726280264085428
0.1054267058691509,4.5,4.0,0.7538236446696233,0.0806862350054739,0.800451771751297
0.1407668145567776,4.5,4.0,0.7491606694392762,0.08173971221987003,0.7903900316622663
0.178976050230504,4.5,6.0,0.7397428898442779,0.09084987840483855,0.7968349732468932
0.23961594956583565,4.5,6.0,0.7339261997866624,0.10156797665775816,0.7911016507990389
0.19880513376820713,4.5,6.0,0.7367654345484592,0.0933156476812232,0.7925780497587082
0.23597158909505295,3.0896228836682424,6.0,0.729803350867573,0.1423649828482029,0.7956967481913915
0.22900979981618902,3.215290920956807,6.0,0.7304918706490023,0.13444735576660005,0.7906189518774553
0.22825609554072065,3.157259796842557,6.0,0.730182836781944,0.1370340509501307,0.7929769714685725
0.2062075031898653,4.5,6.0,0.735880458241828,0.09445281151954535,0.7914644623875684
0.23405677965364743,3.1316976838205597,6.0,0.7299497359698162,0.13971691244365453,0.7937056683041478
0.2382988139308199,3.094228224980669,6.0,0.729804880065724,0.14274562336772414,0.79534137454137
0.19048512713290408,4.5,6.0,0.7379163655672477,0.09218754117225154,0.7941646286979006
0.23976205037934717,3.1757884590786807,6.0,0.73014249040574,0.13906668744525316,0.7916588986458929
0.2347774108813174,4.5,6.0,0.7339718888103666,0.10030532491570893,0.7905944172241146
0.2158296833751612,4.5,6.0,0.7349512556461291,0.09614484502582152,0.7905090208969947
0.18719507830106194,4.5,6.0,0.7384126548050428,0.09178070889503204,0.7948771239501681
0.22391229152570036,4.5,6.0,0.7343859817934957,0.0977754515079422,0.7901991773814403
0.22379262943998635,4.5,6.0,0.7343928144257673,0.09774981202974617,0.7902001905296707
0.2240407594782799,3.360898708938796,8.0,0.7293292350557449,0.1380172423900993,0.8059658196457835
0.2283747115515987,3.4448978256667875,8.0,0.7300243094570297,0.136159609781127,0.8049302124946937
0.24532788765958555,4.5,8.0,0.7333833196120819,0.11641563512320104,0.814433745853458
0.21633752470943937,3.5373104263048276,10.0,0.7257815353413805,0.13265002027332795,0.8064628789038331
0.22069837286282154,3.276746966953459,10.0,0.721661840041264,0.14406538204822347,0.8100487591250338
0.22436843129485484,3.1540633409183814,10.0,0.720558494122824,0.15105838385330764,0.8147814253767194
0.19717055446135828,3.6172743991237435,10.0,0.7293804897917311,0.12411398639838966,0.8074491910245808
0.1987689473788288,3.5222082187968144,10.0,0.7272944257754586,0.12759461532039837,0.8072577308696698
0.2285979576414801,3.227961417291778,10.0,0.7209425423132125,0.14927713597410747,0.8115870159647001
0.1985114118602229,3.412109588084874,10.0,0.7253730101707081,0.13141928056997457,0.8083328066789869
0.20563898352651103,3.538614671069457,10.0,0.7267978270479915,0.12908402263102103,0.8067672403149897
0.2292528291172087,3.2895636734805533,10.0,0.7215110710145668,0.14684755800569038,0.8096756401358279
0.2269147287146272,3.133243339876863,10.0,0.7204041576958092,0.15307808133135783,0.8157566938301208
0.1867138777560999,3.7434000366225866,10.0,0.7336713806762207,0.11778961760637556,0.8094622916673165
0.20763172720463294,3.4072457730727352,10.0,0.7243187269883942,0.1343342334289533,0.8076914264231737
0.20102334108062456,3.5980577597657577,10.0,0.7284882656268541,0.12580060414704655,0.8071044974023126
0.21896074884685057,3.408425306237049,10.0,0.7234562147788821,0.13813050887164194,0.8072565369143928
0.21435879023339738,3.278328307210759,10.0,0.7220447450191877,0.1417357001325477,0.8102643332357752
0.2077375442531873,3.273261033055189,10.0,0.7225004182764685,0.13976648524828508,0.8109027588883956
0.1888605294779671,3.740029515418258,10.0,0.7332358048772863,0.1184110691004108,0.8092201259547687
0.1889829569248165,3.6172743991237435,10.0,0.7305803172252612,0.1219484468818818,0.8081558738448198
0.23325406504749266,3.164500061208888,10.0,0.7204798111550705,0.15417317933423735,0.8142164213740741
0.21969681573043093,3.365526120817865,10.0,0.7227960437900142,0.14004801927643157,0.807921394533778
0.19055593970399995,3.7279553877319205,10.0,0.7326972072855511,0.11916690805387584,0.8089226312534294
0.23009970281625577,3.098650688937128,10.0,0.7202626804786819,0.15611188572618567,0.817582148094111
0.2230363451081918,4.5,2.0,0.7599343376583617,0.07607537545870405,0.779022873712221
0.22481277727830026,4.5,4.0,0.7411054769578524,0.08521652473520597,0.7717867117857304
0.2413522072531109,3.0,4.0,0.7305861451499404,0.13348846526707803,0.7871525707345678
0.24570109556018224,3.0,4.0,0.7306168310468064,0.1342475606876923,0.7869686474667302
0.2172408785312958,3.673345346292366,4.0,0.7410466227367116,0.10255122059705753,0.7726380911142169
0.14482880068698506,4.5,4.0,0.7485945135900011,0.0817961833779498,0.789094521085579
0.10717202816601457,4.5,4.0,0.7536179741075555,0.0807757511681218,0.8000444143306217
0.20752618248282145,4.5,4.0,0.7416898858385934,0.08365233384038886,0.7729391375798385
0.11457957156043157,4.5,4.0,0.7527056952395844,0.08110121765490674,0.7981808776053129
0.11907242957122689,4.5,4.0,0.7521258108313916,0.08126023974901636,0.7969572008446718
0.22156489764162918,3.240191274725892,4.0,0.7336895932660106,0.11875697824600168,0.7770335430126128
0.23583748585059072,3.110479314169294,4.0,0.7316451867531532,0.12672949532446914,0.7810661159023738
0.13668343101209668,4.5,4.0,0.7497299155914129,0.08167602150821614,0.7916816655397968
0.1662848717259443,4.5,4.0,0.7457052677070068,0.08208194986711459,0.7823588170411809
0.22720062207904548,3.284792992769771,4.0,0.7341654658167769,0.11744479935416022,0.7751106329253852
0.1651199485887512,4.5,4.0,0.7458542279528754,0.0820633729279042,0.7827098138524304
0.13380649405811998,4.5,4.0,0.750129686361607,0.08162559977301598,0.7925813787680149
0.1853207159819171,4.5,4.0,0.7434953529350458,0.08253276107146162,0.777134901420891
0.15658550606413862,4.5,4.0,0.7469792025870292,0.08194408710532977,0.7853498132222052
0.17943005917621976,4.5,4.0,0.7441272582621592,0.08235667184198928,0.7786290253870016
0.12192577937154161,4.5,4.0,0.7517490186991507,0.08134812055695648,0.7961488565956023
0.1036152619922704,4.5,4.0,0.7540329324768321,0.08058771022061953,0.8008605334902037
0.23413881975064882,3.0,4.0,0.7306652944685545,0.13237407832999135,0.7877835273585787
0.13981401948546138,4.5,4.0,0.7492935764730595,0.08172556534396042,0.7906926360299745
0.2345791776954609,3.0622391674831624,4.0,0.7311624040574857,0.1290431810906064,0.7837629756825227
0.12674415831550645,4.5,4.0,0.7511004824574992,0.08147621384169686,0.7947366638071678
0.23158611549038355,3.238160706504757,4.0,0.7333716797442805,0.12004677535418867,0.7761712364822684
0.21569437905947914,3.4397809865129023,4.0,0.7371341041825262,0.1100807221801555,0.7732949834854184
0.24233709227405248,3.05790207588867,4.0,0.7310831460188787,0.1304910473247953,0.7835351641076589
0.1300095760191801,4.5,4.0,0.7506539889163061,0.08155032688895786,0.793750992241384
0.1954256504796293,4.5,4.0,0.7425487387449523,0.082940671122393,0.774909799681962
0.215560469241775,3.4061812537554466,4.0,0.7365720537846916,0.11132412463520927,0.7737619302419456
0.11486181605362751,4.5,4.0,0.7526698008495177,0.08111200345908248,0.7981059214234797
0.21366323672887355,3.6101073849533374,4.0,0.7401501385917739,0.10413853236081917,0.7727180512200215
0.13118983505551307,4.5,4.0,0.7504915183494215,0.0815748950355641,0.7933898890887028
0.21552772000266893,3.421684192247795,4.0,0.736834809766804,0.11073674789468686,0.7735432819871085
0.23588553045261132,3.1203686078563275,4.0,0.7317577686917193,0.1262385680242843,0.7805802383670305
0.24180373461564456,3.030767197557873,4.0,0.730831312881479,0.13186195177687368,0.7851526140995528
0.14313610371004662,4.5,4.0,0.7488302682243783,0.08177332361258598,0.7896352193911912
0.15716383339254641,4.5,4.0,0.7469013563270978,0.08195149850595809,0.7851678414105985
0.14148184393139238,4.499999999999999,4.0,0.7490609310404673,0.08175007900477524,0.7901625526485614
0.19769539915871126,4.5,4.0,0.7423631324766864,0.0830538980433922,0.7744777025843024
0.22470271609581088,4.5,4.0,0.741106466896153,0.08520418186897258,0.7717868928088544
0.17290684380065616,4.5,4.0,0.7448846446861214,0.08220328934238802,0.7804209995910785
0.22108973338846646,3.578600036501226,4.0,0.7393283701314691,0.10583644684771894,0.7721098831926299
0.24163704575776765,3.042542364863645,4.0,0.7309348310124485,0.13119526612634297,0.7844495831753935
0.22586212362775573,3.5704568883419734,4.0,0.7390764653499369,0.1066275310168711,0.7719070381303825
0.23030356393073456,3.143080857093613,4.0,0.7321183187667742,0.12433441937025963,0.7799500368128179
0.12431688115221158,4.5,4.0,0.7514289226936063,0.08141468452515949,0.7954549338222489
0.21830599457035083,3.291575299122166,4.0,0.7345943659941715,0.11618819949826961,0.7758600878314537
0.23957727517338512,4.5,6.0,0.7339262082263919,0.10155753376765787,0.7910967364095642
0.2325104773929405,3.0736314258713575,6.0,0.7298219062725568,0.1423213785509729,0.7968310992821916
0.1744932061034967,4.5,6.0,0.7405172747002029,0.09038794869516083,0.7979940032784617
0.18100845317283862,4.5,6.0,0.7394026601570107,0.09106943549559107,0.796329269291029
0.228622405174179,4.5,6.0,0.734155498926832,0.09882226467392193,0.7902497168724476
0.1861114910480337,4.5,6.0,0.7385808474241301,0.09165121256802222,0.7951212924756683
0.24096973704679372,3.1737323408811386,6.0,0.730142255190573,0.13950293745472775,0.7917377595815662
0.17942518738062121,4.5,6.0,0.7396670985653773,0.09089783196887216,0.7967220955904617
0.18842964900981568,4.5,6.0,0.7382238520441994,0.09193092649780824,0.7946045714542034
0.2313403605906325,3.13200183598838,6.0,0.7299971402644606,0.13902320788762473,0.7938763595928935
0.22497664384415322,3.172011391898086,6.0,0.7303686884384141,0.13556957264653427,0.7926589344931896
0.23811760712551144,3.051449036519444,6.0,0.7297407984902969,0.14496505280849162,0.7977252087083941
0.19570598575588344,4.5,6.0,0.7371758653163822,0.09287794163669763,0.7931305826065488
0.23497480034543144,3.334865845130979,8.0,0.7288364331616439,0.14270437749152365,0.8063646416613485
0.22431720211379427,3.366366651879245,8.0,0.729368453539958,0.13788410718042127,0.8058657923498483
0.23035819086250078,3.448087952862875,8.0,0.7300062755647401,0.13669788415421144,0.8049379387860404
0.2319013062893002,3.06826464789485,10.0,0.7202270652235744,0.1584425335987801,0.8193779145762516
0.21640566210546996,3.5365855073192636,10.0,0.7257632793469917,0.1326978651013186,0.8064626793281343
0.1940290381340759,3.6879146580784212,10.0,0.7313014478675083,0.12118617996803799,0.808203306200132
0.19070329554246648,3.7599757867656884,10.0,0.7333627928001526,0.11834748394150979,0.8093188044529364
0.19680718411011666,3.6242458721686366,10.0,0.729573057781658,0.12380215050255909,0.8075112777279163
0.2314852415519088,3.206484725941775,10.0,0.7207413536105252,0.15144789729139085,0.8124261577594681
0.21186558548801263,3.317464701562788,10.0,0.7226846323474241,0.13924683474958788,0.8092818679947478
0.21437770225291725,3.2582487132569025,10.0,0.7218321703554996,0.14261160389186534,0.8109246447139576
0.21494624712124086,3.1571470498513774,10.0,0.7210003949322383,0.1474577635310232,0.8151826837140745
0.21228616411143403,3.5824681421380413,10.0,0.726958056835515,0.129806377034894,0.8065845067543095
0.22138599387495866,3.3570411149136263,10.0,0.7225925197586046,0.14100662027471855,0.8080635867862276
0.19040767209577628,3.64084213690656,10.0,0.7308561857008852,0.12160264068141109,0.8081414127034559
0.2283339475749804,3.0901583308323124,10.0,0.7202683712227265,0.15582566285532973,0.8181209225925223
0.20872570491829776,3.438382505009821,10.0,0.7247159413918937,0.13352935432584728,0.8072170459850397
0.20979018585823653,3.6289032749197436,10.0,0.7280969737882592,0.12755546340750484,0.8068759719960885
0.20896428115597707,3.6383284129327365,10.0,0.728368568968969,0.12700709841956193,0.8069641054146902
0.21909986725878172,3.4268424718131407,10.0,0.7237292848007131,0.13749441706985918,0.8070336040240822
0.21278147181141582,3.188160478118254,10.0,0.7213338503758305,0.14524190818191654,0.8138563490198917
0.19928663905497823,3.6234150037840043,10.0,0.7292216688445784,0.12452405271304555,0.807331041970902
0.21306706032520048,3.2301542615818857,10.0,0.7216524771535524,0.14341047890458014,0.8120455664776691
0.22301841632770025,4.5,2.0,0.759933683247695,0.07607560022038026,0.7790228733563836
0.22861750109238133,4.5,2.0,0.7601825852416293,0.07603979201642497,0.7791555478174538
0.20871822183952082,4.5,2.0,0.7596784870649352,0.07645466565174742,0.7798198880784561
0.2412125558090663,3.0,4.0,0.7305861643799242,0.13346520450694066,0.7871610037171966
0.224960630277433,4.5,4.0,0.7411042062713527,0.08523315803050746,0.7717866245883456
0.22759103573591546,4.5,4.0,0.7410930685181748,0.08553922045170921,0.7718153355721746
0.111869445135934,4.5,4.0,0.7530463500234318,0.08099185491938496,0.7988865138493287
0.22790556707879298,3.292816797847537,4.0,0.7342739605576547,0.1171891670988794,0.7748498011865258
0.15224430090295718,4.5,4.0,0.7475693554618131,0.08188985124806157,0.7867252440565271
0.16216992228850183,4.5,4.0,0.7462368046277001,0.08201921877465626,0.7836099065764384
0.21404507787805274,3.400286941906474,4.0,0.7365510593239544,0.11141545362145144,0.7740467710738472
0.10583270213201165,4.5,4.0,0.7537761465763596,0.08070752476294621,0.8003581752759246
0.22861569744814894,3.1368982691916933,4.0,0.7320894614346497,0.12442259506445416,0.7804113021470175
0.13934896160699428,4.5,4.0,0.7493584408312417,0.0817185133523621,0.7908400975314486
0.18901060012455959,4.5,4.0,0.7431281812184224,0.08266479256518877,0.776268932412088
0.23442577900047265,3.398071001278498,4.0,0.7359602206610061,0.11381413881949129,0.7726889275573688
0.20493614928145673,4.5,4.0,0.7418455675096243,0.08347652265591916,0.7732888811256133
0.23133016678233223,3.2054128405484446,4.0,0.732906739421934,0.12150186153990065,0.7773008042090223
0.23231092744969367,3.271816106313375,4.0,0.7338714585101964,0.11866298718118734,0.7751476235376968
0.11499478218385911,4.5,4.0,0.7526528647010741,0.0811170462960709,0.798070516417219
0.22010385731635917,3.5573688094555953,4.0,0.7389914155895618,0.10642288845238877,0.7721758524646222
0.2412916771322051,3.025010061629679,4.0,0.7307812245152486,0.13209099552313755,0.7855341373075769
0.21232321819286987,3.572928061659542,4.0,0.7395862309273201,0.10520392200981904,0.7728531685470739
0.2364597604649956,3.261264810727709,4.0,0.733685954596876,0.1197179443344572,0.7753084433815998
0.21903486505351427,3.4798935807732074,4.0,0.7376813433555147,0.10895091021053122,0.7725756888736987
0.2261438065197457,3.0937881749198706,4.0,0.7317013278333635,0.12629358535204827,0.7829351549058701
0.22414537275980356,3.1666944670885933,4.0,0.7326015244169007,0.12244155267434614,0.7795754264996575
0.18570769697602127,4.5,4.0,0.7434557601804981,0.08254577214887038,0.7770414125908935
0.17537545383458936,4.5,4.0,0.7445915119812684,0.0822568136467106,0.7797276122564808
0.14866208677195,4.5,4.0,0.7480625577249258,0.0818454451612842,0.7878685563230194
0.1174825706053235,4.5,4.0,0.7523330117848025,0.08120698297631623,0.7973974450859144
0.1668167176628587,4.5,4.0,0.7456376835505875,0.08209067223206915,0.782199477998264
0.10443746996344311,4.5,4.0,0.7539384781418258,0.08063315332589391,0.8006768078608641
0.1319593555398174,4.5,4.0,0.7503853253213062,0.0815903276157268,0.7931532052824425
0.13302760479471357,4.5,4.0,0.7502375997943873,0.08161102189007441,0.7928231123968938
0.13578103873872174,4.5,4.0,0.7498554787262011,0.08166075533346297,0.7919649457055216
0.12738170070765845,4.5,4.0,0.7510136956585385,0.08149143231007544,0.7945458776684795
0.23236256535639552,3.0,4.0,0.7307083749780734,0.13212603856787608,0.7879975630967082
0.22024782923574376,3.5400793504581785,4.0,0.7386862203550236,0.10700838497108979,0.7721948839919776
0.12428434955999586,4.5,4.0,0.7514333018169099,0.08141381972164913,0.7954644689870796
0.16837216304902214,4.5,4.0,0.7454416149262242,0.08211711514688386,0.7817369261667718
0.23833802273777446,3.090750479103341,4.0,0.7314119284300635,0.12811796626935704,0.781922595899091
0.24567979790963557,3.0323825039183685,4.0,0.7308838425112396,0.132453513067843,0.7849410679401623
0.21821004819971312,3.512751369009529,4.0,0.7382840028278341,0.10772822008911942,0.7724484034349796
0.21417151055798866,3.4052795307008594,4.0,0.7366276949331116,0.11123605274137136,0.773951225835098
0.22027952913799775,3.501162755089171,4.0,0.7380065766602448,0.10833242049672284,0.7723396911004188
0.12915955982862087,4.5,4.0,0.7507706667403503,0.08153192915562849,0.7940095378001342
0.22861430317735387,3.0604802649324445,4.0,0.7312954760886815,0.12833388497856948,0.7845317651645716
0.22960221371805184,3.2084185702953816,6.0,0.7304315345457946,0.13490729617461605,0.7908223087411651
0.23956939393434462,4.5,6.0,0.7339262106622212,0.10155540637309356,0.7910957366642741
0.18979639210954818,4.5,6.0,0.7380184263813506,0.09210063473663826,0.7943100724310915
0.24028101169924118,3.175960728682793,6.0,0.7301477031173763,0.1392025963564649,0.7916514496142792
0.18245039178809386,4.5,6.0,0.7391656277144522,0.09122928787206716,0.7959786620806125
0.2297411958099038,3.1643540406716797,6.0,0.7301758082629833,0.13703878316575016,0.792542939621513
0.22030599365341846,4.499999999999999,6.0,0.7346125160161677,0.09702287234725045,0.7902778583548585
0.23972189119822776,3.1341711651363635,6.0,0.7299398333633536,0.1410980468901927,0.7933779840539703
0.19896363094027558,4.5,6.0,0.7367450545484332,0.09333861855979175,0.7925510958313652
0.18456436491910358,4.5,6.0,0.7388249110906774,0.09147002965125768,0.795477654121631
0.22719236627069705,4.5,6.0,0.7342174474552269,0.09849658932438943,0.7902154498725347
0.1997529635129912,4.5,6.0,0.7366444629458965,0.09345388348103789,0.7924188046100907
0.21527713597325657,4.5,6.0,0.734997341965686,0.09604062213007498,0.7905473883226671
0.17383803384924326,4.5,6.0,0.740633063442205,0.09032286149274696,0.7981680002462463
0.19895819276569862,3.656084773122226,10.0,0.7299342903422626,0.12346003889818256,0.8075693735914192
0.19012818186862376,3.646789430898949,10.0,0.7310255673043171,0.1213554853003462,0.8082045538534796
0.23119901364710482,3.2680185119135254,10.0,0.7212628676258703,0.14857618164930253,0.8103340523641904
0.222313019441042,3.147123240975503,10.0,0.7205934562945485,0.15061026306742234,0.8152139929224437
0.17868041402532117,3.6388998575081923,10.0,0.7327741386659828,0.11886784215079219,0.8093554942850848
0.2328254223191523,3.1357739901043016,10.0,0.720354021107278,0.15538933837028715,0.8155759571149709
0.18760639265492843,3.419970045703012,10.0,0.7269473685850585,0.12823730855863605,0.8093820641197559
0.21264990619834925,3.1739989987612067,10.0,0.7212471034246272,0.14586586950974353,0.81453777141917
0.18606842549742977,3.492080592253806,10.0,0.728495895793799,0.12528078783139068,0.8086798593951795
0.2024132116067873,3.267469693134192,10.0,0.7229348518058212,0.13838067910634044,0.8116135468152413
0.18419658989632298,3.6440944136186144,10.0,0.7319298116632016,0.11997724639072642,0.8087760742899481
0.19120974821797868,3.4679430661046187,10.0,0.7272892485410656,0.12741160123268172,0.8083340134778605
0.2285539296441923,3.1522129287539786,10.0,0.7204545238030219,0.15280708869281878,0.8147721899112637
0.21303054221983142,3.2239281802150415,10.0,0.7215998705238559,0.14367894180638496,0.8122950617532622
0.22438446193962766,3.1000543814665136,10.0,0.7203677234749185,0.1537532749138601,0.8176925296452425
0.19864779127025736,3.2766203439343555,10.0,0.7234369886621407,0.136892031039589,0.8117098367623675
0.20831931680005608,3.526573004129965,10.0,0.7262947815028992,0.13032365450242775,0.8066606326609322
0.19112858308635292,3.5084911690324776,10.0,0.7280616406041385,0.1259868676278196,0.8080161676203168
0.22863094372002857,4.5,2.0,0.7601832929289887,0.07603979170243813,0.7791561937902711
0.2230203332239569,4.5,2.0,0.7599337531728118,0.07607557615677871,0.7790228732672306
0.2085136364290557,4.5,2.0,0.7596784378007074,0.07646271465093454,0.7798420918225284
0.24133652103133274,3.0,4.0,0.7305861442455353,0.1334858491165331,0.7871535102714464
0.22496481748289154,4.5,4.0,0.7411041712742494,0.08523362995967776,0.7717866247259254
0.21613292883634128,3.672559207391471,4.0,0.741075888448048,0.10247140782606232,0.772712894637329
0.10170715156902065,4.5,4.0,0.7542485520439665,0.08047749712511403,0.8012749766031754
0.22353392339259068,3.145184116548632,4.0,0.732366731642991,0.12341594604453145,0.7806460359347619
0.22356416728055056,3.2522298161077923,4.0,0.7337854905687744,0.11843820814710318,0.7764021690187691
0.1597001046595705,4.5,4.0,0.7465624666274747,0.08198488697674397,0.7843743290773292
0.2184784250885428,3.586310400084284,4.0,0.7395463131407217,0.10532689516217472,0.7722830445854689
0.10873827845627274,4.5,4.0,0.7534302080163416,0.08085172702878721,0.7996680237222487
0.11259432040605621,4.5,4.0,0.752955966093265,0.08102215515034888,0.7987003364850923
0.2277676303490429,3.1736951072678856,4.0,0.7325660043228204,0.12253290730195425,0.7788523187609336
0.14269573049549591,4.5,4.0,0.748891653699072,0.08176723017693543,0.7897757233586943
0.21654840608970313,3.4792101179653954,4.0,0.7377718653173797,0.1087374701045777,0.7728164835842295
0.2366946508494128,3.0883008597013824,4.0,0.731395740402632,0.12799177699719788,0.7821485870053506
0.12155833439090706,4.5,4.0,0.751797872706982,0.08133733504098806,0.7962542007875548
0.13126388771249345,4.5,4.0,0.7504813078034251,0.08157639984602008,0.7933671541603936
0.24582773111448375,3.103268725119082,4.0,0.7316182963179805,0.12874601721180115,0.7811452706141163
0.13354911761344387,4.5,4.0,0.750165362922734,0.0816208289784087,0.7926613519165184
0.17529649938945707,4.5,4.0,0.7446007693964611,0.08225502142062839,0.7797495154392657
0.15458432866940522,4.5,4.0,0.7472500491635808,0.08191885497251974,0.7859819859682626
0.11868155806151917,4.5,4.0,0.7521769431740782,0.08124744056828712,0.7970661366555076
0.22201680477235505,3.33154908387955,4.0,0.7350649763222319,0.11489891143941929,0.77443040967466
0.18605075553113046,4.5,4.0,0.7434208692961638,0.0825574656120365,0.7769590448272419
0.1406238375040357,4.5,4.0,0.7491806139437935,0.08173761420566492,0.7904354801004106
0.13693943946239037,4.5,4.0,0.7496942708835762,0.08168026690470678,0.7916011368170569
0.216717337236908,3.3987517022314804,4.0,0.7363919120749741,0.11171295034155856,0.7737381307983651
0.221840686813465,3.1814198426063953,4.0,0.7328827697712961,0.12148858025105648,0.7792456694720743
0.22625218192070734,3.390261815923887,4.0,0.7359143660636875,0.11304408125071568,0.773023098884062
0.16544855848010417,4.5,4.0,0.7458120814581565,0.08206854218588149,0.7826105320136283
0.1538037833121223,4.5,4.0,0.7473562671743341,0.08190914159457206,0.7862294838071908
0.1273799463160956,4.5,4.0,0.7510139347543787,0.08149139094857918,0.7945464038290311
0.19883851224823895,4.5,4.0,0.7422737324528961,0.08311425313739731,0.7742704117035368
0.13767715684263734,4.5,4.0,0.7495915095810843,0.08169229756118676,0.7913687075000998
0.2114710341707773,3.435644621805266,4.0,0.7372864193900064,0.10987401758352432,0.7738830297768793
0.22333307967117763,3.2262029389454785,4.0,0.733420902369772,0.11957678748843137,0.777305941359361
0.17006948540194675,4.5,4.0,0.7452304928658074,0.0821476879191603,0.781238422268843
0.21636401644571426,3.625320001072391,4.0,0.740288038513565,0.10390823568991159,0.772509402504144
0.14760939461623762,4.5,4.0,0.7482082950338027,0.08183218137188422,0.7882052071227194
0.22679974267908848,3.2957177952816004,4.0,0.7343461591823655,0.11693148752272296,0.7748574866356661
0.19175199929228265,4.5,4.0,0.7428710140940785,0.08277508224371352,0.7756642449872218
0.22357011457494633,3.5337842119538525,4.0,0.7384811141986573,0.10757244955123799,0.7720152317228343
0.23098322187046455,3.421959772961705,4.0,0.7363902934614821,0.11243462881755163,0.7724494630471533
0.22794269632546296,3.218904935129399,4.0,0.7331696705211561,0.12044677217984243,0.7770866116327301
0.19137129836125225,4.5,4.0,0.7429058973915387,0.08275911044061775,0.7757461515051728
0.21481885997638744,3.339652933894327,4.0,0.7355204904227118,0.11387011479931294,0.7751163504725419
0.20047509720796733,4.5,6.0,0.7365537635775192,0.09356061251162219,0.7923006411635874
0.23943971785207485,4.5,6.0,0.7339262855276268,0.10152043691392618,0.7910793711744359
0.22968150627674197,4.5,6.0,0.7341142247815522,0.09906797134981345,0.7902859964533986
0.17556843181866366,4.5,6.0,0.7403286543396478,0.09049606579036151,0.7977108843595169
0.21069994877180778,4.5,6.0,0.7354138327574096,0.09521099473504488,0.7909443598287961
0.20667565255659737,4.5,6.0,0.7358292568806569,0.09452932853249235,0.7914045137796633
0.24056841008075008,3.1386906576506948,6.0,0.729965095306428,0.14110799335769939,0.7931679013450547
0.239324707160967,3.0774078690403823,6.0,0.7297712296966331,0.14390703272518454,0.7961942603356642
0.23304021470487846,3.2152877416428556,6.0,0.7304103078857526,0.13542911769852156,0.7903932840101252
0.23620788251853606,4.499999999999999,6.0,0.7339491129191066,0.10066951395973123,0.7907220760741218
0.19262894401975844,4.5,6.0,0.7376050934110187,0.09246415992257752,0.793725056996029
0.18277406997210252,4.5,6.0,0.7391129297924548,0.09126564988038274,0.7959009305309535
0.22627943507007633,3.3471101151271756,8.0,0.7291181551549261,0.13927772570963304,0.80613671803842
0.2174255156474499,3.5338614977889047,10.0,0.725638564335581,0.13314813251849644,0.8064624091692792
0.18780387435586574,3.526018337974056,10.0,0.7288936305482667,0.12455647765345315,0.8082748108284488
0.20873696511527412,3.2350740340168422,10.0,0.722024578308538,0.14176183169833917,0.8122045754497458
0.21255233581779595,3.4182995159897196,10.0,0.7240602592626307,0.1355250418582304,0.8072852770928397
0.18775655468504956,3.6716547070831984,10.0,0.7319358964977237,0.12003618888579358,0.8086108941148554
0.2235547102376272,3.4369768217197643,10.0,0.723647663503885,0.1387808820620291,0.8069648096846411
0.20187995189271743,3.5782233614075354,10.0,0.7279904557697181,0.1266724588098372,0.8069964057614044
0.20758410780669465,3.398805995049862,10.0,0.7241920295925957,0.1346381114442829,0.807826901277923
0.1886411446889792,3.7265556242004623,10.0,0.7329798900871697,0.11872052590893953,0.8090768870714591
0.2326485235167103,3.08909347518001,10.0,0.7202402262234562,0.15767232475781096,0.8181087899198873
0.1917814522639324,3.3305415970205945,10.0,0.7249617561833671,0.13277164791230706,0.8108470529906059
0.21595846409715583,3.196450797266402,10.0,0.7211924743290772,0.14594736425016624,0.8132434352059171
0.22389776079248574,3.226065966310206,10.0,0.7210519958254911,0.14750568023992555,0.8116879054988089
0.18819768058074163,3.758505139823811,10.0,0.7337480181467597,0.11775368484045032,0.8095202778459707
0.19281830679070416,3.7420992081629034,10.0,0.7326404126206468,0.11937221769935505,0.80890869450078
0.22299460115315992,4.5,2.0,0.7599328153626925,0.07607589983490012,0.779022877003173
0.20857568641073027,4.5,2.0,0.759678442792003,0.07646026639293578,0.7798353275532229
0.22486681504085124,4.5,4.0,0.7411050046724341,0.08522259697135215,0.7717866591650582
0.24127867705236877,3.0,4.0,0.7305861476149199,0.13347620934191257,0.7871569917014397
0.11877203577490955,4.5,4.0,0.7521651181031004,0.08125042012243994,0.7970409605449007
0.21627418437233978,3.340115630178278,4.0,0.7354522080497223,0.11398185695254699,0.7749072307820294
0.15413769260222399,4.5,4.0,0.7473107908652293,0.0819132903540642,0.7861235497450664
0.1720055346096241,4.5,4.0,0.7449935072655459,0.08218497796443651,0.7806783916612898
0.1038321058467691,4.5,4.0,0.7540081102400903,0.0805998130986898,0.800812374633846
0.12457380513565827,4.5,4.0,0.7513943156168754,0.0814214761336732,0.7953795403625129
0.1965463730082495,4.5,4.0,0.7424557653004529,0.08299549770748221,0.7746930884394302
0.22940490478048958,3.440493159247951,4.0,0.7367314367077031,0.1115421136179668,0.7723056703228228
0.23431153197540064,3.0358826892852884,4.0,0.7309332563200713,0.1304179715302525,0.7853854919490392
0.15960294001235284,4.5,4.0,0.7465753698907367,0.08198357682006627,0.7844045801375478
0.2299225039002694,3.623399504030229,4.0,0.7399546079274236,0.1054605378326362,0.7720275878333791
0.10813053312297816,4.5,4.0,0.7535034155309138,0.08082272579455013,0.7998152615442492
0.1473660252075242,4.5,4.0,0.7482420300823217,0.08182909146250807,0.7882830530057936
0.1492247002816535,4.5,4.0,0.7479848006072622,0.08185247692584552,0.787688709353157
0.2171743047931812,3.4798913050248155,4.0,0.7377564405311645,0.10877171155052551,0.7727483350243622
0.23005609076927933,3.4852983447586077,4.0,0.7375185840797028,0.11001671958906589,0.771989819609815
0.2155591168610877,3.5367528658883898,4.0,0.7388106150057981,0.1066696537497505,0.7725959502321395
0.11522342983916456,4.5,4.0,0.7526237024953326,0.08112566077275421,0.7980094959361456
0.1652046969494012,4.5,4.0,0.745843348996315,0.08206470087349538,0.7826841891816116
0.1444886357145067,4.5,4.0,0.7486418606903331,0.08179165592840308,0.7892032461328781
0.1320250964162232,4.5,4.0,0.7503762441891626,0.08159162529417541,0.7931329414514157
0.1139039186143917,4.5,4.0,0.7527913097320977,0.08107494359441578,0.7983592099931504
0.2273322123783157,3.2339762268897116,4.0,0.7334006254531996,0.11968950338894803,0.7766230469230632
0.19001361778505976,4.5,4.0,0.743032494108786,0.08270388768887461,0.7760437216703225
0.22820996606221294,3.5515511048413297,4.0,0.7387120476199571,0.10752825699530916,0.7718556332482733
0.2336622628336125,3.099383911599604,4.0,0.7315521272546295,0.1269793423761939,0.7817938378544914
0.18051504297369314,4.5,4.0,0.7440069154277658,0.08238617740194032,0.7783442854158051
0.1291484110858138,4.5,4.0,0.7507721951064601,0.08153168381389991,0.7940129200691168
0.12551278948787456,4.5,4.0,0.7512675101364946,0.0814457274028974,0.7951026967840972
0.24355057142939854,3.110122017773113,4.0,0.7316575116315162,0.12799099679470946,0.7808113357569577
0.16353803595338667,4.5,4.0,0.7460584617892537,0.08203921786107085,0.7831905774923669
0.13665261232246162,4.5,4.0,0.7497342059332234,0.0816755079372006,0.791691355010501
0.13980089469859616,4.5,4.0,0.7492954071657703,0.08172536768131608,0.7906967999165844
0.11042913224199993,4.5,4.0,0.7532242781180246,0.08092929454476369,0.7992506735354251
0.2341435179021549,3.4427879624142532,4.0,0.7367499027807181,0.1120989410907317,0.7722519704763102
0.24261910771066433,3.190958808362079,4.0,0.7326929650240623,0.12389208440028261,0.7774880530006897
0.23012938124344295,3.325250262678415,4.0,0.7347528953013911,0.11611608017761227,0.7739690280790353
0.1401278304953209,4.5,4.0,0.7492498037145577,0.08173026843768107,0.79059304077886
0.2399783400355304,3.313842757659068,4.0,0.7345603245151434,0.11802393210859179,0.7740942008451841
0.23390659153547033,3.186571098046713,4.0,0.7326114665297596,0.12273556882914737,0.777842381187687
0.23074304416568853,3.3375284207863833,4.0,0.7349469924635887,0.1156946915287353,0.773695792628315
0.23795869188591956,3.1427036430420197,4.0,0.7320156755469636,0.12544546127670259,0.7794507531246704
0.24529615207605626,3.1338606615086473,4.0,0.7319780595775547,0.12711326004358647,0.7797541808659256
0.1806650886636585,4.5,6.0,0.7394596428506586,0.09103187631192423,0.7964137770029699
0.17683372917330578,4.5,6.0,0.7401089809014881,0.0906254202638494,0.7973817460395775
0.22856512495124187,4.5,6.0,0.7341578434440424,0.09880908582520265,0.7902480206941989
0.2031860259421476,4.5,6.0,0.736224842233532,0.09397241403734116,0.791882168620611
0.23893836145317968,3.06078092290403,6.0,0.7297476463783359,0.14468575990540816,0.7971392870623082
0.24250750255179096,3.213403363732459,6.0,0.7304132958315059,0.13806399279792292,0.790383816670368
0.1894500775022857,4.5,6.0,0.7380701167760036,0.09205728914064262,0.7943839617257926
0.21207588923859677,4.5,6.0,0.7352822200695205,0.09545416283281843,0.7908104690594322
0.1857098202144626,4.499996978249213,6.0,0.7386438431153526,0.09160381472547302,0.7952130095297267
0.23942011160622048,3.199326202923331,6.0,0.7302816013802685,0.1378524482793086,0.7908052404115172
0.22610977765987447,3.4375897093207417,8.0,0.7300209185864551,0.1357010557121538,0.8049846389533892
0.22610221890452714,3.4830442199564478,8.0,0.7305331398705998,0.13404410225761454,0.8047391695203175
0.2237275034395439,3.3592224225783753,8.0,0.7293272186612174,0.13798776084992875,0.8060061761585894
0.1959094876024765,3.5627185330114433,10.0,0.7284536274612913,0.12546968166946565,0.807416461864648
0.17833668632733393,3.5107747764729473,10.0,0.7301109662210628,0.12285345040534033,0.8094655179953598
0.2134838894998103,3.558760995442212,10.0,0.7264065138996232,0.13096572032386425,0.8065056114320546
0.23109817242453082,3.0968488716424933,10.0,0.7202534280524058,0.15661926531689363,0.8176712693530926
0.2108209646024116,3.6180156650407276,10.0,0.7277805019120797,0.12822079663137947,0.806782639567672
0.21068972263791658,3.6120718337241593,10.0,0.7276780478568621,0.12835901906601582,0.8067506071618904
0.19717748573765578,3.3371074332885238,10.0,0.7243861988811235,0.13396055801559897,0.8100379943699784
0.21969753707896358,3.3613824337078135,10.0,0.72273937908529,0.14021144257999854,0.807998354136911
0.23141968920254133,3.214758655549561,10.0,0.7208021419463297,0.1510405910759187,0.8121106891668008
0.21600679182264337,3.392220562130084,10.0,0.7234052498224302,0.13769324364986563,0.8075439926982526
0.19086607630664065,3.664001245326799,10.0,0.7312766130290091,0.12104148655856496,0.808260846079111
0.23296613923077703,3.2835939990520253,10.0,0.721404048799806,0.14865146551035555,0.8099696650354977
0.17561990089859553,3.660896329647557,10.0,0.7338228412215427,0.11755731992260017,0.8098418143628104
0.2294674362187471,3.1104696058358705,10.0,0.7202937140279968,0.15525001845165673,0.8169255098404603
0.21409583703042143,3.189523135373636,10.0,0.7212568443496934,0.14562504228788253,0.8136883211307356
0.22297679839044285,4.5,2.0,0.7599321676151342,0.07607612459721222,0.7790228827986728
0.20854092912985456,4.5,2.0,0.7596784389299117,0.0764616370313653,0.7798391133466489
0.22498366698961864,4.5,4.0,0.7411040144029997,0.08523575503527686,0.7717866271247686
0.24132278367140148,3.0,4.0,0.7305861440907468,0.1334835587058988,0.7871543346792342
0.2143257089963328,3.668850351876379,4.0,0.7410909647265714,0.10241906617023312,0.7728401065507646
0.22758748036033458,4.5,4.0,0.74109306875665,0.08553879363679348,0.771815257637016
0.22131131580305508,3.1789778010639624,4.0,0.7328755950745961,0.12154852415624431,0.7794249762302493
0.14015435316021127,4.5,4.0,0.7492461040388404,0.08173066393167144,0.7905846199430164
0.10149227277662762,4.5,4.0,0.754272511790485,0.08046466109106613,0.8013205801566092
0.14290485470732142,4.5,4.0,0.7488625009213038,0.08177013193477009,0.7897090110003303
0.10868391568018476,4.5,4.0,0.7534367741905842,0.0808491573409453,0.799681254721886
0.12870789784894748,4.5,4.0,0.7508325420425346,0.08152190446771845,0.7941463747683092
0.23363849660640318,3.2504622716012097,4.0,0.73353132699482,0.11978231414856488,0.7756938720028259
0.23677816740799415,3.1700991491437573,4.0,0.7323703343339134,0.12393769399092494,0.7783496962730501
0.1476624333527142,4.5,4.0,0.7482009449986673,0.08183285350270303,0.7881882423139098
0.22303435942118854,3.2389536425478314,4.0,0.7336129522749161,0.11897001107997032,0.7768982839279399
0.20067589951735498,4.5,4.0,0.7421359342408985,0.08321612036486958,0.7739522199206423
0.22552528819455053,3.1155742713988674,4.0,0.7319529193274561,0.12511240359412518,0.7818493258656591
0.12503305571449427,4.5,4.0,0.7513323590313612,0.08143344812902027,0.7952443907932403
0.13590915905693596,4.5,4.0,0.7498376596052594,0.08166295207971055,0.7919247820562754
0.2248840787496576,4.5,4.0,0.7411048556996706,0.08522453858557076,0.7717866473910444
0.1143111029158704,4.5,4.0,0.7527397668887074,0.0810908548618702,0.7982519246222349
0.11644570924516373,4.5,4.0,0.7524669928535883,0.08117050283303734,0.7976803827348393
0.22105098808078932,3.324846483613437,4.0,0.7349941566767099,0.11507204496522352,0.7746820569420076
0.22448440150970622,3.3780256223251817,4.0,0.7357517646675843,0.1133137327983305,0.7733276376761534
0.22686083501293505,3.5266492850982316,4.0,0.7382898560207404,0.10819308741942285,0.7719082872942242
0.1819626513837328,4.5,4.0,0.7438490560325187,0.08242752596259402,0.7779708728148069
0.15284063184553345,4.5,4.0,0.7474877416091255,0.08189721563716768,0.7865354870675709
0.13152111581887718,4.5,4.0,0.7504458260852672,0.08158159410295565,0.7932881128691947
0.1713419704964087,4.5,4.0,0.7450742568277342,0.08217189127713087,0.7808692626411073
0.21257022078767857,3.498220542352113,4.0,0.7382926450222821,0.10772377654356957,0.7731215824784645
0.22721766264233084,3.3217330410903263,4.0,0.7347509518048233,0.11589471872666741,0.774210931800723
0.15493363165032206,4.5,4.0,0.7472026161155125,0.08192322105024222,0.78587138426097
0.22786594611468292,3.1406683246151514,4.0,0.732156164207216,0.12414367769606063,0.7803153855743077
0.12362379752154207,4.5,4.0,0.75152208045025,0.08139602125490672,0.7956575317332324
0.17472114385656376,4.5,4.0,0.7446684694265593,0.08224212571466795,0.7799096859639651
0.16627781690965732,4.5,4.0,0.7457061660075494,0.08208183521002835,0.7823609345426592
0.1214469011312403,4.5,4.0,0.7518126698101256,0.08133403391327695,0.796286077302189
0.1875335654083107,4.5,4.0,0.7432723458571907,0.08260976645754003,0.776608643508301
0.11931707442340236,4.5,4.0,0.752093745571769,0.0812681549016673,0.7968887909819523
0.23775217426513667,3.0,4.0,0.7306059983967709,0.13291037861848468,0.7874184474784924
0.2295673668083572,3.272743995658885,4.0,0.7339271994555325,0.11825886938546191,0.77527066391762
0.22019209852576768,3.548665008379932,4.0,0.738837398018461,0.10671803023854884,0.7721817528904141
0.24062480523182223,3.0245723260551856,4.0,0.7307772500968737,0.13200466930992072,0.7855977481439089
0.23834763134979486,3.041265792758278,4.0,0.7309279215773314,0.13073087486208268,0.7847098996127212
0.22035683365522096,3.2823880761015998,4.0,0.7343620003467118,0.11678423282300714,0.7758602119273671
0.23840343592515703,3.078772404364321,4.0,0.7312859701133141,0.12874920644026897,0.7825551237460582
0.22018914541656712,3.5631151212221113,4.0,0.7390882597352649,0.1062439667723002,0.772165367326454
0.2395401275045763,4.5,6.0,0.7339262218283524,0.1015475085272201,0.791092029306951
0.22166540480488894,4.5,6.0,0.7345221545120306,0.09730171211966025,0.7902366168867487
0.18925806287830826,4.5,6.0,0.7380988829264085,0.09203335720437865,0.7944251456106158
0.23181752444250284,3.1770468367888927,6.0,0.7301961608400855,0.13692913997954081,0.7918721405207299
0.18790919581803148,4.5,6.0,0.7383030738881127,0.09186724792566815,0.7947187265295494
0.19997042565219947,4.5,6.0,0.7366170156328152,0.09348589458658865,0.792382931029093
0.23250144272833873,3.114149016888075,6.0,0.7299129675520967,0.1402127403733531,0.7946593320289286
0.23849065612602222,3.0476766490129763,6.0,0.7297385413987502,0.1452706586859109,0.7979301643465531
0.2242450758736323,3.168820961599996,6.0,0.7303820775157767,0.1355621658817418,0.7928768234850575
0.23095846002648976,3.150398734874614,6.0,0.730081236804628,0.13801545475299792,0.7930585720590225
0.21142393941551638,4.5,6.0,0.735343905009436,0.09533828896266958,0.7908723811667729
0.1816280054616498,4.5,6.0,0.7393003644260131,0.09113769503480575,0.7961777699572095
0.18228961782713066,4.5,6.0,0.739191873350354,0.0912112924658241,0.7960174061124349
0.17599689721237102,4.5,6.0,0.7402539861405243,0.0905396081966404,0.7975989316491451
0.23514816354752122,3.0658637886346733,6.0,0.7297721638559979,0.14340445722925968,0.7970682939770943
0.17784461932401666,4.5,6.0,0.7399353027852353,0.09073046548007344,0.7971220509820283
0.22530423331853788,3.368018280311369,8.0,0.7293444003098821,0.13812685613548087,0.8058090765120781
0.2360176571338642,3.3674687752874797,8.0,0.7291187934068394,0.14175410196031352,0.8058939747145453
0.21687519623475485,3.537562515213397,10.0,0.7257455116150787,0.13283087905064872,0.8064619049663608
0.21927590911539502,3.142429407355475,10.0,0.7206970666289816,0.14971272408141667,0.8156275612499331
0.22625063465153866,3.088531515167613,10.0,0.7203023503483615,0.155075603513363,0.818293928597061
0.21601328560380015,3.2673912569766603,10.0,0.7218208635001273,0.14278118858317895,0.8105257953050328
0.1930844756903977,3.7044037683856788,10.0,0.7317947563259696,0.12047241945457757,0.8084456940226985
0.224195220422081,3.4115508379846218,10.0,0.7232329183506463,0.13996856706731145,0.807243282619751
0.2170207940648727,3.226324455954524,10.0,0.721369657062024,0.14495316586572093,0.8119411157028495
0.19270693797179872,3.631740433802529,10.0,0.7303161474651254,0.12247026774333043,0.8078833105469511
0.19382437071778902,3.7482600960727526,10.0,0.7326146438126392,0.11947387331160308,0.8089098810726445
0.2236751251529268,3.459928573741277,10.0,0.7240047997487569,0.1379971636671679,0.8067887501299844
0.19119322713890635,3.469476961195968,10.0,0.7273196721121153,0.12735316257986545,0.8083201135698586
0.1913231117154789,3.520517108029783,10.0,0.7282660091087005,0.12563188347239082,0.807933689964198
0.19342661017016557,3.579812791049983,10.0,0.7291421704403805,0.12425601809682825,0.8076408708313833
0.19435668373955892,3.6028522833502965,10.0,0.729478452160758,0.12378617911485476,0.8076139123769293
0.21009141519045413,3.582850814664422,10.0,0.7271744527472522,0.129070630249834,0.8066356748604177
0.2230042800071362,4.5,2.0,0.7599331678943022,0.07607577792123554,0.7790228749541779
0.2286270313335348,4.5,2.0,0.7601830869056363,0.07603979175018173,0.7791560056187417
0.2085438844711118,4.5,2.0,0.7596784391526433,0.07646152041416654,0.7798387911301868
0.24131908091578883,3.0,4.0,0.7305861441508215,0.1334829414638475,0.787154557144839
0.2249279579719781,4.5,4.0,0.7411044812212771,0.08522947727174143,0.7717866284488776
0.20958012627991834,3.652829437610721,4.0,0.7410661539036114,0.10250762816744173,0.7732548381289189
0.2275993538525749,4.5,4.0,0.7410930681185189,0.08554021916352822,0.7718155183267351
0.13423265591351285,4.5,4.0,0.7500705773391849,0.08163340087518442,0.7924487607027301
0.1073792761484446,4.5,4.0,0.7535932989463819,0.08078603746775445,0.7999951882937165
0.22342000896217573,3.1607907579487886,4.0,0.7325580541304074,0.12264479361779569,0.7799354557040076
0.1457644381682223,4.5,4.0,0.7484643811815872,0.0818084835218687,0.7887953517765377
0.11395911113978249,4.5,4.0,0.7527843327564216,0.08107711409749777,0.7983447012821213
0.1257353253074424,4.499999999999999,4.0,0.7512373848211952,0.0814513459238285,0.7950367926326688
0.22645135517946013,3.2787772883492696,4.0,0.7340921673333919,0.11761280869625404,0.7753340030222771
0.19805939780999426,4.5,4.0,0.7423343641072504,0.0830728699767101,0.7744109317625353
0.2206609095412297,3.225653450226389,4.0,0.7335242773241233,0.11931718936681047,0.7776626579879008
0.2395164883891983,3.0641833372800678,4.0,0.7311365597062875,0.12969161019036,0.7832999204931297
0.2207395514667854,3.289356987586457,4.0,0.7344518838397728,0.11652562088006202,0.7756180849999228
0.23690271372852195,3.0,4.0,0.7306164561174259,0.13278040891383147,0.7874956092553035
0.16535596534566094,4.5,4.0,0.745823947217128,0.08206708010916597,0.7826384857506848
0.17696344883786733,4.5,4.0,0.7444070402636608,0.08229405469209844,0.7792911054479853
0.22941527215000815,3.067263229770181,4.0,0.7313317017325841,0.12807650863031386,0.7840237128129987
0.12991912844128234,4.5,4.0,0.7506664180170328,0.08154839781077225,0.7937785652663971
0.13016683660226555,4.5,4.0,0.7506323709535277,0.08155366501132072,0.7937030167453194
0.21721503813681087,3.3553187973375795,4.0,0.7356513099148511,0.11345737256546315,0.7744613653520624
0.20721853279361704,3.6331080931509234,4.0,0.7408806148233131,0.10292907596389361,0.7734934355318508
0.17900104954367224,4.5,4.0,0.7441753099409378,0.08234534418479568,0.7787427301795016
0.2255308900807312,3.135522826335603,4.0,0.7321755706921252,0.12411776813823182,0.7808442461743864
0.22927934270181652,3.4264864505559522,4.0,0.7364871239733172,0.11204390636085919,0.7724428022153668
0.15500293576110197,4.5,4.0,0.7471932126909606,0.08192408894133899,0.7858494522286403
0.1871776441720998,4.5,4.0,0.7433076538687298,0.08259694848914509,0.7766919082074772
0.24450039211335742,3.030422551621556,4.0,0.7308496401446576,0.13234782416854207,0.7850804335902233
0.2148624710988726,4.5,4.0,0.7413408268163844,0.08422860740009633,0.7721862923008087
0.22393756600043568,3.3123904429200466,4.0,0.7346924169513349,0.11589929353806573,0.7746880175653963
0.15966302650744957,4.5,4.0,0.746567389746433,0.08198438669263294,0.7843858714274077
0.10441603422921227,4.5,4.0,0.7539409521717153,0.08063198394937546,0.8006816362599046
0.22964649419291763,3.465489491740331,4.0,0.7371704009264117,0.11066653344439209,0.7721079066506432
0.21121332375795007,3.5363742250573247,4.0,0.7390203769127984,0.10631440019988353,0.7730783163890558
0.22376921857709636,3.199043049657149,4.0,0.7330327256847341,0.12087160140776002,0.7782713215001555
0.24262832464093204,3.117803505564444,4.0,0.7317362522181675,0.12744408298484272,0.7804586843043467
0.22964649419291763,3.4577096418027873,4.0,0.7370326225590189,0.110946314229599,0.7721615878350091
0.11530251106573944,4.5,4.0,0.7526136049190719,0.08112862346479699,0.7979883505763518
0.23321583579845018,3.2375071699391422,4.0,0.7333413917018351,0.12029961084586671,0.7761057793794786
0.12311636022955404,4.5,4.0,0.7515900957808445,0.08138203499321106,0.7958051207451393
0.15175305836015796,4.5,4.0,0.7476367020066083,0.08188378900274632,0.7868817122578359
0.17084138855356307,4.5,4.0,0.7451355037050642,0.08216223279068652,0.7810140021506355
0.2304366078436294,3.1009088554561712,4.0,0.731637513203072,0.1264628089543252,0.7820230670644356
0.1181941552961043,4.5,4.0,0.7522405304351262,0.08123121366956282,0.7972013412175952
0.2352484151173802,3.021004753385295,4.0,0.7307966120439708,0.13136670967540134,0.7862469376068879
0.16660471446110425,4.5,4.0,0.7456645913379497,0.08208717659988359,0.7822629233242661
0.21789635730712958,4.5,6.0,0.7347871244806933,0.09654268704231105,0.7903844440441309
0.2316647335960135,4.5,6.0,0.7340476430613865,0.09953855812404322,0.7903793536545554
0.17873601989137713,4.5,6.0,0.7397835329541388,0.09082438010529663,0.7968955526122502
0.17461560314087615,4.5,6.0,0.7404957147316865,0.09040017400660423,0.7979616206524376
0.21217726857899452,4.5,6.0,0.7352727380163941,0.09547228821664824,0.790801090857092
0.23832461678319952,3.0778280662012873,6.0,0.7297706977291201,0.14361157785160064,0.7962122364556267
0.23510114565476586,3.099712759645651,6.0,0.7298351160770526,0.14161410739427643,0.7952184432444586
0.2398813053081171,3.0525085283426696,6.0,0.7297432473483156,0.14539096491438455,0.7975783646125808
0.1767446323417184,4.5,6.0,0.7401243668808153,0.09061623499764271,0.7974047758679359
0.22943544908075858,3.1926076300136006,6.0,0.7303376414467151,0.13561033650036416,0.7914213596286208
0.22630932429683148,3.3617077086605835,8.0,0.7292487524317508,0.13869745537858813,0.8058848927343357
0.22963828861182134,3.424865528813553,8.0,0.7297738726560773,0.13732356522404468,0.8050913095239246
0.21745084912968862,3.3857315104254333,8.0,0.7299157114453577,0.13507509702758436,0.8059187595276998
0.21717426161162653,3.5352978998864977,10.0,0.7256826641484029,0.13301145030173384,0.8064619085161401
0.19259095250754615,3.401949697810168,10.0,0.7259518905977359,0.13018449622243314,0.8091154571353361
0.23565009623932795,3.235782360944206,10.0,0.7209651597213232,0.15190477643231157,0.8115301908299813
0.1873252638663998,3.4468573371390008,10.0,0.7274639094232822,0.12718374897985837,0.8090164044352055
0.2333867631192292,3.1671808808655344,10.0,0.7204937193102723,0.154101425805414,0.8140990852936916
0.21719549835233912,3.40642706008399,10.0,0.723537243186713,0.1375728124587846,0.807308438428281
0.2200852489251809,3.3989312180268327,10.0,0.7232497097151506,0.1388995767184623,0.8073774752137792
0.22054917025557444,3.3632792277786123,10.0,0.7227193318853474,0.14044959824290681,0.8079529894297255
0.18465919848617707,3.686528613911737,10.0,0.7327766049327887,0.11885995765171237,0.8090467435308254
0.18535568375363964,3.7410427024949664,10.0,0.7338541321505548,0.11752398265990305,0.8095647150732735
0.23106642211449258,3.2486499911705327,10.0,0.7210836853794202,0.14936900479879656,0.81092509193736
0.1941856286050401,3.4995910804392447,10.0,0.727466566058768,0.12709494150903108,0.8077699629219413
0.172864299232162,3.564687285138827,10.0,0.7322020079208917,0.11991280392295177,0.8099156308512581
0.22242087124000007,3.3224637124193435,10.0,0.7221024521281455,0.1427896919412288,0.8087919044898729
0.2098685324198432,3.2298079950424694,10.0,0.7218851234278649,0.14236405234319752,0.8123135869879617
0.22561686941534428,3.2647205241709014,10.0,0.7213468466561171,0.14645951978552188,0.810348685335376
0.21848503187254348,3.247719927817841,10.0,0.7214827599720737,0.14452123087532168,0.8110763997346842
0.22598581481265964,3.0870843580256015,10.0,0.7203060531885976,0.15504582751078771,0.8183930798762493
0.22862719575733928,4.5,2.0,0.7601830955631506,0.07603979174745393,0.7791560135241922
0.22297759471317175,4.5,2.0,0.7599321965702467,0.07607611452911292,0.7790228824833452
0.24133074538647584,3.0,4.0,0.7305861441079661,0.13348488607082945,0.7871538566980825
0.22515637749623396,4.5,4.0,0.7411026285159706,0.08525527171427337,0.7717867847995022
0.21385705008798195,3.6668749674034995,4.0,0.7410797784022346,0.10243670066473778,0.7728720690062924
0.21515543059124206,3.347562920474246,4.0,0.7356290495569233,0.11358025540770517,0.774893342485828
0.1462984939469912,4.5,4.0,0.748390175414665,0.08181541278886101,0.7886245360150789
0.14269327300738613,4.5,4.0,0.7488919963039402,0.08176719598877424,0.789776507205214
0.12113069435906933,4.5,4.0,0.7518546107372474,0.08132458917870311,0.7963763501172295
0.13295537557204948,4.5,4.0,0.7502475987092191,0.08160964858418446,0.792845485265062
0.1538173701915521,4.5,4.0,0.7473544156592484,0.08190931023947245,0.7862251717093526
0.19167799469749053,4.5,4.0,0.742877773743946,0.08277196053904987,0.7756801135635865
0.12661110405078116,4.5,4.0,0.7511185689316633,0.0814729897741635,0.7947763731195039
0.1792647610331524,4.5,4.0,0.7441457416259195,0.08235228486395411,0.7786727620419299
0.14021428789619259,4.5,4.0,0.7492377436366602,0.0817315565151433,0.7905655890847381
0.13002596097465274,4.5,4.0,0.7506517369912361,0.08155067563112478,0.7937459957199668
0.16668781222918677,4.5,4.0,0.7456540392823323,0.08208854377633354,0.7822380438577845
0.10796707421530465,4.5,4.0,0.7535230303842845,0.0808148225303741,0.7998546070991903
0.17756904050778874,4.5,4.0,0.7443375729486399,0.08230887506044307,0.7791267148744306
0.22095691601577933,3.466214658543405,4.0,0.7373747220595883,0.10963207838698641,0.7725241390192731
0.21701074079395116,3.5897828681333244,4.0,0.7396609999882031,0.1050764085759851,0.7723976819177018
0.22187885277790156,4.497142695855227,4.0,0.7412179629548781,0.08495202509642051,0.7719165345110428
0.13594073196115397,4.5,4.0,0.7498332679724248,0.08166349191606342,0.7919148815467577
0.21216681149240962,3.5327137365807646,4.0,0.7389063846473359,0.10651382118050194,0.7729784529780783
0.1375603527624691,4.5,4.0,0.7496077842201708,0.08169041240491026,0.7914055445911846
0.2289112126291694,3.0605593233511046,4.0,0.7312864000731581,0.1283670288236114,0.7844880486883218
0.21877335795143737,3.500948178475988,4.0,0.7380571586082737,0.10818910039095295,0.7724614720204646
0.2223821769787185,3.1392111458666845,4.0,0.7323476351916377,0.12358375863706647,0.7811003263067178
0.15680023851081915,4.5,4.0,0.7469502749451603,0.08194683161638913,0.7852822064277392
0.11677887776482547,4.5,4.0,0.7524240437692139,0.08118237858098036,0.7975898370520996
0.20467714936226764,4.5,4.0,0.7418620206463858,0.08345968800782788,0.7733261331885476
0.10338665285471868,4.5,4.0,0.7540590321459136,0.08057485846329368,0.8009110739836193
0.23212972396573353,3.0,4.0,0.730714686839298,0.132094269713936,0.7880272633326209
0.23036732824304965,3.11351211456104,4.0,0.7317756547108323,0.12581397386340312,0.7813764481691702
0.10617454200893622,4.5,4.0,0.7537359905076554,0.0807252293368568,0.8002788179502773
0.23084686444779692,3.21588042250198,4.0,0.7330621918509155,0.1209563207430233,0.7769611835662158
0.2300613613410039,3.1399212128257923,4.0,0.73208640704733,0.12445812468806036,0.78011989866301
0.21394977682650032,3.3816846380912056,4.0,0.736248121812345,0.1121246252786609,0.7743778149218906
0.24208226399831076,3.234978953380306,4.0,0.7333314266522991,0.12178138630225506,0.7760652380540951
0.1119250944275014,4.5,4.0,0.7530394306897489,0.08099420886184158,0.798872288798487
0.21448707793939736,3.407502370437426,4.0,0.7366484264203628,0.11117900511972353,0.7738762396991238
0.17265433299228902,4.5,4.0,0.7449150472553162,0.0821980956303598,0.7804928901566425
0.21090180162507893,3.6255588989855396,4.0,0.7405463019317686,0.1034347916505521,0.7730333000609833
0.11999991879526703,4.5,4.0,0.7520039997444726,0.08128986238423894,0.7966969360320905
0.22626218784635557,3.2553675453354574,4.0,0.7337437326658838,0.11860931270513136,0.7760334509566523
0.23181863823995288,3.0367153749440305,4.0,0.7309961189909421,0.13002601085331236,0.7856056217236098
0.16800303103440517,4.5,4.0,0.7454879261832881,0.08211070922475325,0.7818462180971351
0.23141581273178724,3.247348839860903,4.0,0.7335105477417636,0.1196144188131792,0.7758956634193225
0.22644760898859345,3.2727122747618282,4.0,0.7339994817192792,0.11787413596400116,0.7755041708504834
0.22713225605908666,3.4675239738309482,4.0,0.7372403194498571,0.11027956145034803,0.7721621908348764
0.12790689146244827,4.5,4.0,0.7509420540565909,0.08150368800045688,0.7943880865949496
0.22752751805055316,3.4527717520714547,4.0,0.7369739248495909,0.11085898922762508,0.7722587443200116
0.23874751467022612,3.0421447732992166,6.0,0.7297369925129238,0.14564171879066867,0.7982506442493764
0.2396414702732897,4.5,6.0,0.7339261974148604,0.10157487092287559,0.7911049014681215
0.23875510025947957,3.1155002251505537,6.0,0.7298666716999105,0.14177517175935447,0.7942648306476812
0.17624032666508482,4.5,6.0,0.7402116913454009,0.09056446479389521,0.7975355516427557
0.19161414818288777,4.4995514731151145,6.0,0.7377617505029486,0.0923404681244119,0.7939399827918309
0.23834067295844044,4.5,6.0,0.73392954332325,0.10122663847727922,0.7909470052375728
0.23940243637146227,3.054754622310349,6.0,0.7297432559924607,0.14513729432095432,0.797467376195456
0.22316834482502543,4.5,6.0,0.7344292303727219,0.09761680099214881,0.790207277842782
0.22464150667600186,4.5,6.0,0.7343453755004427,0.09793270492636644,0.7901954205650324
0.19836309191185808,4.5,6.0,0.7368225916199974,0.09325188839330605,0.7926539057884043
0.21237719653510959,4.5,6.0,0.735254125835821,0.09550811748030787,0.7907827939077092
0.17390651366727597,4.5,6.0,0.7406209310693432,0.0903296368683733,0.798149762380858
0.19690149464017062,4.5,6.0,0.737014878681252,0.09304423656059349,0.7929117761493388
0.22617933949358313,3.3527841884076848,8.0,0.7291721947795851,0.1390156017984253,0.8060384783500184
0.23657817100371198,3.362831493096443,8.0,0.729075992745141,0.14214163775985053,0.8059831871551126
0.2302154325498569,3.440887860011881,8.0,0.7299311307410735,0.1369164191539369,0.8049798908460795
0.23121134358581016,3.3629720936884198,8.0,0.7291278398390567,0.14025743193537116,0.8058312615669919
0.2169331934501143,3.533116198242694,10.0,0.7256613255024416,0.13299842594794314,0.8064622853849238
0.18949142927184173,3.737013445518444,10.0,0.7330661652929445,0.1186509941486269,0.8091259829223929
0.19155984681514,3.6858232387394865,10.0,0.7316340416889717,0.12059529694507144,0.8083873772619758
0.21385739408406332,3.3062427089417676,10.0,0.7223997452297949,0.14038395345020138,0.8094702625752446
0.22840263991635942,3.1156866515269557,10.0,0.7203207837381176,0.15455242349800682,0.8166591346908114
0.1891702308963176,3.4998425100222663,10.0,0.7281797737319876,0.12578157354854175,0.8082766566769853
0.20074680752781746,3.4978242542758466,10.0,0.7265981260499589,0.12898894137883637,0.8072211504644293
0.20190131310664686,3.6667998860448914,10.0,0.7297673802558382,0.12399978410010007,0.8074827155643911
0.22549758429086247,3.100999658496734,10.0,0.720340976100689,0.15413867893897587,0.8175857481747008
0.2209983941485806,3.1438147192879553,10.0,0.7206288341521097,0.15027919624513603,0.8154518756694691
0.22988638749431,3.078287279265059,10.0,0.7202391299724877,0.15707627492588566,0.8187962460494568
0.21498768085618253,3.4492210772027545,10.0,0.7243653283058278,0.13522124943757471,0.8068678497507863
0.19592914811852488,3.5279066215402874,10.0,0.7277709967093232,0.12661247116398278,0.8074729679623843
0.19931931718914855,3.6973553625408737,10.0,0.7307398935386847,0.1223812241701778,0.8079266930221225
0.18798115462938522,3.746074253754302,10.0,0.7335143333794238,0.11802991091536372,0.8093770528481151
0.21983988116942152,3.186649091268809,10.0,0.7209201183954047,0.1477971214204128,0.8134483739167212
0.22059185627884706,3.1699981421991428,10.0,0.7207820823965979,0.1488625043077003,0.8141762521815037
0.19224451611815233,3.6785314240841327,10.0,0.7313729272802628,0.12098105741410686,0.8082624043817221
0.22302914761005238,4.5,2.0,0.759934074838174,0.0760754656068588,0.7790228732492679
0.2085436097091347,4.5,2.0,0.7596784391311078,0.07646153125563707,0.7798388210845841
0.21690343854928715,4.5,2.0,0.7597612294061237,0.07619077506835462,0.7791741564662046
0.2413423007115543,3.0,4.0,0.7305861444884927,0.13348681295215534,0.7871531638670174
0.22497355865926705,4.5,4.0,0.7411040983902177,0.0852346153103451,0.7717866254762343
0.2438987992493566,3.0,4.0,0.7305966824094049,0.13392472762785734,0.7870261527607847
0.21107102282617496,3.6564928177049167,4.0,0.7410460301530458,0.10251409396804653,0.7731022489175479
0.18963988843046933,4.5,4.0,0.743067935471177,0.08268915415417412,0.7761271096661112
0.22312756577497972,3.3268572712099234,4.0,0.7349503900323074,0.11521127849676932,0.7744275315731945
0.17100759614676622,4.499999999999999,4.0,0.7451151367814245,0.08216541963401183,0.7809658739601383
0.22765603899706616,3.225228918134682,4.0,0.7332666996863013,0.12012393061108975,0.776891231812134
0.22066156915143065,3.372695539050833,4.0,0.7357892825164072,0.11310859794704,0.7737469515866182
0.21016037320128955,4.5,4.0,0.7415485214524093,0.083845531784882,0.7726272385396611
0.18139074261495533,4.5,4.0,0.7439110462889873,0.08241091348333651,0.7781174932530589
0.12950462955006387,4.5,4.0,0.7507233359861085,0.08153947074306028,0.7939047380134212
0.137205166271298,4.5,4.0,0.749657263767146,0.0816846346732587,0.7915174787572352
0.23785715982250072,3.0628170514658,4.0,0.7311299780830789,0.12950227642738363,0.7834747675722064
0.14406869607957398,4.499999999999999,4.0,0.7487003343201859,0.08178602246869164,0.7893374284435369
0.15897766926023582,4.5,4.0,0.7466585613235115,0.08197521003900993,0.7845995480081199
0.21951787274613901,3.2603884919959434,4.0,0.734071673516128,0.11765331944835834,0.7766318184383796
0.2419368114979096,3.017254030944409,4.0,0.7307191978466492,0.13262601518269546,0.7859915704334176
0.13255881094872468,4.5,4.0,0.7503024698876805,0.08160204233096774,0.7929681834067235
0.13421621743580633,4.5,4.0,0.7500728581765683,0.08163310220644857,0.7924538807482395
0.140107158594302,4.5,4.0,0.7492526872526308,0.08172995997306157,0.7905996036753586
0.10727600380004661,4.5,4.0,0.7536056012473885,0.0807809207556455,0.8000197401146106
0.22154295856527814,3.150498025468562,4.0,0.7325172108262094,0.12294169758107949,0.7806804435399024
0.22182038184691774,3.176593882570229,4.0,0.7328225775154361,0.12171522532177535,0.7794557713661621
0.11398817787224771,4.5,4.0,0.7527806571827415,0.08107825543439871,0.7983370561433655
0.10489706304422297,4.5,4.0,0.7538852870902993,0.08065802919814147,0.8005727936297149
0.12319813769865577,4.5,4.0,0.7515791456537758,0.0813843076341233,0.7957813787017022
0.1577489777879791,4.5,4.0,0.7468228003836328,0.08195906527635974,0.7849840917928373
0.14503091463496134,4.5,4.0,0.7485663901013537,0.08179885889583982,0.7890299084032733
0.22471507981906028,3.4074457068335304,4.0,0.736245897339973,0.11220774648741436,0.7728802781378125
0.10206781993984806,4.499999999999998,4.0,0.7542081877919355,0.0804988468662809,0.8011979405112498
0.2384605527127257,3.1572499949444737,4.0,0.7322002872076706,0.12481494471329539,0.7788135661277737
0.24040750653063434,3.128839694115445,4.0,0.7318499788266458,0.12652058002205122,0.7799909774958722
0.23662340024850073,3.0781654915062866,4.0,0.7312916552870373,0.12850726192994993,0.782699914789037
0.2295790548827637,3.081847314337037,4.0,0.7314663209193506,0.1273339148771884,0.7831619940544109
0.21064872884612829,3.4948392783762343,4.0,0.73834063347729,0.10768686397298372,0.7733908894193222
0.2271989328748592,3.1766676404687195,4.0,0.732621171956516,0.12232205621534474,0.7787872721577962
0.12607493984139076,4.5,4.0,0.7511913581489447,0.08145982697236243,0.7949360039516381
0.11766690487859618,4.499999999999998,4.0,0.7523090955355779,0.0812133220320647,0.7973467933426712
0.2190724687931748,3.299166395190717,4.0,0.7346750678548672,0.11594156018186849,0.7755535578172154
0.11294497788584484,4.499999999999999,4.0,0.7529120476932095,0.08103653405353775,0.7986095920963083
0.1268267377872015,4.5,4.0,0.7510892526322418,0.08147820644632356,0.7947119995750074
0.15370620316958175,4.499999999999999,4.0,0.7473695672789747,0.08190793079031516,0.7862604569524408
0.21483702298761162,4.5,4.0,0.7413417915093518,0.08422639688734321,0.7721882639950131
0.22402788734651777,3.2928868444692245,4.0,0.7343832531161998,0.11672944783644282,0.775170810708459
0.17653667392507172,4.5,4.0,0.7444562912446959,0.08228381868287159,0.7794076522278676
0.13959833861907273,4.5,4.0,0.7493236597393609,0.08172230720476573,0.7907610451742603
0.15242428581418413,4.5,4.0,0.7475447062754174,0.08189207304621945,0.7866679494269541
0.23878541492745334,3.038926649709993,4.0,0.7309048003996663,0.13092617238306137,0.7848225254866743
0.17401749430062646,4.5,6.0,0.7406012837224797,0.09034063091597999,0.7981202308042405
0.2395857480769354,4.5,6.0,0.7339262058780517,0.10155982113688661,0.7910978118618148
0.23638595235999033,3.0617346163777936,6.0,0.7297565022982746,0.14394878019570884,0.7972237490550333
0.23067379415046715,3.1504255205001988,6.0,0.7300877364171969,0.1379450126609993,0.7930788799540405
0.2358004067902812,3.159237521515922,6.0,0.7300537046501533,0.1388033088002062,0.792402890143528
0.19262534972724413,4.5,6.0,0.7376056070300614,0.0924636882760991,0.793725776937544
0.18750731571963955,4.5,6.0,0.7383646176064796,0.09181842872669647,0.7948076178930039
0.22797927269274082,4.5,6.0,0.7341824802393748,0.09867493838581173,0.7902322283198074
0.2234642817390956,3.1902669289756598,6.0,0.730530176024549,0.13436379192138406,0.7920651647299294
0.23619185647234894,4.5,6.0,0.7339493254664767,0.10066539198953481,0.7907205435379133
0.22333363068465134,4.5,6.0,0.7344194634131603,0.09765189452951024,0.7902051078679784
0.22672356476976357,3.412816138773745,8.0,0.7297355341356719,0.1368303027102457,0.8052015304880524
0.21770002001170852,3.413657572856592,8.0,0.7301875162721025,0.1340676665892781,0.8055250421527418
0.23204429176572897,3.3470143909370824,8.0,0.7289708508367843,0.14118562658499778,0.8060950627798148
0.23210125474085122,3.0709430869252867,10.0,0.7202273357590787,0.15838603434004314,0.8192080640032644
0.21720145418000425,3.5357695263781728,10.0,0.7256891321208979,0.13300548675413582,0.8064619159050329
0.2295217923720335,3.133368759233752,10.0,0.7203632389951958,0.1541263416931443,0.8157009031430071
0.20840471651378367,3.329326981361677,10.0,0.7231224560240188,0.1376309388192245,0.8092057927826288
0.20203333233870274,3.585943911926159,10.0,0.7281235614533005,0.12647456111797897,0.8070047266030441
0.2316853631700681,3.0762556068157147,10.0,0.7202294148800799,0.1579320077539436,0.8188862078881813
0.22685257409728468,3.272119916799771,10.0,0.7213851783357162,0.14662677622600712,0.8101274463829771
0.17698205155497151,3.5768289809254976,10.0,0.7317230672856377,0.12039735903560746,0.8093983193682884
0.20764937429076408,3.368381902049774,10.0,0.7237306077060609,0.13583141861825804,0.808374584372175
0.2273634633922229,3.3698792515130864,10.0,0.7225280771368239,0.142808859965931,0.8079084701786453
0.189031516265563,3.7027378358501926,10.0,0.7323998555242104,0.11947441926803157,0.8087785235105794
0.225340887802391,3.213251190443204,10.0,0.7209036908066007,0.14864795225292124,0.812151683807443
0.20411479842585892,3.5543711418571653,10.0,0.7272655687314463,0.1281034741031051,0.8068404353736072
0.2269699841125969,3.15585790185161,10.0,0.720500899595606,0.15199311422162226,0.8146218240306443
0.21743417367000764,3.52253763076345,10.0,0.7254362561691832,0.13352850789353485,0.8064701476333472
0.22303168681411426,4.5,2.0,0.759934167542009,0.07607543379090546,0.7790228733635695
0.20857355679486106,4.5,2.0,0.7596784424772447,0.07646035031826653,0.7798355592776294
0.2412761330519388,3.0,4.0,0.7305861480051971,0.1334757856500577,0.787157145423603
0.22508996336073914,4.5,4.0,0.7411031504589222,0.08524775706061079,0.7717866951970421
0.2275835994519573,4.5,4.0,0.7410930690632069,0.08553832778342815,0.77181517268829
0.2152265931348983,3.6711790631736143,4.0,0.7410901979583444,0.10243002475490874,0.7727762735153321
0.17965712967079445,4.5,4.0,0.7441019313975631,0.08236274441959776,0.77856909649046
0.1113603181625393,4.5,4.0,0.7531095010909631,0.08097010243997879,0.7990161258950422
0.15425414793015682,4.5,4.0,0.7472949434179285,0.0819147394753007,0.786086623577221
0.1935976978766103,4.5,4.0,0.7427058040362777,0.08285563241278808,0.7752769302234711
0.11723543647992425,4.5,4.0,0.7523650305218275,0.08119841547097228,0.797465188404068
0.1416967036018171,4.5,4.0,0.7490309632725803,0.08175315462984398,0.7900941388661393
0.16528112673496131,4.5,4.0,0.745833543462299,0.08206590156203772,0.7826610915704287
0.12689480918083984,4.5,4.0,0.751079993133618,0.08147984416010573,0.7946916577081844
0.23504971989521534,3.0562555197294103,4.0,0.7310992303425012,0.12942907651752453,0.7840720016592498
0.1387334238777138,4.5,4.0,0.7494442777610784,0.08170902286128161,0.7910350084906538
0.22291882055945206,3.145877394289605,4.0,0.7324010693023574,0.12331450477002243,0.7806995176751055
0.13073176302346817,4.5,4.0,0.750554635598318,0.0815654915306949,0.7935303194285573
0.23148511567819705,3.1893102246692275,4.0,0.7326835889292084,0.12227247807224051,0.7778936536826275
0.1695846902928002,4.5,4.0,0.7452904829167654,0.08213876252666942,0.7813801139751144
0.17413081196363128,4.5,4.0,0.7447383642862063,0.08222918980672204,0.7800750307066153
0.1322028653540562,4.5,4.0,0.7503516812393154,0.08159511825024379,0.7930781126361183
0.13486020816365046,4.5,4.0,0.7499834587613659,0.08164467071328005,0.7922530346523068
0.21277296923944197,3.4202352057803673,4.0,0.7369536449410568,0.11055311582641052,0.7739140766352456
0.12280949551292676,4.5,4.0,0.7516311468986205,0.08137344256289605,0.7958940619660252
0.21414616853439647,3.3529465591143275,4.0,0.7357696955929915,0.11327589196088236,0.7749177392833866
0.1362188433500169,4.5,4.0,0.7497945768367414,0.08166822150624453,0.7918276233282661
0.23402448408787985,3.119312579390485,4.0,0.731767594281702,0.12602115315764117,0.7807592397177316
0.2172304498184636,3.409774519599763,4.0,0.7365536273721514,0.11134136137476354,0.7735132679921428
0.24178438506806066,3.2372192839270744,4.0,0.7333606291243123,0.12163059399760845,0.7759939289804489
0.24109728901023908,3.1523761147508385,4.0,0.7321504768239557,0.12547700117908334,0.778960423361662
0.1196703152741926,4.5,4.0,0.7520473642021075,0.08127945470137157,0.7967897092641792
0.1449228171980341,4.5,4.0,0.7485814306897118,0.08179742925743028,0.7890644665174329
0.10839909701807617,4.5,4.0,0.7534711189402354,0.08083561575712749,0.7997503807624623
0.23126375283974498,3.135991945256174,4.0,0.7320119044734615,0.12481015931506582,0.7801907160506519
0.23135523966960234,3.275719166141109,4.0,0.7339439590076632,0.11836479830258245,0.7750879393067666
0.2039577888540814,4.5,4.0,0.7419085473290435,0.08341362656994977,0.7734317280347651
0.2192680576137655,3.4000070199966212,4.0,0.7363015067282291,0.11190980336143899,0.773439873755773
0.22144618230189012,3.2751577835722885,4.0,0.7342073659123576,0.11720821945628679,0.7759399666310611
0.14717107933417795,4.5,4.0,0.7482690635231923,0.0818266091970728,0.7883454119985838
0.2406297070259813,3.0824633556989722,4.0,0.731323591595633,0.12891442391532099,0.782254211879559
0.21635929690323627,3.6711790631736143,4.0,0.7410447043354819,0.10253262861745696,0.7726891249279376
0.10732369426790307,4.5,4.0,0.7535999217521716,0.08078328583392086,0.8000084077549812
0.10371093536025665,4.5,4.0,0.7540219885643795,0.08059306058828089,0.8008393116568002
0.21206747119044767,3.3244396448808673,4.0,0.7354381993101732,0.11425937011904207,0.7758942075568085
0.20453258677233543,3.611111008413918,4.0,0.7406892055275268,0.10342356856723009,0.7738416581817356
0.12442200128579928,4.5,4.0,0.7514147679960068,0.0814174715143688,0.7954241054849814
0.22510484439553305,3.151936189674355,6.0,0.7302681420959647,0.13657651029738532,0.793536023912646
0.1778358182590403,4.499999999999999,6.0,0.7399368077466144,0.09072954429101324,0.7971242990883993
0.23598845775676547,3.146632660230217,6.0,0.7299934297050504,0.13947225953856487,0.7929342851896422
0.23437853415810567,3.164356021518367,6.0,0.7300915286830134,0.13818593819145977,0.7922506403857291
0.2058957442686004,4.5,6.0,0.7359148804048492,0.09440217014127451,0.7915051061163535
0.1843429565776892,4.5,6.0,0.7388602093056933,0.0914444505668562,0.795529378159644
0.19821947957899894,4.499239731004101,6.0,0.7368593816358464,0.09324554806733334,0.792695390604609
0.23876640243949157,3.0566502396312316,6.0,0.7297438046360062,0.14486069333676796,0.7973861463655381
0.2095011089049316,4.498155670435088,6.0,0.7355778193129365,0.09503809800469222,0.7911140153375594
0.24080958604583186,3.098167084755528,6.0,0.7298257338578004,0.1432345630215769,0.7950664177237098
0.23292729967901452,4.5,6.0,0.7340126358018877,0.09984537714320438,0.7904563618500745
0.17754345426306298,4.499999999999999,6.0,0.7399868728096927,0.09069900983405596,0.7971991088224412
0.18589137303800538,4.5,6.0,0.738615292597212,0.0916251708482029,0.7951714449921387
0.21990808945993107,3.4294068364569563,8.0,0.7302244338545675,0.1341119048396225,0.8052333035134865
0.2174977376687855,3.532284461478043,10.0,0.7256051189597399,0.13322608897519636,0.8064629102855868
0.17779709119774917,3.6477995439563258,10.0,0.733130176919619,0.11841040463238993,0.8095062130268968
0.20367660100710733,3.6488982610241254,10.0,0.7291817329176002,0.1250506988512988,0.8072446554081198
0.22014803107974104,3.490138905442164,10.0,0.7246945587135104,0.13561255325996066,0.8065680355405827
0.23414614483374235,3.3232381651622713,10.0,0.7218331600990896,0.14749706853276853,0.809094949156502
0.1989887653354637,3.285423685960406,10.0,0.7235039041271639,0.13661300025293677,0.8113709905810085
0.23348709774099993,3.1600610028014544,10.0,0.7204581490313624,0.15448676009154583,0.8144226227512961
0.185497559103317,3.6554363182160317,10.0,0.7319576063123522,0.11995475335160473,0.8087134732814282
0.2229297462899317,4.5,2.0,0.7599304598807481,0.0760767218838588,0.7790229107529301
0.20853679048125734,4.5,2.0,0.7596784386509968,0.07646180036493704,0.779839564676702
0.24132782864984498,3.0,4.0,0.7305861440784616,0.13348439977118298,0.7871540317460003
0.2248816184910048,4.5,4.0,0.7411048768732991,0.08522426183534826,0.771786648919888
0.135764778200585,4.5,4.0,0.7498577400544625,0.08166047582448835,0.791970041757232
0.1425944122959708,4.5,4.0,0.7489057791185264,0.08176581892817417,0.7898080378406174
0.21196766651950874,3.4282348515696275,4.0,0.7371332009447227,0.1101884729418868,0.7739125862143943
0.13111298092892004,4.5,4.0,0.7505021131615099,0.08157332879938288,0.7934134745397502
0.1282321855338564,4.5,4.0,0.7508976155529649,0.08151115428411818,0.7942900769265041
0.10734849790580893,4.5,4.0,0.7535969667657156,0.0807845143992963,0.8000025101014372
0.12402081586619615,4.5,4.0,0.7514687529239105,0.08140677359078277,0.7955416190839191
0.11872280353312843,4.5,4.0,0.7521715533753609,0.0812488001003531,0.7970546627915766
0.2303239439231034,3.091098721201653,4.0,0.7315382780852806,0.12695137952036256,0.782562801571502
0.1799344835247174,4.5,4.0,0.7440710967838244,0.08237023482468989,0.7784961374411972
0.24348327647260773,3.1926683577798123,4.0,0.7327325947316526,0.12396142078911876,0.7774432793313669
0.16464525916612915,4.5,4.0,0.745915282143712,0.08205600042135894,0.7828535941040098
0.22026468068098673,3.3058741073303013,4.0,0.7347269011976704,0.11577900302046444,0.7752331963494006
0.22121017428790551,3.2074863581224733,4.0,0.733251747362036,0.12020472314446551,0.7782714722523437
0.23708532215218214,3.20280933526075,4.0,0.7328176512248853,0.12244509004608925,0.777112687961003
0.22604898552994704,3.2550308697308794,4.0,0.7337449736617369,0.11859892074241139,0.7760633759232831
0.22379719517124455,3.3392616053840496,4.0,0.7351293261789433,0.11477915274918288,0.7740992873034233
0.24319660257740527,3.040820756600831,4.0,0.7309289553426129,0.13155424468811652,0.7844942769617866
0.12448551444184527,4.5,4.0,0.7514062125945412,0.08141914988498822,0.795405466491543
0.23317332809506955,3.163987330783111,4.0,0.7323230691838506,0.12370657227855722,0.7787950723244489
0.17532651063131433,4.5,4.0,0.7445972496357789,0.08225570201299327,0.7797411876643906
0.22284486892725897,3.5782109758483616,4.0,0.7392740997415327,0.10603610355530264,0.7720202002989476
0.23357917998366165,3.218619144074737,4.0,0.7330621494357424,0.12120441950630956,0.7767033755223407
0.21253809730556175,3.6114066943198453,4.0,0.7402262550448946,0.10400362160745474,0.7728335583922986
0.24267870803763344,3.0558589947780073,4.0,0.7310659029700417,0.13065816707208885,0.7836400859174499
0.2218891280986771,3.5598499463035385,4.0,0.7389804270624392,0.10652746082910139,0.7720656206890367
0.1474112376352147,4.5,4.0,0.7482357617526435,0.08182966623366289,0.7882685907654482
0.20962326127108613,3.573038905214296,4.0,0.7397344449410665,0.10498707895944527,0.7731730123370288
0.16316140191168843,4.5,4.0,0.7461074046962402,0.0820336343279689,0.7833057015462197
0.1099136155330345,4.5,4.0,0.7532874078716453,0.0809061248161139,0.7993791004083349
0.1553010456486975,4.5,4.0,0.74715279334021,0.08192782880310459,0.7857551592229943
0.18847284921630403,4.5,4.0,0.7431802236324493,0.08264441289678043,0.7763915137759253
0.2260920396485697,3.267267027441461,4.0,0.7339269076919157,0.11806830341802921,0.7756919961055639
0.21461473108890292,3.5168980132793797,4.0,0.738511466753689,0.1072556286028042,0.7727757252258691
0.24224583778366274,3.1383230894972622,4.0,0.7319831682735622,0.1263577703205144,0.7795442866928731
0.10331773229641611,4.5,4.0,0.7540668865856333,0.08057096531028032,0.8009262640523989
0.24577407458001513,3.1128772101370514,4.0,0.7317304895102441,0.1282489415483244,0.7806948030525684
0.21235101538146603,3.455342413444085,4.0,0.7375707793609482,0.10922536345693781,0.7735298437944896
0.1453183915352347,4.5,4.0,0.7485264002426675,0.08180264649004956,0.7889379929936162
0.22886109999402693,3.117700681321327,4.0,0.7318632262658216,0.12540959089139622,0.7813267125674668
0.1973424262716914,4.5,4.0,0.7423912956589164,0.08303571863889994,0.7745431257506908
0.20854342620887512,3.6310566411784704,4.0,0.7407681141377532,0.10308706942656594,0.773321310037483
0.11167182284027351,4.5,4.0,0.7530708955127426,0.08098345796820564,0.7989369378632745
0.23875151104137649,3.03997719490247,6.0,0.7297368123870966,0.14576120400101902,0.7983827724662587
0.2396395527917746,4.5,6.0,0.7339261975047159,0.10157435283995808,0.7911046570176496
0.19264274445865004,4.5,6.0,0.7376031216096686,0.09246597107815807,0.7937222932907313
0.18580267574457698,4.5,6.0,0.7386291987748175,0.09161470220346056,0.7951917061911101
0.22616787715113543,4.5,6.0,0.734266166630025,0.09826751839157628,0.7902011444107352
0.2135384125402995,4.5,6.0,0.735148324376376,0.09571845409783625,0.7906817470818633
0.17407785852063734,4.5,6.0,0.7405906048897766,0.09034661786747596,0.7981041812711045
0.22428188404171903,3.1971019941039738,6.0,0.7305358939035119,0.13421923090231638,0.7917056051573739
0.23500546578361511,3.0799651604538685,6.0,0.7297937114793547,0.1426198919448149,0.7962816227298319
0.2386713822974804,3.1972269896105616,6.0,0.7302641845310511,0.13774617995417404,0.790880457484209
0.2035673305392526,4.5,6.0,0.7361800712247156,0.09403177466160625,0.7918265696073292
0.23519636950315315,3.06411858284612,6.0,0.7297697687480779,0.14351016450798512,0.7971658517759408
0.22085227072278635,3.3598532203748412,8.0,0.7294705111817839,0.13709141895519547,0.8061311575520916
0.2251014555498232,3.430825520091136,8.0,0.7299869830520582,0.1356354079895428,0.8050527639550669
0.21717734951651013,3.534860283554723,10.0,0.725674585288937,0.1330270232498319,0.8064619460745918
0.23098032235601426,3.16960771120173,10.0,0.7205140845447482,0.15296749056057568,0.813956130265022
0.18207202991943244,3.655432577658703,10.0,0.7325403203363159,0.11914756841344876,0.8090749571717396
0.22081789046670589,3.4753898673255397,10.0,0.7244075825525922,0.1363741630080376,0.8066442587591476
0.17784257070414683,3.673765705042711,10.0,0.733701516249177,0.11766634503568936,0.8096790332513311
0.22730899578999386,3.358632910767499,10.0,0.722380196755569,0.1432299490717098,0.8080980391850627
0.2244430527823992,3.1346316737502002,10.0,0.7204703740275916,0.15203846183182773,0.815766119578443
0.18637210191284187,3.626146689878435,10.0,0.731184037600096,0.12103458277837126,0.8084551342112724
0.21521091255224936,3.2056568774171614,10.0,0.7213069813463662,0.145260513975745,0.8128955217521576
0.23160079337890196,3.073260313059728,10.0,0.7202283061894703,0.15805329635058896,0.8190716545390669
0.18147209737602768,3.51499778034313,10.0,0.7296738176502126,0.12341588051733265,0.8090551786381476
0.18096690994361286,3.5631414690112027,10.0,0.7307449623051332,0.12171860535380015,0.808937211173565
0.23177024066499224,3.1298019881874817,10.0,0.7203343972245315,0.15523812256451724,0.8158731868830293
0.18931444538260403,3.479676557883038,10.0,0.727776777835966,0.126514907632965,0.8084240461675481
0.19163238443616948,3.447596573355463,10.0,0.7268634034920719,0.1282477803394526,0.8085215478790346
0.23163235714915137,3.2252014449622832,10.0,0.7208808988503427,0.15065483229239005,0.8117347640549978
0.22248810603277705,3.4198741009341003,10.0,0.7234361930828628,0.13900671410365786,0.8071206377659481
0.22299731052994942,4.5,2.0,0.7599329140197113,0.0760758656878141,0.7790228763513747
0.21400373747024667,4.5,2.0,0.7597133737549676,0.07627075874901271,0.7793472948211941
0.2413245867138462,3.0,4.0,0.7305861440771418,0.13348385928691117,0.7871542263897444
0.2249448106687804,4.5,4.0,0.7411043389851523,0.08523137547747728,0.7717866253653763
0.21271269081378552,3.6642115823664714,4.0,0.7410896782787181,0.1024185832599069,0.7729664181396392
0.24279154009716217,3.0682426442338837,4.0,0.7311897185375928,0.13002166929803138,0.7829494468033202
0.14839267160796843,4.5,4.0,0.7480998265404916,0.08184206492053472,0.7879547005037821
0.18424657460411495,4.5,4.0,0.7436065369541387,0.08249762587290699,0.7773975447587541
0.16718845774575627,4.5,4.0,0.7455906067635504,0.08209686290857968,0.7820884564356476
0.13076944376036595,4.5,4.0,0.750549446436533,0.08156627128722846,0.7935187810074165
0.11011107895783437,4.499999999999999,4.0,0.7532632618649034,0.08091504890442147,0.7993300289027699
0.24552269190479017,3.1042558822535082,4.0,0.7316233759129704,0.12864013618007702,0.7810948720330163
0.13870342000945032,4.5,4.0,0.7494484612195796,0.08170855555851533,0.7910445011682099
0.12012977111247616,4.5,4.0,0.7519868929654393,0.08129392690571041,0.7966603021975015
0.11438939006693069,4.5,4.0,0.7527298385537092,0.08109388717684596,0.7982312322316395
0.15809209838350735,4.5,4.0,0.74677683648925,0.08196353714577667,0.7848765237393736
0.13388265666089944,4.5,4.0,0.7501191257870555,0.08162700291051964,0.7925576956625848
0.22278874189396572,3.2038031644536145,4.0,0.7331351261909742,0.1205429238698423,0.7782071250341279
0.116467896907795,4.5,4.0,0.7524641356725059,0.0811712982795616,0.7976743637444301
0.22352048651667505,3.3205940039781483,4.0,0.7348367934585643,0.11551256202381288,0.774533433712809
0.2100016402762908,3.540258423234435,4.0,0.7391547223696793,0.10609018842861676,0.7732152810712195
0.22936414595818247,3.2538975935548984,4.0,0.7336449740836205,0.11905613737706797,0.7758280826612196
0.2114101290067099,3.369799409717017,4.0,0.736198973379333,0.11237982434710277,0.7749716456506646
0.17842176040806934,4.5,4.0,0.7442406065975828,0.08233034575008552,0.778897247965784
0.24274274274583857,3.176110000596651,4.0,0.7324877869971437,0.12461397063798364,0.778026927228285
0.10760695142563328,4.5,4.0,0.7535661311442489,0.08079725498205048,0.7999409050103685
0.14527611399965645,4.5,4.0,0.7485322804327289,0.08180209076247542,0.7889515113665937
0.21425908688309062,3.626046955105511,4.0,0.7403897841217452,0.10369781134390663,0.7726921587135738
0.21409187668625718,3.4989474922791235,4.0,0.738227311906224,0.10782707987778867,0.7729378943001258
0.19667263847407318,4.5,4.0,0.7424454518401754,0.08300180586328768,0.7746690804282246
0.2429284001436676,3.2258738973736834,4.0,0.7332088953412066,0.12233663129388701,0.7763555149281282
0.2443581935705142,3.048640461407378,4.0,0.7310143699014281,0.1313371059276337,0.7840107948013698
0.16915067198679135,4.5,4.0,0.745344402824953,0.08213090490375846,0.7815074404434879
0.24041059319832375,3.113410374684605,4.0,0.7316663870628489,0.12729391408448987,0.7807077363461943
0.194571421321802,4.5,4.0,0.74262131117506,0.08290026470507321,0.7750792853139192
0.20897554817311123,3.5807020722013827,4.0,0.7399015774011356,0.10469217666939401,0.7732447032461112
0.1586503269083406,4.5,4.0,0.7467022199994356,0.08197087219021482,0.784701817241192
0.22538283934908207,3.286604385991983,4.0,0.7342433131626759,0.11715158669974314,0.7752129107742807
0.14225870881299368,4.5,4.0,0.7489525869150992,0.08176111726111907,0.7899150736174386
0.12260192672183534,4.5,4.0,0.751658879718586,0.08136757234866274,0.7959540886316326
0.24343743270677023,3.131296452673339,4.0,0.7319115644995008,0.12691025101342285,0.7798473218885418
0.23990807678812145,3.024717564356266,4.0,0.7307796442580177,0.13187984534158073,0.7856313947518732
0.2090847068952407,4.5,4.0,0.7416041371208905,0.08376484335749346,0.7727491435407084
0.12781229984417103,4.499919247388383,4.0,0.7509568273855064,0.08150300888065085,0.794417880341608
0.20416844822839486,3.577085675440829,4.0,0.740146170432692,0.10447540404197156,0.7739272177326487
0.12497195889292237,4.499999999999999,4.0,0.7513406085274889,0.08143186774764344,0.7952623986669883
0.20908699104964984,4.5,4.0,0.7416040159126189,0.0837650120464351,0.7727488766284292
0.178741659237187,4.5,4.0,0.7442044897637509,0.0823385864152302,0.7788117805121816
0.10078726337264847,4.5,4.0,0.7543506539445026,0.08042193148420948,0.8014686529254028
0.2193670666855451,3.2814142190901516,4.0,0.7343910332694068,0.11672630568968848,0.7760119106434546
0.2288404453759841,3.1884452888129178,4.0,0.7327293999336147,0.12196874833483018,0.7781456960669138
0.2394778269848121,4.5,6.0,0.7339262567231825,0.10153070703065722,0.7910841642116353
0.19619353866224093,4.5,6.0,0.7371098135856657,0.09294537869278077,0.7930405054979096
0.18013688925903773,4.5,6.0,0.7395476977671379,0.09097447214389058,0.7965445220250345
0.23409952990067548,4.5,6.0,0.7339853507225877,0.10013535999534376,0.7905403211350417
0.23638981397266473,3.166000608045222,6.0,0.7300847097481397,0.13862858436814532,0.7921039289721724
0.23630017372247972,3.1338953568272716,6.0,0.7299378949913665,0.14018797852713435,0.793490937751117
0.17190299598306358,4.5,6.0,0.7409787139611269,0.09013401552178404,0.7986881308533302
0.17513939080452368,4.5,6.0,0.7404037069157254,0.09045272845421712,0.7978234867206925
0.22962130547901954,3.206008047087328,6.0,0.7304155674724248,0.1350243606389842,0.7909080643077215
0.23638981397266473,3.2038543263193757,6.0,0.730305658161056,0.13682327461688262,0.7906799944199198
0.21332862643742492,4.499357162528131,6.0,0.735182955563897,0.09569228611121222,0.7907147318640602
0.23972626181532153,3.0980223711874304,6.0,0.7298180151551041,0.14293985752122462,0.795099154579611
0.2414160543835305,3.086179913921711,6.0,0.7298023165268693,0.1440300567319162,0.7956689184872242
0.2439521891054143,3.2165106319542276,6.0,0.7304645572781381,0.1383400053726621,0.7903372882237932
0.2230524512322628,4.5,6.0,0.7344361324182253,0.09759224690988742,0.7902089250260896
0.23864434353975558,3.1221289517994077,6.0,0.7298893344743418,0.14140833651419646,0.7939533841068875
0.17706998777053545,4.5,6.0,0.7400682430206063,0.0906498338539554,0.7973207873204882
0.22985542805134146,3.338696617083048,8.0,0.7289413762307926,0.14078660906110588,0.8062346244732023
0.23181143642727764,3.388866993372381,8.0,0.7293618790664224,0.13943660313084316,0.8054897963217479
0.22408312055642646,3.435931747933355,8.0,0.7300852184948573,0.13512721465043603,0.8050291622288086
0.23172517767160872,3.4153340642220087,8.0,0.7296291596067035,0.1383864050458277,0.8052109495776436
0.2317478879105514,3.068240616813438,10.0,0.7202271730666027,0.15837911320387063,0.8193817977339228
0.20865809487606593,3.625913511575423,10.0,0.72815627993627,0.1272810985659427,0.8068867061991474
0.19381117531265082,3.672836268734338,10.0,0.7310152886069092,0.12155787434603656,0.8080831304074196
0.23170858877544026,3.212743536263328,10.0,0.7207850974114386,0.15125409418370805,0.8121924871760582
0.2123097194444781,3.2417243323402065,10.0,0.7218129664653399,0.14263807178529217,0.8116577571147575
0.20302216211208723,3.356208292984306,10.0,0.7240091930284117,0.13488557589829642,0.8089960248065984
0.19834954050048526,3.4319861736807558,10.0,0.7257233155841641,0.1306371508137361,0.808054431987654
0.1988325317069237,3.3917328420895076,10.0,0.7250078168155331,0.1322808753699145,0.808653286735524
0.2059555044802319,3.2994277426405074,10.0,0.7229648434922734,0.1380949519046049,0.8102262558080987
0.22646014662999533,3.126767740521641,10.0,0.7203904436670999,0.15321889191811666,0.8161112911636769
0.21254593534363395,3.247216267928306,10.0,0.7218489726071191,0.14247394187369597,0.811437398333591
0.18102690766191487,3.6936375280194387,10.0,0.733568822013329,0.11781351049719466,0.8094953468908149
0.18123752832537576,3.6700212696726036,10.0,0.7330076159521471,0.11853314260060993,0.8092707757887546
0.22863443912772718,4.5,2.0,0.7601834770332321,0.07603979169009167,0.7791563620215654
0.22302397036826513,4.5,2.0,0.7599338858777449,0.07607553051970092,0.7790228731817824
0.20852912566264178,4.5,2.0,0.7596784382361178,0.07646210293211383,0.7798404008506056
0.21719320170282255,4.5,2.0,0.7597671778109729,0.0761836456239477,0.7791603458676206
0.24134050474823138,3.0,4.0,0.7305861444017167,0.13348651343975382,0.7871532714795504
0.2249972135753808,4.5,4.0,0.7411039023464454,0.08523728286714224,0.7717866306474852
0.2276073507002146,4.5,4.0,0.7410930679433996,0.0855411794878429,0.7718156945754737
0.18338022453234873,4.5,4.0,0.7436975666948853,0.08247031235236703,0.7776126823848418
0.22086228096513819,3.476397485550434,4.0,0.7375550960811662,0.10925952934915482,0.7724521835997081
0.23333550555051416,3.297910494749686,4.0,0.7342744740162231,0.11768869817074845,0.7744524073376686
0.21926959087072456,3.5244932534485143,4.0,0.7384485336406034,0.10743280878165218,0.7723124196031051
0.13648138950817906,4.5,4.0,0.7497580397269251,0.08167264473634775,0.7917451692060197
0.13102522237813027,4.5,4.0,0.7505142086944308,0.08157153471452902,0.7934403944404692
0.22465093564711514,3.2434980284744723,4.0,0.7336201186341574,0.11894761708003844,0.7765682517477788
0.1273843681225955,4.5,4.0,0.7510133321291755,0.08149149519157342,0.7945450776705025
0.13347100341577664,4.5,4.0,0.7501761874544314,0.08161937206179068,0.7926856056386861
0.15542186813092893,4.5,4.0,0.7471364252403986,0.08192934777863455,0.7857169649169372
0.23248142844055708,3.3751505796561125,4.0,0.7355669540907864,0.11442831268971229,0.7730074653887009
0.12324670586860785,4.5,4.0,0.7515726402737705,0.08138565396430694,0.7957672702723586
0.10327942865886294,4.5,4.0,0.7540712489904916,0.08056879789097215,0.8009346967715214
0.21677210433145652,3.5687117378050397,4.0,0.7393095617903819,0.10572946460975197,0.772419171326664
0.19205036665617714,4.5,4.0,0.742843865798101,0.08278775154339693,0.7756005290384452
0.2221348611863001,3.389896279771889,4.0,0.7360244494943946,0.11259379916252428,0.7733256916844727
0.23206817153962464,3.1739997194047347,4.0,0.7324701932984748,0.12307511849875528,0.778459076907649
0.1426924153505911,4.5,4.0,0.7488921158722358,0.08176718405670869,0.7897767807649323
0.24044194992557416,3.1102467509150586,4.0,0.7316298701118041,0.12745891010895746,0.7808585201901704
0.2240648312363367,3.1739997194047347,4.0,0.7326961512617731,0.12208330637141898,0.7792669618224776
0.1773688589016168,4.5,4.0,0.7443604808627855,0.08230393732394144,0.7791809255347264
0.1152284010565845,4.5,4.0,0.752623067911683,0.0811258472671044,0.7980081673047389
0.21249918657938247,4.5,4.0,0.7414378924613193,0.08402977800141295,0.7723888770718029
0.24265570231895608,3.0636591958826993,4.0,0.7311423642824758,0.13024021241181086,0.7832043870898528
0.10777359381982535,4.5,4.0,0.7535462062761328,0.08080541082034283,0.7999010378911401
0.1253768066943329,4.5,4.0,0.7512859050125086,0.08144227007342728,0.7951429135663919
0.10982422972534266,4.5,4.0,0.7532983235823909,0.08090206498032845,0.7994012639049651
0.15207811053337666,4.5,4.0,0.7475921278274023,0.08188780017070853,0.7867781636495229
0.13960030716762079,4.5,4.0,0.7493233851723766,0.08172233703839901,0.790760420954109
0.23649892610016504,3.0214220645582848,4.0,0.7307808010939322,0.13152906133408102,0.786101859552972
0.11845074323217565,4.5,4.0,0.7522070797585956,0.08123979328512809,0.7971302526585675
0.12010529630509166,4.5,4.0,0.7519901182571692,0.0812931623552342,0.7966672106404018
0.1749583445615414,4.5,4.0,0.7446405080334816,0.08224740734659367,0.7798435344663742
0.16459361779402384,4.5,4.0,0.7459219363339687,0.08205520497133076,0.7828692614611001
0.23206817153962464,3.0656374688876697,4.0,0.7312445080461977,0.12851203302611972,0.7838120171079529
0.148220347618079,4.5,4.0,0.7481236755062651,0.08183989795491045,0.7880098063908413
0.21407028754929455,3.6579114684861227,4.0,0.7409244482741306,0.10272022183370844,0.7728142772233221
0.17000572578415826,4.5,4.0,0.7452383681899672,0.08214650497066608,0.7812570249744019
0.11273750305615196,4.5,4.0,0.752938048282384,0.08102804823249611,0.7986633363856792
0.24265806861165223,3.0952420801338842,4.0,0.7314762015633375,0.1285950159421767,0.7815434717168793
0.24521261421334395,3.0341250067663297,4.0,0.7308921647109827,0.13227391890973378,0.7848440180780604
0.20417448547595768,4.5,4.0,0.741894404090036,0.08342739468584223,0.7733995911207893
0.22626046693410362,3.1256889271119745,4.0,0.7320371592974093,0.12469165915904817,0.7812365437427623
0.1924021291652183,4.499999999999999,4.0,0.742812075965252,0.08280286080501092,0.775525952902843
0.22252212509983635,3.405122624007657,4.0,0.7362700005305203,0.11205219285369113,0.7730705175081728
0.2145416721383053,3.5368823582838815,4.0,0.7388595158496124,0.10657509814788155,0.7726983601627535
0.15946153968409402,4.5,4.0,0.7465941593683907,0.08198167509829632,0.7844486259349669
0.20631658216329898,4.499999999999999,6.0,0.7358684758228224,0.09447058928142432,0.7914503778098341
0.23889439719423688,3.1593656283314253,6.0,0.7300503963121273,0.13962432512928413,0.792314703574587
0.23907200777611085,3.0854360637425433,6.0,0.729785930169649,0.14341531047792958,0.7957725741697481
0.23812572069572727,3.1210261931189973,6.0,0.7298848353711153,0.1413234038286541,0.794021101628623
0.22747358456554354,3.159068462373869,6.0,0.7302156811942707,0.13676384645783335,0.7929695503648005
0.19734893914265644,4.499999999999999,6.0,0.7369554791037872,0.09310729358385623,0.7928316942667123
0.22558424934382462,4.499999999999998,6.0,0.7342955227079574,0.0981385884891747,0.7901967682814091
0.17637427428227975,4.5,6.0,0.7401884581580019,0.0905781790100478,0.7975007469292438
0.2341033453165859,3.155148955219824,6.0,0.7300495861796573,0.1385653578421493,0.7926521731146399
0.21724415143825765,4.5,6.0,0.7348375052748496,0.09641575682465373,0.7904205008339393
0.22678006355374278,3.370512641465622,8.0,0.7293145206850197,0.13849620835699725,0.8057369331907639
0.21873354643160114,3.395238318539371,8.0,0.7299329991084996,0.13507281633706314,0.8056980060189611
0.22125524723656928,3.3585061359214756,8.0,0.7294372559667541,0.13726573959424498,0.806133034862751
0.21580659537417682,3.5319833111651957,10.0,0.7257264915758833,0.13264068779641797,0.8064669353236423
0.23223801520841128,3.06888763555158,10.0,0.720227150283913,0.1585520742640613,0.8193342721141401
0.21616983485588379,3.4941293314196495,10.0,0.7250317351753808,0.13404818848782868,0.806552192228697
0.2146289458303106,3.383961340694789,10.0,0.7233814232464894,0.13753204477598377,0.8077213717024491
0.218893001738534,3.260328154535229,10.0,0.7215838021327955,0.14411491553616526,0.8106286129400915
0.20783598324431138,3.2426913091403047,10.0,0.7221727881622588,0.14113450084759044,0.811990811937894
0.2178634132834083,3.205762515768407,10.0,0.7211556393955714,0.14619142720648554,0.8127255291748151
0.19920792794745376,3.6266262250520747,10.0,0.729297357467689,0.12440479321360474,0.8073540834825446
0.18650328508081446,3.714884445349381,10.0,0.7330836711181968,0.11851244221057781,0.8091464511076513
0.23049732681312976,3.1000329814894925,10.0,0.7202623142450395,0.1562059159060924,0.817496612742284
0.22050334583685913,3.1057705463163963,10.0,0.7205135089269713,0.15199310913506833,0.8175844865661801
0.18695858717245428,3.6411218464989283,10.0,0.7314089588279846,0.1207307227498737,0.8084745594001143
0.20775853602880326,3.260616175605473,10.0,0.7223618551067996,0.14032115218539953,0.8113371368539231
0.23042594785200837,3.0816915264366664,10.0,0.7202379094445298,0.15712210623287226,0.8185768213356575
0.20274706231690048,3.6151079958971972,10.0,0.7286155523850588,0.12578458414309088,0.8070764269320767
0.19696713270572525,3.65346325463349,10.0,0.7301536956482096,0.1229779465441919,0.8076862027416241
0.22285749158762413,4.5,2.0,0.7599278494015046,0.07607764826269346,0.7790229893583595
0.22863253727138375,4.5,2.0,0.7601833768573213,0.07603979169326178,0.779156270473225
0.22500236990735628,4.5,4.0,0.7411038598435076,0.08523786454894108,0.7717866323836967
0.24132981120659638,3.0,4.0,0.7305861440955966,0.13348473031428726,0.7871539127555507
0.21822660646289443,3.676286100790308,4.0,0.741059518475072,0.10255935546218549,0.7725905135182839
0.1066916160197874,4.5,4.0,0.7536749686261036,0.08075162933184178,0.8001578327283382
0.13345832098365668,4.5,4.0,0.7501779447488184,0.08161913512358589,0.7926895426046516
0.15909882088057328,4.5,4.0,0.7466424212917657,0.08197682271184678,0.7845617317495813
0.11096884135301574,4.5,4.0,0.7531578695612647,0.0809531088622471,0.7991151301810927
0.13914894475183348,4.5,4.0,0.7493863355504636,0.08171544937222425,0.7909034672524523
0.2322560431173837,3.2136762114079347,4.0,0.7330079418270232,0.12124679734665794,0.7769461233896284
0.11867567002007832,4.5,4.0,0.7521777124886697,0.08124724631410568,0.7970677742085267
0.22678736247689335,3.6361479571505657,4.0,0.7401961808944589,0.10468023165904769,0.77208108891539
0.21247938626330193,4.5,4.0,0.7414387688868433,0.0840281665708472,0.77239073880929
0.1218543701788943,4.5,4.0,0.7517585202999119,0.08134603643386926,0.7961693570275588
0.14753956776730087,4.5,4.0,0.7482179726518028,0.08183129581138243,0.7882275420476462
0.22222764497366554,3.3680062437402873,4.0,0.7356544986142348,0.11345773198772974,0.7736824876961648
0.10103252257203184,4.5,4.0,0.7543235517853253,0.08043690370513394,0.8014174122254023
0.21631942942144827,3.2898101857704445,4.0,0.7346668554408922,0.11607640887555269,0.7761838117582823
0.14211301666173023,4.5,4.0,0.7489729033040318,0.0817590642427151,0.7899615093231309
0.1549633041375457,4.5,4.0,0.747198589736959,0.08192359256805304,0.7858619935842677
0.2001076557336187,4.5,4.0,0.7421777631609972,0.0831839658870201,0.7740486206938462
0.21891168948993067,3.3380137359173196,4.0,0.7352941004331226,0.11431740006884027,0.774624636622158
0.1848868670296387,4.5,4.0,0.7435400341723247,0.08251839789977902,0.7772404308674637
0.21980758012457427,3.2652350208586753,4.0,0.7341297015362325,0.11747046569828858,0.7764415201914163
0.23717059133623042,3.145356216335994,4.0,0.7320507417226053,0.12519416842314557,0.7793674587050046
0.14491664281416386,4.5,4.0,0.7485822898452316,0.08179734750711548,0.7890664403600274
0.2130208953510517,3.37783173737908,4.0,0.7362360819797834,0.11219621849269269,0.7745783681533899
0.2163792696834227,3.3004372926424965,4.0,0.7348253998078228,0.11563166695793936,0.7758779044603459
0.13180514882931646,4.5,4.0,0.75040662129727,0.08158727100303192,0.7932007110072895
0.17227696103614865,4.5,4.0,0.7449606234651714,0.08219042641521117,0.7806006499707177
0.23392971402856158,3.1695768005014595,4.0,0.7323853848794369,0.12354502065785374,0.7785144777984927
0.19428051463661192,4.5,4.0,0.7426463580318916,0.08288677273579476,0.7751378404022335
0.21055064841636276,3.54967444775647,4.0,0.739284449925513,0.10582055536396831,0.7731123025469596
0.21213129887270954,3.6180067404386134,4.0,0.7403570590007378,0.10376579237705406,0.7728861533504455
0.12790445500761657,4.5,4.0,0.7509423867164353,0.08150363172069944,0.7943888198969911
0.12915588052471996,4.5,4.0,0.7507711711369431,0.08153184819975076,0.7940106540408509
0.21078284881034492,3.547975433511901,4.0,0.7392425220495933,0.10589482473766887,0.7730889644254504
0.11518366941039763,4.5,4.0,0.7526287771448921,0.08112416794405061,0.7980201195419522
0.1145353443754324,4.5,4.0,0.7527113129290413,0.08109951745936542,0.7981925986735532
0.23801627276655046,3.094766738332906,4.0,0.7314564147237366,0.12786113839583846,0.7817315327840801
0.23544716030274995,3.286841187725989,4.0,0.7340888293938924,0.11846182755071365,0.7746668708539014
0.1663380983725,4.5,4.0,0.7456984917965189,0.08208281579399365,0.7823428443443259
0.2200369991694177,3.255425614354665,4.0,0.7339756036984506,0.1179234846138586,0.7767228386146402
0.1810086985353451,4.5,4.0,0.7439527311073287,0.08240001867248818,0.7782160991789863
0.23802628147115654,3.2444150244667433,4.0,0.7334312009662757,0.12070098370463982,0.7757636107067951
0.12503202909395586,4.5,4.0,0.7513324976667685,0.08143342160466267,0.7952446934534915
0.14013709488172843,4.5,4.0,0.7492485114164077,0.08173040661915953,0.7905900994313326
0.23812405342732731,3.18001506562509,4.0,0.732501856026574,0.12367261146529727,0.7779184210965536
0.16794841480278522,4.5,4.0,0.7454947900617335,0.08210976847988852,0.7818624145445495
0.23890402743642292,3.120630066990258,6.0,0.7298846281396689,0.14155516400350882,0.7940167017328879
0.18027161134055597,4.5,6.0,0.7395251929504648,0.09098907085816363,0.7965110890525217
0.22273458597154677,4.5,6.0,0.7344552897613159,0.09752512311303091,0.7902139730431464
0.23272005667012385,3.13762356267512,6.0,0.7299927852993608,0.13908320638912794,0.7935140329229308
0.22472979813961075,3.2015168324599723,6.0,0.7305447061022745,0.13411042077327284,0.7914889565532934
0.1762001203617399,4.5,6.0,0.7402186706177721,0.09056035338346231,0.797546008538298
0.20393427568922234,4.5,6.0,0.736137339801032,0.09408924083982326,0.7917738403875606
0.21421226757389134,4.5,6.0,0.7350887435327916,0.09584227627509577,0.7906272413093315
0.23847815201715242,3.0641633582142034,6.0,0.7297510630218861,0.1443791102098542,0.7969672888235235
0.2339412797653112,3.2015168324599723,6.0,0.7303086952028848,0.13629883571152623,0.790836864501338
0.1738239439817162,4.5,6.0,0.7406355605651904,0.0903214682409305,0.7981717541998472
0.17128083798833055,4.5,6.0,0.7410909821759508,0.09007434068607667,0.7988572539344839
0.21175555234068594,4.5,6.0,0.7353123762779632,0.09539707970425985,0.7908405438125776
0.2309634552625908,4.5,6.0,0.7340695784925557,0.09937058075054214,0.790342517508818
0.2318764632649478,3.07083834589633,10.0,0.7202273636734258,0.15829658606555486,0.8192176561281188
0.21671787691940372,3.534684223933098,10.0,0.7257055093814166,0.13287052800372035,0.8064621707970288
0.19446380264393373,3.6611196039596363,10.0,0.7306721317125517,0.12207111609588678,0.8079345670741809
0.20639654126246393,3.2927834283005404,10.0,0.722844131519097,0.13851189612982695,0.8103899466063228
0.19242289789117872,3.559168583997415,10.0,0.7288705355051752,0.12464899784180052,0.8077261614317632
0.17711766493318035,3.64215235545834,10.0,0.7331279510473426,0.11842887888581366,0.8095530988032981
0.21033268875209862,3.2699400759762263,10.0,0.7222490991565814,0.1407462498772562,0.8108043242668578
0.22728677124579602,3.1425326357022136,10.0,0.7204337553625161,0.15276897207554657,0.8152716413786439
0.19458994457008796,3.396576423249948,10.0,0.7256042053741913,0.1309209447221235,0.8089950312962415
0.19252396136543257,3.684756667187972,10.0,0.7314624813666222,0.12087704534749653,0.808295654682125
0.20750915618870605,3.4402061008238234,10.0,0.72486169178404,0.13307569849277756,0.807263524535035
0.20597033880457172,3.3261214515006285,10.0,0.7233020756910115,0.1369946584559723,0.8094765012404894
0.21067232499593652,3.58570594057544,10.0,0.7271721612076152,0.12917052741122764,0.8066300452004975
0.22660385454726734,3.202132569883345,10.0,0.7207877545105761,0.14965705373178084,0.8125775495834424
0.2272930806869151,3.201616222072632,10.0,0.7207681626321447,0.14995550856441262,0.8125923890318985
0.21639745874126515,3.5366075691570646,10.0,0.7257643006953072,0.13269425695065865,0.8064627029728891
0.2286112835308015,4.5,2.0,0.760182258100588,0.07603979230470992,0.7791552495808594
0.2230316543952097,4.5,2.0,0.7599341663583138,0.07607543419702426,0.7790228733617733
0.2085067793284732,4.5,2.0,0.7596784377801017,0.07646298558102027,0.7798428409359763
0.24130847468601177,3.0,4.0,0.7305861445621102,0.1334811736922119,0.7871551949790423
0.22495170890740998,4.5,4.0,0.7411042810188432,0.08523215268633422,0.7717866247744017
0.1479456907418632,4.5,4.0,0.748161704134109,0.08183643572525237,0.7880976447148518
0.21185411565240905,4.5,4.0,0.7414669779829838,0.08397773710571932,0.772450914519062
0.18236704341621973,4.5,4.0,0.7438055237199676,0.08243949532883393,0.7778679243095064
0.16165974364264757,4.5,4.0,0.7463036958956977,0.0820119518718316,0.7837670600697199
0.10951858797264451,4.5,4.0,0.7533355797034961,0.0808880875515682,0.7994768134168914
0.13705367923936002,4.5,4.0,0.7496783621131171,0.08168214947287944,0.7915651799366998
0.1922320090950426,4.5,4.0,0.7428274208326784,0.08279553020718917,0.7755619460266487
0.14059135782240292,4.5,4.0,0.7491851446870369,0.08173713640927358,0.7904458026269416
0.23474902646749773,3.1663252442485503,4.0,0.7323341839858094,0.12381819287353446,0.7785998690297652
0.11569858330188319,4.5,4.0,0.7525629447215705,0.08114333314343991,0.7978821347117643
0.2305085813305737,3.572545332679473,4.0,0.7390662881761233,0.10713778781917394,0.7718694488735125
0.21565017654341542,3.5173114780430392,4.0,0.7384706494172009,0.10733356557606577,0.7726660722848157
0.10583040698288937,4.5,4.0,0.7537764156845612,0.08070740521195599,0.8003587063920833
0.22397207282477,3.375836560818328,4.0,0.7357296647897186,0.11334148171809497,0.7734019937805194
0.13107273338772074,4.5,4.0,0.7505076607105379,0.08157250674782085,0.793425822044752
0.17417374023806131,4.5,4.0,0.7447332669990537,0.08223012056669174,0.7800629731636134
0.12145780855498195,4.5,4.0,0.751811221810662,0.08133435766252778,0.7962829585945972
0.12631061899797785,4.5,4.0,0.7511593811269192,0.08146564680262805,0.7948659121945754
0.11778058585319204,4.5,4.0,0.7522943318070858,0.08121720964415352,0.7973155038514796
0.1266441861722042,4.5,4.0,0.7511140728252189,0.08147379295776772,0.7947665034530325
0.224804144156023,3.464439087657123,4.0,0.7372333992310534,0.11011563037968855,0.7722875053291239
0.22255829997468363,3.411770445772298,4.0,0.7363823616997346,0.11180418346616655,0.7729781009995157
0.13419212400423694,4.5,4.0,0.7500762010235783,0.0816326641325234,0.792461384410572
0.23901285425792307,3.1994493770871535,4.0,0.7327745379674951,0.12290081308410686,0.7771908747850843
0.22475670100827155,3.1691892904706123,4.0,0.7326092311432303,0.12239125446017622,0.7793884394130774
0.22527973803638882,3.340998272637032,4.0,0.7351139186073342,0.11487734684951917,0.7739431092408084
0.1010976162994399,4.5,4.0,0.7543163439195152,0.08044085815639085,0.8014037638527196
0.2430212080951415,3.0730902170859626,4.0,0.7312416964124533,0.12980657879537275,0.7826825091566233
0.1567780480554957,4.5,4.0,0.7469532630582928,0.08194654760743852,0.7852891907105074
0.23407889195200995,3.100181564457138,4.0,0.7315539563052332,0.12699762664744482,0.7817177499246737
0.20958537073799136,3.6362933566827484,4.0,0.7407951924406427,0.1030056589930822,0.7732071974585344
0.1676209056357864,4.5,4.0,0.7455360125456922,0.0821041648739741,0.781959675138751
0.14042856829954445,4.5,4.0,0.7492078529408666,0.08173473493185435,0.7904975289811605
0.2157231970396016,3.475632753819827,4.0,0.7377475292209102,0.10878878273674103,0.7729322972599935
0.21104847004954438,3.6067048611974073,4.0,0.7402238416362372,0.10402948922955736,0.7729904726430188
0.21218548619885813,3.5620366098121456,4.0,0.7394075628396761,0.10554575361208854,0.7728860197883087
0.12108808544596661,4.5,4.0,0.7518602568317667,0.08132330770950894,0.7963884937967828
0.22121952585914237,3.390186277417061,4.0,0.7360612503646896,0.11248578753807993,0.7734022707911604
0.2412916153907753,3.017544594942312,4.0,0.7307201851137509,0.13250174526479128,0.7860063097707332
0.22095047672221987,3.3215590953567773,4.0,0.7349457815810545,0.1151970767442026,0.774769718368046
0.15182272326179463,4.5,4.0,0.7476271452036338,0.08188464865962992,0.7868595151450718
0.21399265050561328,3.573269474684265,4.0,0.7395099144011942,0.10533334347964188,0.772675382834106
0.22120483998503251,3.1882474819415125,4.0,0.7329987577914806,0.1210998763869764,0.7790470365865056
0.21581903003636954,3.4757569734746827,4.0,0.7377452405186763,0.10879304109432272,0.7729209523774275
0.23514791435538265,3.2726600008360167,4.0,0.7338649402587231,0.1190276374646132,0.7750298142626246
0.23858870041925895,3.0414846000619606,6.0,0.7297369819267975,0.14563444944600706,0.7982993948462604
0.17988235652461262,4.5,6.0,0.7395903012661227,0.09094696994628754,0.7966078455113214
0.21670601296143754,4.5,6.0,0.7348800614769716,0.09631198658826991,0.7904525231787118
0.23961515538434577,4.5,6.0,0.7339261999012635,0.10156776215452516,0.7911015497397587
0.20611472035685346,4.5,6.0,0.7358906755482546,0.09443771390611894,0.7914764983025876
0.17214761518372626,4.5,6.0,0.7409347214091355,0.09015761519680573,0.7986218808159055
0.24057512553228388,3.0905729079830655,6.0,0.7298047547828923,0.14356342061990582,0.795458537306404
0.24168460384340862,3.17021117127567,6.0,0.7301317943823725,0.13987535030428433,0.7918773083388768
0.24099897804425047,3.226205240380732,6.0,0.7304812168563906,0.13704390090011243,0.7899511032796268
0.19366066001814713,4.5,6.0,0.7374588298484975,0.09260065688682158,0.7935208280713721
0.2374721438247378,4.5,6.0,0.7339354154724632,0.10099770248355379,0.7908503580274678
0.23745405610788684,3.117020013189258,6.0,0.7298717034135425,0.14134603597522558,0.7942361647597903
0.17573513397412668,4.5,6.0,0.7402995694840796,0.09051297532160496,0.7976672674775818
0.21976739511597454,3.359428504435639,8.0,0.729525029535632,0.13678802421056263,0.8062022575373193
0.21666610349382937,3.541854704410322,10.0,0.7258386542914725,0.13261582822119994,0.8064632838445532
0.22078076221797546,3.209403014710956,10.0,0.7210414816221377,0.1470875689949938,0.8124335013551433
0.22410366452173985,3.2946219736135736,10.0,0.7217106430219847,0.14459030574244114,0.8094853153892878
0.18362709190905133,3.667671957931826,10.0,0.7325402206617774,0.11915458582909806,0.8089963774754038
0.2237273345298041,3.116576586408278,10.0,0.7204289755416222,0.15266242378309064,0.8167767794716024
0.22729453555811446,3.1046276323546,10.0,0.7203111323868738,0.15466573405465037,0.8173087889730704
0.2294412874893128,3.2193695813859255,10.0,0.7208599421351353,0.15001034942552224,0.8119080196801829
0.22425039579722147,3.354955386020353,10.0,0.7224372471789623,0.14217560217371178,0.8081078542110811
0.19417177509370154,3.561355884594106,10.0,0.7286660806937282,0.12504251439957373,0.8075659432223653
0.1940063193765158,3.494996500392676,10.0,0.7274046630044484,0.12720449614690463,0.8078179355420284
0.18697892656842516,3.5604682011292716,10.0,0.7297136845728138,0.12322571130090353,0.8082695815296433
0.19798103975058767,3.5642479987150635,10.0,0.7282077850219435,0.12599533925000908,0.8072509742655415
0.23319456369940078,3.096819498270966,10.0,0.7202522196921171,0.15750769012360216,0.8176617931944955
0.18481909184473064,3.566009165586246,10.0,0.7301700533946966,0.12252526526721107,0.8084979057642171
0.2280643412195205,3.19559643035563,10.0,0.7207108360285277,0.15054486587163424,0.8128340405227105
0.20925572661889713,3.535679316258431,10.0,0.7263697755486058,0.13032164138710273,0.8066094817320564
0.2242849918506764,3.431097602721154,10.0,0.7235240366120936,0.13927677767950372,0.8070358625405224
0.2244735387585287,3.3881801613547586,10.0,0.7228823756753591,0.1409634367085867,0.8075570446527591
0.18161360650729208,3.57384561092263,10.0,0.7308609660664278,0.12152517927938288,0.8088541359572584
0.2173185220552602,3.4925475581668786,10.0,0.7249215141956503,0.13450782556684204,0.8065503812878677
0.220120394295365,3.420226492155132,10.0,0.7235672431447987,0.13811207216022514,0.8071045644122873
0.22299804820464142,4.5,2.0,0.759932940884326,0.07607585639338676,0.7790228761844453
0.20852421178842148,4.5,2.0,0.7596784380395983,0.0764622969553378,0.7798409371263524
0.24125681032374566,3.0,4.0,0.7305861516351336,0.13347256827640055,0.7871583146769024
0.22490799096173278,4.5,4.0,0.7411046508841719,0.08522722929357679,0.7717866351133525
0.21075143290006368,3.656946545695749,4.0,0.7410700573693711,0.10247538033991258,0.7731382277370292
0.22737953120052304,4.5,4.0,0.7410931531300062,0.08551389228842793,0.771810885440948
0.1498990822094527,4.5,4.0,0.7478917296565097,0.08186086515966791,0.7874732379738039
0.11072494690193979,4.5,4.0,0.7531879192765543,0.0809424028963211,0.7991765192087374
0.14182049943970668,4.5,4.0,0.7490136975601863,0.08175491870329163,0.7900547093586479
0.1271176018470842,4.5,4.0,0.7510496711988033,0.08148517398547157,0.7946250124432183
0.22147885048407212,3.3441341051031594,4.0,0.7352885666883326,0.1143307125775361,0.7742143600199005
0.13818595471912828,4.5,4.0,0.7495206010775898,0.08170042540667458,0.7912080936267649
0.22184820618548443,3.238559845056313,4.0,0.7336545367025099,0.1188598783315254,0.7770540060189733
0.1169480381494927,4.499999999999999,4.0,0.752402199794328,0.08118835225275788,0.7975437295588721
0.21553192257050635,3.6175684810044157,4.0,0.7401921955983956,0.1040710345975835,0.7725595576024866
0.13025693637235264,4.5,4.0,0.7506199810251498,0.08155556845177309,0.7936755104150939
0.12087687899537551,4.5,4.0,0.7518882244317557,0.08131692463426335,0.7964486155722639
0.2076381740913006,3.5017865844014846,4.0,0.738641278901258,0.10722082945550977,0.7737606014691544
0.22587455966107634,3.165575981108066,4.0,0.7325237668316382,0.12269383557023711,0.7794109438027044
0.23624339472589434,3.1040665387203337,4.0,0.7315698306352066,0.12711537365971878,0.781361174072052
0.21441383455545973,4.5,4.0,0.741358093027941,0.08418986129829281,0.7722217279683243
0.156910941303301,4.5,4.0,0.74693537237661,0.0819482498447689,0.7852473712123839
0.10909483116896884,4.5,4.0,0.7533870563540785,0.08086846271677375,0.7995809520940567
0.17467103180227356,4.5,4.0,0.7446743857416257,0.08224101609434911,0.779923682496201
0.12376027740917281,4.5,4.0,0.7515037594549635,0.08139973622199584,0.7956177284382686
0.22861444540531553,3.2831564223948533,4.0,0.7341074422761248,0.11768942032867397,0.7750517687511392
0.20839462479022222,3.6286617061639728,4.0,0.7407372648297799,0.10314925024800833,0.7733352829687755
0.2324891654024591,3.2831564223948533,4.0,0.7340468435877268,0.11819884813857703,0.7748426252080117
0.2366721109433543,3.3917743433565626,4.0,0.7358602732992877,0.11438672550698327,0.7727889078807466
0.15957677432771977,4.5,4.0,0.74657884577115,0.08198322447647541,0.784412728670319
0.21171966217982083,3.494045558714865,4.0,0.7382669026653514,0.10779951246282088,0.7732575781401354
0.20964142228784477,3.5342471091280205,4.0,0.7390728773359865,0.10626346429409474,0.773287566201751
0.132299968579901,4.5,4.0,0.7503382600171108,0.08159701636142036,0.793048142726285
0.1707210014086301,4.5,4.0,0.7451502750716217,0.08215993681727021,0.7810489056644131
0.13450613451132837,4.5,4.0,0.7500326230578713,0.08163834358649848,0.7923635287943657
0.16357997691133985,4.5,4.0,0.7460530190243779,0.0820398434453326,0.7831777728231785
0.1824691979928705,4.5,4.0,0.7437945666306173,0.08244254849624065,0.7778420142858514
0.19417739809909207,4.5,4.0,0.7426552765226085,0.0828820227076867,0.7751586973860671
0.23597834341453575,3.0834628218726343,4.0,0.7313523737621005,0.12813505249420176,0.7824574045705327
0.18396623774257187,4.499999999999999,4.0,0.7436358617456886,0.08248868890723673,0.7774668410041983
0.24183468317037965,3.0041549429241043,4.0,0.7306172393166317,0.1333366328557936,0.7868479606155879
0.10397387227141007,4.5,4.0,0.7539918477221431,0.080607679771348,0.8007807747684709
0.23159876844657754,3.4969894856150563,4.0,0.7377186735252375,0.1098123963186791,0.77193489334114
0.10531633099365578,4.5,4.0,0.7538365207845662,0.08068039757145673,0.8004770933215054
0.21733229915724933,3.4553291809727007,4.0,0.737325950181954,0.10966480741399183,0.7729489949253974
0.16501330656047047,4.5,4.0,0.7458679265714673,0.08206170700814064,0.7827420778541886
0.23136114390431198,3.3536357660972476,4.0,0.7352095215505231,0.1151276448421499,0.7733790110577272
0.23960264965313308,4.5,6.0,0.7339262020304669,0.1015643847573415,0.791099959175186
0.1771097468879826,4.5,6.0,0.7400613961514313,0.09065395048786482,0.7973105445141667
0.21796054473855633,4.5,6.0,0.7347822373970532,0.09655524830898882,0.7903810595660752
0.19702589149727687,4.5,6.0,0.7369983176721624,0.09306172241195557,0.7928894121517094
0.17155670627234382,4.499999999999999,6.0,0.7410411350876422,0.09010073955172969,0.7987821541891843
0.22521979648171367,3.190750356594046,6.0,0.7304615142797909,0.13472717356420374,0.7918599756944005
0.1851668971539313,4.5,6.0,0.7387293186079749,0.09154008028493471,0.7953378056940326
0.18131962453839187,4.5,6.0,0.7393511976684697,0.09110363987984396,0.7962530192713587
0.2076469440994266,4.5,6.0,0.73572491187693,0.0946899044978953,0.7912843278130435
0.23373853845906026,3.116043302017509,6.0,0.7298989363612005,0.14042713181510402,0.7944781551090141
0.23107004188664554,3.1699990981811785,6.0,0.7301735243567107,0.13708568440078586,0.792207833764849
0.238749263020397,3.0797930901914747,6.0,0.7297743391815468,0.14362351299646187,0.7960873316486382
0.1911035701684227,4.5,6.0,0.7378255669808116,0.09226638316116066,0.7940357578358541
0.23851804076806082,3.1377409482104595,6.0,0.7299497850567223,0.14058940502412182,0.7932437529079078
0.23734108749012517,4.5,8.0,0.7336137155122463,0.11342026677631849,0.8131902901974848
0.22204532496981644,3.4501389674618053,8.0,0.7303384168552608,0.13397844027679212,0.8049740333909539
0.2423581822198886,4.4995460956570605,8.0,0.7334467197325958,0.11527717241039029,0.8139113874521945
0.22827393865229237,3.367216154963352,8.0,0.7292369428762772,0.13911081732129474,0.8057667537551314
0.23099209323581008,3.4343415709882588,8.0,0.7298432795843441,0.13742103682791112,0.8050407097635766
0.21690995297115642,3.53805293571482,10.0,0.7257517506468965,0.13282696858283605,0.8064619583632151
0.23221797185334753,3.068731179587756,10.0,0.7202271268626561,0.15855182569761067,0.8193443008130752
0.19440336558644167,3.4748190392916873,10.0,0.7269783073298152,0.1280120335129073,0.8079418857959315
0.2102695079589291,3.502668520986745,10.0,0.7256744626577519,0.13175950350085855,0.8066570168629171
0.2118685577871491,3.306524244319704,10.0,0.7225494684084738,0.13970118746763152,0.8095774388075868
0.1942203033357541,3.631166077811368,10.0,0.7300820225986968,0.12288943603486371,0.8077523659829262
0.23448159552484268,3.2392705430684714,10.0,0.7209885475469101,0.1512386915708674,0.8113563883282752
0.23627427668450882,3.1377420149522766,10.0,0.7203846972251289,0.15679074433027596,0.8155512289573705
0.19542460147594318,3.5400079088734935,10.0,0.7280730236549624,0.12607467761459454,0.8074830901730623
0.21381250096621707,3.375997781729315,10.0,0.7233261411981491,0.1375605053539704,0.8078914321498721
0.21170440300102458,3.4183736129957825,10.0,0.7241310109409531,0.1352390036433067,0.807319140285078
0.2189961870740379,3.161920759227973,10.0,0.7208084215550842,0.14866436824501955,0.8146553094467531
