seed,a,b,N,R,P,U
202601,0.22305029812053964,4.5,2.0,0.7599348475699632,0.07607520101266613,0.7790228758329141
202601,0.22864783647351206,4.5,2.0,0.7601841830138629,0.07603979190770968,0.7791570078301275
202601,0.2085345033639461,4.5,2.0,0.7596784385133786,0.07646189063867778,0.779839814142335
202601,0.1,4.5,4.0,0.7544370512906237,0.0803730898653527,0.8016311570728486
202601,0.24137615830780312,3.0,4.0,0.7305861480278971,0.133492461491962,0.7871511399271264
202601,0.22496983036861196,4.5,4.0,0.741104129447701,0.08523419501245827,0.7717866250796219
202601,0.24835437663291354,3.0,4.0,0.7306661432175555,0.13474457595916361,0.7869336495622035
202601,0.22753719339418754,4.5,4.0,0.7410930764676648,0.08553276064784157,0.7718141667935181
202601,0.21420402018973905,3.6651414219858527,4.0,0.7410361984114273,0.10251773785356223,0.7728336306413481
202601,0.12492959686000119,4.5,4.0,0.7513463271304164,0.08143076976532773,0.7952748795485901
202601,0.12004057680558089,4.5,4.0,0.7519986448183648,0.0812911371892579,0.7966854707331584
202601,0.23409891233470212,3.099028211379046,4.0,0.7315412221318616,0.12705944401239214,0.7817760833341985
202601,0.1846888323284197,4.5,4.0,0.7435605316618681,0.08251191949392624,0.7772888509128091
202601,0.20687852953791466,3.480360398760288,4.0,0.7383264896256649,0.10791613466529247,0.7740572197029386
202601,0.24137615830780312,3.06738069971345,4.0,0.7311712202277069,0.12982728002467728,0.7830397431463704
202601,0.2071580592962375,3.5184623067700365,4.0,0.7389557634082057,0.10661479150871557,0.7737176666883858
202601,0.17585696104931753,4.5,4.0,0.7445352288216915,0.08226786351114126,0.779594440090458
202601,0.22987448864518115,3.19478172366276,4.0,0.7327898030578232,0.12180411699018985,0.7778086787638482
202601,0.21726841796777177,3.622795652060637,4.0,0.740210481233049,0.10406993470816185,0.7724329809685334
202601,0.21958559223359847,3.150036462343011,4.0,0.732607726290927,0.12276374540272891,0.7810070526202827
202601,0.20551668073669585,4.5,4.0,0.7418092675096747,0.083514743177584,0.7732068706222441
202601,0.2288565144250265,3.294650245616893,4.0,0.7342826099019701,0.11723016530691152,0.7747402237127067
202601,0.14813355575874698,4.5,4.0,0.7481356903350358,0.08183880503320011,0.7880375623571721
202601,0.15630757993836647,4.5,4.0,0.7470166836561258,0.0819405470423426,0.7854373855685141
202601,0.2281475503180433,3.31076931049386,4.0,0.7345537098932802,0.11646375330728526,0.7743974892779525
202601,0.2103346562085844,3.4665263660163452,4.0,0.7378758468725548,0.10866206667683784,0.7736846338794817
202601,0.12809446020916748,4.5,4.0,0.7509164361938734,0.08150800468237951,0.7943315984651845
202601,0.2371658929304533,3.0491370927347035,4.0,0.7310077445551308,0.1301247600820873,0.7843214645672322
202601,0.21440012139319578,3.6651027696784064,4.0,0.7410269522462274,0.1025359238043328,0.7728164489402964
202601,0.1376589501585249,4.5,4.0,0.7495940464668703,0.081692004193901,0.7913744503059968
202601,0.16387679384445736,4.5,4.0,0.7460145432228099,0.0820442930286171,0.783087242472081
202601,0.2177492252067898,3.5790981943323668,4.0,0.739449535157819,0.10548694215747792,0.7723353408773769
202601,0.21196716369408344,3.304602325279485,4.0,0.7351391583854219,0.11507602731838666,0.7764363983851584
202601,0.2296230035270846,3.1158270026281034,4.0,0.7318208743051926,0.1256008338763509,0.7813376266970941
202601,0.23410222169911446,3.160210219539989,4.0,0.732262423411584,0.12401954584836417,0.7788933465054336
202601,0.22967276778767318,3.1305049844900683,4.0,0.7319857834173934,0.12487333788165873,0.7806059518097974
202601,0.21679794121749754,3.3980532076724415,4.0,0.7363764465206534,0.1117471682734657,0.7737396977262457
202601,0.22760872235132945,3.0650828950617752,4.0,0.7313718167317151,0.12796572789433833,0.7843900844163677
202601,0.2163296921515386,3.4175127633117546,4.0,0.7367258579503987,0.11096590102005092,0.7735062503309865
202601,0.10748050250089825,4.5,4.0,0.7535812277141561,0.08079103552835941,0.7999710799569809
202601,0.10246009731303568,4.5,4.0,0.7541640765410097,0.08052179173960339,0.8011134582946082
202601,0.1414944254061179,4.5,4.0,0.7490591761810053,0.08175025959477131,0.7901585472749743
202601,0.21355772846628204,4.5,4.0,0.7413925572428027,0.08411723367615448,0.7722932984261638
202601,0.2288565144250265,3.2636137967857453,4.0,0.7338020652313314,0.11856530439662913,0.7755767948853682
202601,0.2369308641621236,3.0179918324899777,4.0,0.7307484704093127,0.13178329907431696,0.7862869879409877
202601,0.16334694827994878,4.5,4.0,0.7460832784174015,0.08203637736288627,0.7832489557835758
202601,0.21445187363203025,3.4482336962423643,4.0,0.7373391440607698,0.10966123041018803,0.7733443539007105
202601,0.1308559065486981,4.5,4.0,0.7505375373704667,0.08156805628459002,0.7934922956994611
202601,0.194290027388449,4.5,4.0,0.7426455363384219,0.08288721179039688,0.7751359189578548
202601,0.17824813942557263,4.5,4.0,0.7442602683384345,0.08232591606529992,0.7789437763551333
202601,0.21694670003827135,3.1765076252033353,4.0,0.7330674848517952,0.12123527692620113,0.7802154251315352
202601,0.2222823183304234,3.3267992408039273,4.0,0.7349790070605825,0.11512191397320565,0.7745102984885579
202601,0.1335381602396235,4.5,4.0,0.7501668814164596,0.08162062486437477,0.7926647545942038
202601,0.14433572875681702,4.5,4.0,0.7486631491115736,0.08178961047821946,0.7892521096833295
202601,0.228685840159958,3.1471372732862175,4.0,0.7322092236971525,0.12392856348407756,0.7799251025368734
202601,0.1133318748886791,4.5,4.0,0.7528634452427325,0.08105219064592398,0.7985089613035361
202601,0.110419642555487,4.5,4.0,0.7532254428997643,0.08092887178345132,0.799253046864476
202601,0.19117424195301239,4.499999999999999,4.0,0.7429240601280354,0.0827509278142203,0.775788813690532
202601,0.214576494049375,3.437779083016078,4.0,0.7371548646777732,0.11005510611660173,0.7734510372022805
202601,0.2095059599921351,3.3555441056268176,4.0,0.7360887597722866,0.11279767127955374,0.7755742876406206
202601,0.11761499894596,4.496666229927658,4.0,0.7523905277224783,0.08127404349179175,0.7974074802773595
202601,0.1342508212966357,4.5,4.0,0.7500680568203009,0.08163373071201935,0.7924431023653835
202601,0.23809177443457571,3.039094955008738,6.0,0.7297376735778582,0.14563021218893893,0.7984740560151474
202601,0.24318114983884145,3.06273327910551,6.0,0.7297851970611194,0.14577849664141296,0.7969058343456579
202601,0.23965427398100955,4.5,6.0,0.7339261971828457,0.10157833070900103,0.7911065346407476
202601,0.21443353667506018,3.9242074147173094,6.0,0.7386642206028253,0.10758566733930655,0.7900203619627426
202601,0.21912577327277818,4.5,6.0,0.7346957538802515,0.09678545591450638,0.7903247782933056
202601,0.18229922641103952,4.5,6.0,0.7391903034888421,0.09121236672784426,0.796015088104939
202601,0.17850767591413877,4.492634170336653,6.0,0.7399877351485047,0.09093810199328453,0.7970882632077535
202601,0.23438949480229426,4.5,6.0,0.7339793835847059,0.10020785795481627,0.7905629607503953
202601,0.22411618606760925,3.1800594411929177,6.0,0.7304457745973303,0.13499261686472067,0.7924120468182452
202601,0.17494334095916902,4.5,6.0,0.7404380959411869,0.09043301248949447,0.797875104292895
202601,0.21151901736179002,4.5,6.0,0.7353348330171402,0.09535511375986894,0.7908631799549852
202601,0.23736355307704388,3.0875849620303035,6.0,0.7297912755946476,0.14284007172146596,0.7957311240621548
202601,0.22870222407550833,3.147238244119537,6.0,0.7301248335278429,0.13763160860676432,0.793387540427419
202601,0.2044517346256193,4.5,6.0,0.7360776736492416,0.09417085052739199,0.7917007862298995
202601,0.22391028266248983,3.2208874106911813,6.0,0.7307026659059906,0.13302951973010563,0.7908561914843477
202601,0.24266208756152832,3.168685155781871,6.0,0.7301385721565523,0.14022929284919947,0.7919486369640589
202601,0.23438975440990045,3.167687631534975,6.0,0.7301084918468201,0.13802704387561032,0.7921131659190419
202601,0.1912287401603494,4.5,6.0,0.7378072879873281,0.09228243395320751,0.7940098763706444
202601,0.18753508433355667,4.5,6.0,0.7383603548017902,0.0918217921765347,0.7948014551024104
202601,0.17341832655847206,4.493388029811955,6.0,0.7408542378051334,0.09040521126030589,0.7983955185561807
202601,0.23811649561830536,3.0865098223842593,6.0,0.7297874578924304,0.14309885416428433,0.7957537214535978
202601,0.2040373673727001,4.5,6.0,0.7361253972411222,0.09410544615834276,0.7917591640119342
202601,0.19060771326712334,4.5,6.0,0.7378983038028797,0.09220310817074029,0.7941389533948475
202601,0.23802345010867948,3.3719117215278276,8.0,0.729163022685245,0.14230624125383529,0.8059398913179663
202601,0.23645632991029697,3.3341183379052906,8.0,0.7288264112822351,0.1432655025988346,0.8064287338182096
202601,0.2218905986117792,3.413601300756717,8.0,0.7299495895293487,0.13529913598175514,0.8053121540172631
202601,0.2279382776166906,3.336019992887986,8.0,0.7289687452907119,0.14026552040151274,0.8063068752841959
202601,0.23191341059434564,3.0634271150195604,10.0,0.7202275524668174,0.15870316534700846,0.8196830140452761
202601,0.21673563729963094,3.532929419679011,10.0,0.7256726820164648,0.1329349174959068,0.8064625928324994
202601,0.2358668520905965,3.063353820549746,10.0,0.7202551819201268,0.1604133845906015,0.8196718433886879
202601,0.1891383351223537,3.512057228838395,10.0,0.728420096499858,0.12535831314970733,0.8082025856593432
202601,0.180688348105404,3.6298975846323156,10.0,0.7322221863782724,0.11958624123557607,0.8090836711494602
202601,0.18905140189387865,3.623859641078334,10.0,0.7307083576517293,0.1217664123604614,0.8081780832306802
202601,0.17776655919295423,3.646807954645708,10.0,0.7331136715846263,0.11843290740402902,0.8095039577462269
202601,0.22372252115829633,3.2823063397841814,10.0,0.7215914245880527,0.14496685090302736,0.8098317419128378
202601,0.21984958963971454,3.150191384294243,10.0,0.7207078087971474,0.14954345928607005,0.8151905963762474
202601,0.21694455878774677,3.507105081293628,10.0,0.7252001639256193,0.1338761977288953,0.8065016981681522
202601,0.21511844350543455,3.1434993098231327,10.0,0.720920156029122,0.1481812736713101,0.8158797579506719
202601,0.18759033539822112,3.552289825696953,10.0,0.7294524200724931,0.12364032773915473,0.8082166028070914
202601,0.201098377808672,3.549011447947469,10.0,0.7275179155149222,0.1273805107685605,0.8070290931378635
202601,0.20300177803617384,3.3478312097921226,10.0,0.7238920649118237,0.13521271408128815,0.809191082126567
202601,0.18127793220527633,3.523854834312477,10.0,0.7298840359884614,0.12307455145003009,0.8090280351293457
202601,0.2071420148867759,3.241104093124341,10.0,0.7222166773145885,0.14098543898840762,0.8121163402956924
202601,0.2008318107132663,3.5618268851389407,10.0,0.7277984360601176,0.12688822011715,0.8070447668541113
202601,0.23476868899089268,3.1310023169631567,10.0,0.7203453798807101,0.15646284208797595,0.8158452700676717
202601,0.22331627291720296,3.40218721649945,10.0,0.7231337317428003,0.13998488038743256,0.8073456309465608
202601,0.21144389477241188,3.1594223764920244,10.0,0.7212415749072089,0.14616011565964407,0.81537621716589
202601,0.23465348584683068,3.165705996903049,10.0,0.7204908444637018,0.15471909212972917,0.8141971032453372
202601,0.2136460738250485,3.6034536515426367,10.0,0.7272342886758429,0.12960979703559833,0.8066582733296441
202601,0.21383870192951795,3.542188491611452,10.0,0.7260710220056281,0.13162586239639604,0.8064862120274832
202601,0.23205104371111332,3.176473995651239,10.0,0.7205460442598802,0.15308990000037498,0.8136657151938644
202602,0.22303855745950102,4.5,2.0,0.7599344184724139,0.0760753477713412,0.7790228739408064
202602,0.2286304542069804,4.5,2.0,0.7601832671490939,0.07603979170645053,0.7791561702390412
202602,0.20851552692518227,4.5,2.0,0.7596784378249662,0.07646263996887795,0.7798418853485982
202602,0.2169310406227755,4.49426346573607,2.0,0.7598835833429479,0.07629250188833327,0.7794013018186886
202602,0.1,4.5,4.0,0.7544370512906237,0.0803730898653527,0.8016311570728486
202602,0.2249833657753134,4.5,4.0,0.741104016901111,0.0852357210689896,0.7717866270635372
202602,0.24129118929659726,3.0,4.0,0.7305861459922208,0.13347829353001894,0.7871562363893201
202602,0.2488920160974437,3.0,4.0,0.7306790395910802,0.13484849719643022,0.786933914198007
202602,0.20547757397822908,3.63674006225016,4.0,0.741049170253361,0.10269899787108691,0.7737344597110363
202602,0.227595954792372,4.5,4.0,0.7410930682550355,0.08553981103275471,0.7718154435762953
202602,0.23096374705107314,3.1136341183827025,4.0,0.7317623559108408,0.1258863406600809,0.7813097438500962
202602,0.2226936228962512,3.18637821429946,4.0,0.7329096622703285,0.12134599276866921,0.7789211434979527
202602,0.17557884138072463,4.5,4.0,0.7445677016172321,0.0822614558536158,0.7796712753892605
202602,0.14443278429357934,4.5,4.0,0.7486496362032222,0.08179090955463225,0.7892210949361292
202602,0.13443371052115263,4.5,4.0,0.7500426759640934,0.081637039404055,0.7923861098930948
202602,0.20901954115208596,3.4552393984129672,4.0,0.7377641302540308,0.10896865672774717,0.7739962389880041
202602,0.2168658528044824,3.5138898263744855,4.0,0.7383583472032207,0.10756171294920286,0.7725641593252971
202602,0.12822202592307935,4.5,4.0,0.7508990041948477,0.08151092252256409,0.794293141126383
202602,0.1405319838243288,4.5,4.0,0.7491934270446086,0.08173626182754057,0.7904646707623704
202602,0.1070446573158701,4.5,4.0,0.7536331128066832,0.08076939367110963,0.8000745789726632
202602,0.1557499790840862,4.5,4.0,0.7470920157387804,0.08193348285866933,0.7856133092432798
202602,0.12287607687080437,4.5,4.0,0.7516222451151717,0.08137531557173264,0.7958747842377115
202602,0.14894144315215108,4.5,4.0,0.7480239365383164,0.08184894097875606,0.7877792477748256
202602,0.2373631272747896,3.0341342314186193,4.0,0.7308744644203841,0.1309649003205792,0.78522093186979
202602,0.12481914675986407,4.499999999999999,4.0,0.7513612323126643,0.08142789847133772,0.7953074013515049
202602,0.22113761855486097,3.2129544773371674,4.0,0.7333287700424052,0.11994560660940243,0.77807101334521
202602,0.19412582195402217,4.5,4.0,0.7426597451922605,0.08287965321348198,0.775169149302759
202602,0.21449843451165865,3.5415853945110407,4.0,0.7389425453157433,0.1064145810856186,0.7726872928595904
202602,0.23027891560149977,3.097651072672245,4.0,0.7316073311685138,0.12660882067414753,0.7822134891539245
202602,0.2051429852554315,3.5886131603556453,4.0,0.7402737307242582,0.10417059968215267,0.7737625009737604
202602,0.1829185377142079,4.5,4.0,0.7437465622031689,0.08245612124616059,0.7777285100592787
202602,0.18515887189049604,4.5,4.0,0.7435119848218599,0.08252737549598133,0.7771741800506875
202602,0.2300762792141788,3.0711642660602125,4.0,0.7313486274529106,0.12795635352737597,0.7837147635261787
202602,0.11126736146458494,4.5,4.0,0.7531210012681767,0.08096608846709205,0.7990396865781574
202602,0.11555587236637412,4.5,4.0,0.7525812150641019,0.08113805767791482,0.7979204654591845
202602,0.11959108029695321,4.5,4.0,0.752057776364764,0.08127693323161334,0.7968119653309491
202602,0.21417557962407602,3.28759884832473,4.0,0.7347512648951973,0.11598023417058345,0.7765696245755412
202602,0.16965675469460828,4.5,4.0,0.7452815494548767,0.08214007926983988,0.7813590158987764
202602,0.10372666050935596,4.5,4.0,0.7540201886010094,0.08059393840618304,0.8008358196030395
202602,0.118818405336091,4.5,4.0,0.7521590552381814,0.08125194319341217,0.7970280484930727
202602,0.14915964676215018,4.5,4.0,0.7479937864312486,0.0818516655809349,0.787709500973553
202602,0.20815278585745833,3.4191223328294273,4.0,0.7372136012482351,0.11023623861532254,0.7746119150824111
202602,0.13789063900361842,4.5,4.0,0.7495617607821397,0.08169572433861005,0.7913013465817844
202602,0.21095510497928455,3.5634752934226768,4.0,0.7394975058798159,0.1054000240478303,0.7730268015660955
202602,0.2417515458560937,3.2747346454389685,4.0,0.7339483675138474,0.11997444678250961,0.7750001843299125
202602,0.15932358234314492,4.5,4.0,0.7466125047381196,0.08197982519344921,0.7844916246838308
202602,0.1349511738873203,4.5,4.0,0.7499708235371975,0.08164628325162335,0.792224621649495
202602,0.22843117564318058,3.0285416709409567,4.0,0.7310360542349617,0.13003112149162105,0.7865807105745988
202602,0.23119253182509045,3.054900788346861,4.0,0.7311682441474534,0.12896387754497313,0.7845489466306426
202602,0.22023306400895878,3.2795100814730036,4.0,0.7343238544139273,0.1168952297749957,0.7759584677620959
202602,0.2234039290496725,3.384055347888066,4.0,0.7358850860758979,0.11295791901298048,0.7733128467166857
202602,0.127706834702664,4.5,4.0,0.7509693594018674,0.08149904906451533,0.7944482583313902
202602,0.21326998031790403,3.3004330348532207,4.0,0.7349973764761163,0.11535880394701016,0.7763429428478966
202602,0.24038558999042528,3.0136161956267506,4.0,0.7306895716267816,0.13256952385644694,0.7863123709089628
202602,0.21027811730917423,3.4088200465554266,4.0,0.7369081433529111,0.11078354035607589,0.7744430109255509
202602,0.22263138065607477,3.340780166963678,4.0,0.7351925770561107,0.11458938915326417,0.7741725636503727
202602,0.21160653794015333,3.5415853945110407,4.0,0.7390882908244985,0.10617210611049281,0.773010608114998
202602,0.20752953407956407,4.495661682127477,4.0,0.741799953371881,0.08373332264663327,0.7730702265031762
202602,0.2257028551423818,3.3616404971381333,4.0,0.7354443394907109,0.11409918081271819,0.773520229041618
202602,0.20642845841459845,3.6210365049026625,4.0,0.7407304688943283,0.10324340826349267,0.7735804496626353
202602,0.23027891560149977,3.209641231998542,4.0,0.7329854798996559,0.12116792252101888,0.7772241986921407
202602,0.2159087939736643,3.402562574044751,4.0,0.7364943354377909,0.11149326475422491,0.7737749813394962
202602,0.2041745940398767,3.4020079089536885,4.0,0.7372086479448156,0.11061325586661268,0.7755744867157762
202602,0.23829273334012557,3.0429996172626184,6.0,0.7297375172247704,0.14547135499228545,0.7982233981342082
202602,0.2396289999685813,4.5,6.0,0.7339261982561308,0.10157150183299732,0.7911033123102005
202602,0.22580298559264111,3.1425981786012445,6.0,0.7302019125623893,0.13719431635263793,0.7938943050008178
202602,0.17729698470622157,4.493024105434397,6.0,0.7401854760791654,0.09080395220536941,0.7973888411261211
202602,0.22648660826226572,3.163523208248649,6.0,0.7302702172780173,0.13632043802680655,0.792869931726413
202602,0.18551803548368923,4.5,6.0,0.7386739273215626,0.09158120348308263,0.7952569277326885
202602,0.23814865140025995,3.0659936010705797,6.0,0.7297534766861028,0.1441919778827981,0.7968792753713906
202602,0.23526970819627785,3.0831634311997864,6.0,0.7297966283149593,0.14252011676454646,0.7960883542397494
202602,0.20109664960045395,4.5,6.0,0.7364767245947155,0.09365346426174637,0.792201159566453
202602,0.2056669806212293,3.4575223744224837,6.0,0.7341398661569146,0.11982585069957499,0.787934435896426
202602,0.22304611358417814,3.235277903798642,6.0,0.730839606745026,0.13218358637025635,0.7904454333341989
202602,0.23768406219955765,4.5,6.0,0.733933715673166,0.10105329980615463,0.7908732960905794
202602,0.18322305052497131,4.5,6.0,0.7390401456004971,0.0913163840842229,0.7957937102441327
202602,0.1719952270765329,4.5,6.0,0.740962117100473,0.09014290439928248,0.7986631355227967
202602,0.22545594091495894,4.5,6.0,0.7343021314703412,0.09811039519937675,0.790196170688339
202602,0.20996672336437822,4.498807819527612,6.0,0.7355152698905817,0.0951059946586292,0.7910486645706344
202602,0.1748769944968108,4.5,6.0,0.7404497470030234,0.09042635256748398,0.7978925956131075
202602,0.23200489055874512,3.1314652738439017,6.0,0.7299816667325034,0.1392135707082674,0.7938518469578513
202602,0.2201890692186857,4.5,6.0,0.7346205649446244,0.09699915902355981,0.7902820488999748
202602,0.23693926077904354,3.134596643755661,6.0,0.7299379045316554,0.14032197333311686,0.7934336761357111
202602,0.23273528655459094,3.443594180121025,6.0,0.7326079992765824,0.12586583202620502,0.7860241806374599
202602,0.21522781425915682,3.388123643940606,8.0,0.7300869458093744,0.13435757360236897,0.80604836371535
202602,0.21147749752894535,3.3974493968076565,8.0,0.7304631016331582,0.1329822047793658,0.8062402180367908
202602,0.23166603463814683,3.0721801510708198,10.0,0.7202278809197346,0.15813742494019534,0.8191374966266988
202602,0.21711835003436006,3.5316885885881737,10.0,0.7256220994234531,0.13311126166850273,0.8064627152892652
202602,0.23403270490922284,3.0736836342693628,10.0,0.7202350106430929,0.15906800174735092,0.8190266168744308
202602,0.18237331151667568,3.4215635837670417,10.0,0.7277603872089111,0.12692464242596216,0.8100072992636324
202602,0.20744412077195365,3.251101846950753,10.0,0.7222902769010716,0.14063844654030802,0.811710090291922
202602,0.2223676144838765,3.1881002789108077,10.0,0.7208234317789547,0.14867018224399672,0.8132722904868567
202602,0.20314115167751778,3.4702006637909233,10.0,0.7258272955528762,0.13065677745240584,0.8072459405659268
202602,0.20405241700139568,3.1602630436968715,10.0,0.7218430838524763,0.14377160430927213,0.8161432709379757
202602,0.20789090748045705,3.358376171531815,10.0,0.7235651368652699,0.13630164013009197,0.8085654353569909
202602,0.19830862966800356,3.6413255673727356,10.0,0.7297183607511872,0.12371071066844992,0.8075057926925272
202602,0.2054385535536989,3.2986339273848135,10.0,0.7230035591899469,0.1379682797927949,0.8102958019966819
202602,0.2042727805435469,3.554977718748845,10.0,0.727259211166759,0.1281317236250548,0.8068317097188058
202602,0.21242636286123545,3.1612256459971455,10.0,0.7211841952045415,0.14640146421336228,0.8151923433334816
202602,0.20215775966524854,3.427421258508724,10.0,0.7252059430424646,0.13190666288967504,0.8077903655248975
202602,0.21030298997967964,3.4472856972807717,10.0,0.7247188789909844,0.13371671504401686,0.8070451865681353
202602,0.22969964972275667,3.1047059065013456,10.0,0.7202781118881123,0.1556378925982327,0.8172441182001527
202602,0.20766356937383584,3.161805812441282,10.0,0.7215421530401209,0.14481820038385643,0.8156419560674734
202602,0.17141292043844225,3.6222288508851497,10.0,0.7337428995368668,0.11782768585357833,0.8101463000894265
202602,0.17743519525093343,3.5571051607881,10.0,0.7312234950597507,0.12112565703337871,0.8093679334955554
202602,0.1828260314282923,3.5274236090147117,10.0,0.7297031279045555,0.12331306044482336,0.8088276143276129
202602,0.18385752374212797,3.6699155725563015,10.0,0.7325498542995855,0.11914420442435263,0.8089895672160748
202602,0.17841120127502055,3.588530909568985,10.0,0.7317230693941084,0.12034224531096847,0.8092313606930205
202602,0.22041590387416402,3.0712719456272297,10.0,0.7204616670094659,0.15374269413336727,0.8197306137709942
202602,0.22225105759886613,3.128300206012985,10.0,0.7205171776714777,0.15151409113908265,0.8162060009190626
202602,0.1828276785127348,3.5687872906310387,10.0,0.7305526311246069,0.1219667837505699,0.8087181007146738
202602,0.18503284535299824,3.7048353897496193,10.0,0.733114192498229,0.11843552978384542,0.8091854283559896
202603,0.22302740833806997,4.5,2.0,0.7599340113494193,0.07607548740767717,0.7790228732018154
202603,0.2286053795006531,4.5,2.0,0.7601819475630972,0.07603979266220146,0.7791549667009351
202603,0.20843619050072376,4.5,2.0,0.7596784437066789,0.07646577893927728,0.7798505709939525
202603,0.2113765667263288,4.5,2.0,0.7596878204839576,0.07635625864730747,0.7795575286441988
202603,0.1,4.5,4.0,0.7544370512906237,0.0803730898653527,0.8016311570728486
202603,0.24132638436397053,3.0,4.0,0.7305861440737809,0.1334841589803253,0.7871541184497203
202603,0.22531580923713374,4.5,4.0,0.7411014316643632,0.08527336074011554,0.7717871478664611
202603,0.2502601284433422,3.0,4.0,0.7307163431963406,0.1351178949293326,0.7869459755739832
202603,0.21400263074578738,3.667543351415773,4.0,0.7410840844560724,0.10242954202989342,0.772862206603771
202603,0.22764564125090023,4.5,4.0,0.7410930699460528,0.08554578023935364,0.7718165460002427
202603,0.2287940111143189,3.3010327354752085,4.0,0.7343849804386483,0.11695269090735531,0.7745872534279495
202603,0.12714328912034312,4.5,4.0,0.751046173587089,0.08148578552614522,0.7946173218142063
202603,0.12234085506835021,4.5,4.0,0.7516937203799086,0.08136012181896674,0.7960294316720617
202603,0.1360568343772461,4.5,4.0,0.7498171172506367,0.08166547193528456,0.791878464771542
202603,0.10463575052096273,4.499999999999999,4.0,0.753915564407,0.08064393133366485,0.8006320482320147
202603,0.2245514349989991,3.5759072502767717,4.0,0.7391957286335884,0.10630022579855913,0.7719507727324819
202603,0.1161193127835564,4.5,4.0,0.7525089732452578,0.08115872541279862,0.7977687440043831
202603,0.21924688215730403,3.369535317953038,4.0,0.7357935455036426,0.11308980488340176,0.7739503620127725
202603,0.12006720109349739,4.5,4.0,0.7519951375474213,0.08129197090644219,0.796677960329438
202603,0.14442349933423282,4.5,4.0,0.7486509288780434,0.08179078539054313,0.7892240621137161
202603,0.11355904627216651,4.5,4.0,0.7528348375543007,0.08106128260636047,0.798449628595228
202603,0.13070857304106084,4.5,4.0,0.7505578289255642,0.08156501108311895,0.7935374193610705
202603,0.1691680608102494,4.5,4.0,0.7453422387067671,0.0821312173430643,0.7815023306219865
202603,0.14774666945901513,4.5,4.0,0.7481892731848433,0.0818339200749053,0.7881612992846623
202603,0.22890170514297423,3.0753013867712196,4.0,0.7314234922841031,0.12758915339780288,0.7836185424693126
202603,0.2406282877479036,3.05872922400116,4.0,0.7310836737702013,0.13016119538433207,0.78355414206373
202603,0.16317518070478407,4.5,4.0,0.7461056120760883,0.08203383752175017,0.783301485539729
202603,0.22452540131619858,3.3813869022328022,4.0,0.735807313562467,0.11318736443442166,0.7732706538679217
202603,0.20283119843317454,4.5,4.0,0.7419838350225968,0.0833435190587373,0.7736033142849728
202603,0.20849030340653477,3.3758570347888943,4.0,0.7364814527913716,0.11191910174989804,0.7753166096788612
202603,0.18300783689086544,4.5,4.0,0.7437370594804158,0.08245884656733138,0.7777060435394271
202603,0.21678889334885038,4.5,4.0,0.7412729876725488,0.08440043645598055,0.7720505746124458
202603,0.22741748138992257,3.4733532293967166,4.0,0.7373384674728635,0.11010644315830563,0.7721139359270803
202603,0.20525779080968834,3.3851927784150475,4.0,0.736856318222725,0.11133063535632057,0.7756925989654929
202603,0.21056276451311615,3.500185450125577,4.0,0.7384370253284814,0.10749451013064042,0.7733629850281233
202603,0.18204385018879968,4.5,4.0,0.7438402950005002,0.08242991440120168,0.7779501530166492
202603,0.250619660733746,3.0128020438551912,4.0,0.7308320030458954,0.13447571799317956,0.7861502627948427
202603,0.23171800973517412,3.2888987547721076,4.0,0.734145996782383,0.1178484123666378,0.7747302261848017
202603,0.15776867073517045,4.5,4.0,0.7468201603195554,0.08195932121291341,0.7849779143978205
202603,0.15643138652306451,4.5,4.0,0.7469999815484163,0.08194212237284429,0.7853983655170808
202603,0.21130479216949105,3.5710508755439236,4.0,0.7396075765966601,0.1051820920227696,0.772971841219736
202603,0.2140138293583716,3.5914590972433325,4.0,0.7398186371260966,0.10475393459539802,0.7726676101448486
202603,0.10778482413911078,4.5,4.0,0.7535448622957461,0.08080595880169186,0.7998983470705184
202603,0.23918332276131332,3.043563582355142,4.0,0.7309440310599904,0.13073887072344112,0.7845167779049383
202603,0.210761234479132,3.472254670468633,4.0,0.7379484577796835,0.10849078158453569,0.7735692337890921
202603,0.10993337882731305,4.5,4.0,0.7532849931772673,0.08090702075092361,0.7993741958473706
202603,0.22745404181616968,3.094320387823828,4.0,0.7316592397683525,0.1264233840530154,0.782730843320258
202603,0.14068628795552654,4.5,4.0,0.7491719024426858,0.08173853164298045,0.7904156304703371
202603,0.22586581345186016,3.225090783066854,4.0,0.7333169329214008,0.11991532964525316,0.7770673076043602
202603,0.22870578742044864,3.1272793335588522,4.0,0.7319755680821483,0.12491078907841295,0.7808664304259988
202603,0.13058555399805655,4.5,4.0,0.7505747657190451,0.081562455239232,0.7935750680286509
202603,0.227436732837617,3.1063212334606742,4.0,0.7317846664654637,0.12580803946867522,0.7820855687070708
202603,0.1990830923766229,4.499999999999999,4.0,0.7422549667458227,0.0831274642206093,0.7742269798718447
202603,0.13774958765048792,4.5,4.0,0.7495814168566675,0.08169346290670759,0.7913458579934121
202603,0.21398853180547145,3.621435257535892,4.0,0.7403250407924125,0.10381598835755451,0.7727068682867083
202603,0.2483211896301657,3.045401651866079,4.0,0.7310607403882045,0.13224340068093612,0.7841861482405101
202603,0.1916146103404899,4.499999999999999,4.0,0.742883571527014,0.082769293336148,0.7756937253477066
202603,0.1741599242390281,4.5,4.0,0.7447349072568779,0.08222982084323935,0.7800668531773363
202603,0.21797982372202188,3.1716259104559605,4.0,0.7329504731221974,0.12156521402350026,0.7802622560884214
202603,0.20671726774169025,3.4426990715709946,4.0,0.7377023066105479,0.10926021944910098,0.7745081986366561
202603,0.15321423107528304,4.5,4.0,0.7474366921298191,0.08190183566786674,0.7864167167525469
202603,0.22151427217843772,3.472254670468633,4.0,0.737461543796715,0.10947480097918394,0.7724345054316111
202603,0.2065136017121009,3.4827150721938938,4.0,0.7383905393293215,0.10780777178138842,0.7740917271280814
202603,0.23905470221579597,3.036116872246557,6.0,0.729737093587923,0.14605560040792204,0.7986042967020925
202603,0.2055613376440777,3.8820492898573686,6.0,0.7390305078947351,0.10705223478916495,0.7901366376492851
202603,0.23300048808744964,3.187728510346334,6.0,0.7302368580427683,0.13671267019103353,0.7913885113173441
202603,0.1785353975232767,4.5,6.0,0.7398175767516055,0.090803136706679,0.7969463208351694
202603,0.23410759923758018,3.127798973504207,6.0,0.7299344440777285,0.13992580322616363,0.7938860924118185
202603,0.22316452550335192,3.289540571297944,6.0,0.7312666970944218,0.12980759486811788,0.7888154877981925
202603,0.23302667035727012,3.230670478310188,6.0,0.7305182151520794,0.1347184565689444,0.7898882178899114
202603,0.23968523455269247,4.5,6.0,0.7339261992675039,0.10158669939890437,0.7911104902026982
202603,0.23621607865312735,3.1093493787228916,6.0,0.7298526413452453,0.14140903067042337,0.7946668687327177
202603,0.21269426581795242,3.5806786028528834,6.0,0.7350949843131357,0.11679895879530208,0.7866409003863076
202603,0.22951653000699476,4.5,6.0,0.7341203942536721,0.09902944319830435,0.7902797292194863
202603,0.23916906400506466,3.08449587652993,6.0,0.7297842300836853,0.14349123515214365,0.7958189669180399
202603,0.19958124587661621,4.5,6.0,0.7366662179342044,0.09342868434731284,0.7924473075314986
202603,0.2087261089558208,3.470084648458251,6.0,0.7340362769415837,0.11988212575149922,0.7873971075465975
202603,0.212136037705686,3.602910953112102,6.0,0.7354099108674845,0.1159837420414049,0.7867534778219832
202603,0.22316452550335192,3.2287039449091375,6.0,0.7307879064751142,0.1325087441014151,0.7906577758637605
202603,0.21936865764591362,4.5,6.0,0.734678263461464,0.09683396391888868,0.790314287288746
202603,0.17340668588720998,4.4969011534232655,6.0,0.7407788070994576,0.09033833073522707,0.7983379031834987
202603,0.21525788955299963,4.5,6.0,0.7349989638336927,0.09603700794607764,0.790548762715346
202603,0.1743156266540879,4.5,6.0,0.7405485949863777,0.09037024870006723,0.7980410547640362
202603,0.18702314839122014,4.5,6.0,0.7384391881015827,0.09176001678594885,0.7949155606166473
202603,0.24034255282768943,3.3738555028387234,8.0,0.7292031769468879,0.14309425891571254,0.8060754438824563
202603,0.22445646651102263,3.4760065836732275,8.0,0.7305191497528057,0.13377832904955833,0.8047756878441548
202603,0.21230980668099528,3.4453558068360066,8.0,0.7309190948491572,0.13139229857290738,0.8055870498132015
202603,0.23114445619527182,3.065040481673096,10.0,0.7202285138254126,0.1582946680551081,0.8195947198629151
202603,0.2166641086189576,3.53523395590098,10.0,0.7257194223860007,0.13283340059925158,0.8064621780871665
202603,0.2390760922805787,3.0799481306411702,10.0,0.7203202987171541,0.16098277501157512,0.8187397369762045
202603,0.22443141880671247,3.0377691650747116,10.0,0.7203458866298836,0.15705058713696562,0.8217194700301432
202603,0.16992854930888607,3.4716561369532517,10.0,0.7307949632858189,0.12244120055564182,0.8109219574532657
202603,0.1902403243390339,3.5174392817042093,10.0,0.7283628676364263,0.12545663297731535,0.8080584799615029
202603,0.20079903848908762,3.5482506269954706,10.0,0.727539782399737,0.1273180595009991,0.8070501509757781
202603,0.20539839431851337,3.6900644680007693,10.0,0.7298079989882258,0.12438621193163596,0.807546185885854
202603,0.21734120989093647,3.437943756682639,10.0,0.724016166785564,0.1364553132152866,0.8069335453648783
202603,0.22073298233426128,3.266554787552986,10.0,0.7215547913591815,0.14451823376990403,0.810364657326099
202603,0.218505611359781,3.167124530491172,10.0,0.7208617844138717,0.14823698012798037,0.8144319632103909
202603,0.20726742980597623,3.2325627677353514,10.0,0.7221240647194639,0.14140639329227497,0.8124402714816923
202603,0.2323658277289587,3.1819375716636187,10.0,0.7205767224013805,0.1529643875343759,0.8134369656618935
202603,0.22443141880671247,3.109766903787626,10.0,0.7203892797013587,0.15327753301877714,0.8171279362251771
202603,0.19206205854575664,3.396993986815618,10.0,0.7259409597902869,0.1302335158541617,0.8092664166038963
202603,0.21816567848710505,3.1947346511269545,10.0,0.721058054861353,0.14681082712330795,0.8131812604125037
202603,0.2194534458518334,3.13003901790857,10.0,0.7206367271626396,0.15038863502408975,0.8162793010148893
202603,0.18109309388025768,3.5963248051590586,10.0,0.7314264474361881,0.12070135181073738,0.8089307162716481
202603,0.1906091335005119,3.6866724669841604,10.0,0.731801173780915,0.12032614592229032,0.8084783594877111
202603,0.18712700383935071,3.7048934285187625,10.0,0.7327607475714603,0.1189413799479733,0.8089797959570952
202603,0.2051275675856889,3.2825718578628673,10.0,0.7228419210764505,0.1385522619040268,0.810828677064233
202603,0.21009266480635133,3.4376678824667013,10.0,0.7245794599603912,0.1339973587869801,0.8071568600023825
202603,0.2027052458951165,3.6468885694537025,10.0,0.7292605378051668,0.12481934233307336,0.8072784049944806
202604,0.22300652041195018,4.5,2.0,0.7599332495333941,0.07607574972980527,0.7790228745905221
202604,0.22862836108521908,4.5,2.0,0.760183156924237,0.07603979172993477,0.7791560695597083
202604,0.2084496900144645,4.5,2.0,0.7596784417081783,0.07646524412292038,0.7798490900811603
202604,0.1,4.5,4.0,0.7544370512906237,0.0803730898653527,0.8016311570728486
202604,0.2412999901683411,3.0,4.0,0.7305861451464057,0.13347975983639948,0.7871557058590242
202604,0.2249734207314289,4.5,4.0,0.7411040995384174,0.08523459976077588,0.7717866254595321
202604,0.25070260695865737,3.0036789650457654,4.0,0.7307592056748252,0.13500045857021845,0.786720090937588
202604,0.2129566154997009,3.6649681730316144,4.0,0.7410903642739745,0.10241659202349135,0.7729463885612439
202604,0.2276234322143423,4.5,4.0,0.7410930682119043,0.08554311123322211,0.7718160506489533
202604,0.1401779126876842,4.5,4.0,0.7492428176850757,0.08173101498170646,0.7905771394738187
202604,0.22453224251710158,3.0,4.0,0.7310016518147465,0.13114891122359476,0.7891953380349435
202604,0.2425050562235454,3.358607447293748,4.0,0.735375585766768,0.11662313475625387,0.7734472039060417
202604,0.23552014565795146,3.322927280158259,4.0,0.7346770141520657,0.11695878825327817,0.7738715719884999
202604,0.23909906596634606,3.0905960422349508,4.0,0.7314085820053361,0.1282460025464988,0.7818929327478578
202604,0.13290155044091903,4.5,4.0,0.7502550489362086,0.0816086227929047,0.7928621525399917
202604,0.20700705478543452,3.3696536386111386,4.0,0.736482077835828,0.11205687672680686,0.7756963400002997
202604,0.23467692210167393,3.600738729720552,4.0,0.7395774490227897,0.10681447988417696,0.7720667178411282
202604,0.1484075739231878,4.5,4.0,0.748097764517002,0.08184225213281607,0.7879499352433231
202604,0.14641805334837135,4.5,4.0,0.7483735709500973,0.08181695570801997,0.7885862923922919
202604,0.2208681886081817,3.5811033509691312,4.0,0.7393781445748319,0.1057332338817937,0.7721241039558158
202604,0.13038707351425075,4.5,4.0,0.750602079976235,0.08155830610961744,0.7936357561769743
202604,0.16588218381642003,4.5,4.0,0.7457566175905699,0.08207544803708496,0.7824798447606272
202604,0.217931814223246,4.5,4.0,0.7412376465258322,0.08450664026238341,0.7719828768120054
202604,0.11292775301086468,4.5,4.0,0.7529142079742689,0.0810358319456363,0.7986140598799439
202604,0.21719261687612085,3.3650126548722143,4.0,0.7358105075238416,0.11306997992795373,0.7742715484250232
202604,0.17149367325476186,4.499999999999999,4.0,0.74505575163764,0.08217485431207819,0.7808255253192607
202604,0.1886020407967057,4.5,4.0,0.7431676739673903,0.08264927248008433,0.776361948490445
202604,0.13615324017920513,4.5,4.0,0.7498037047658862,0.08166710997198362,0.791848214396565
202604,0.1998188894396565,4.5,4.0,0.742199291242059,0.08316785050346712,0.7740983014383189
202604,0.24437031993154565,3.025703931973134,4.0,0.7308071708622015,0.13258267855316785,0.7853711205651546
202604,0.17743209093541126,4.5,4.0,0.7443532389821542,0.08230549285955893,0.7791637879393037
202604,0.10823418373898029,4.5,4.0,0.7534909610346622,0.08082771458636637,0.7997902558591768
202604,0.15385490556763695,4.5,4.0,0.747349301095845,0.08190977621247368,0.7862132597229236
202604,0.22473832212992634,3.068099921197747,4.0,0.7315125102825161,0.1274676622809847,0.7846279811437571
202604,0.16042881682765558,4.5,4.0,0.7464659094013115,0.08199480397350864,0.7841478644822358
202604,0.23464825058410874,3.175312116496413,4.0,0.732453078268643,0.1233743433332422,0.7782415768221096
202604,0.23851374835462366,3.438326211259007,4.0,0.736710050694352,0.11291738207735869,0.7724056480940826
202604,0.1374082563662622,4.5,4.0,0.7496289739501844,0.08168794667201268,0.7914534919463193
202604,0.23999902408674859,3.0539781532100765,4.0,0.7310379930115546,0.13031146608486024,0.7838570261932915
202604,0.24576960967514064,3.404644846774646,4.0,0.7362989715491582,0.11540789533626504,0.7731869879829538
202604,0.19373213735651534,4.5,4.0,0.7426940273831892,0.0828617054514858,0.7752493631058034
202604,0.2337860205867978,3.163342592474449,4.0,0.7323064544124337,0.12382369949034014,0.7787815506962408
202604,0.2329675206719107,3.224780726367452,4.0,0.7331577407195464,0.12083857987252455,0.7765281803185321
202604,0.2037396661383462,3.4756749254650616,4.0,0.7384642514211817,0.10787379751996287,0.7746148043008624
202604,0.20485674445386812,3.4619603532841854,4.0,0.738153834574511,0.10843555937439497,0.7745771414458745
202604,0.19808210087940145,3.417153238027572,4.0,0.7379383311493382,0.10968767886279773,0.776487143463924
202604,0.12388038081480529,4.5,4.0,0.7514876272790363,0.081402989171675,0.7955826637979329
202604,0.10280014397493163,4.5,4.0,0.7541256636504441,0.0805414506004723,0.8010396437379684
202604,0.12034431634939015,4.499999999999999,4.0,0.7519586009211393,0.08130059845398477,0.7965996711948706
202604,0.12647872306067162,4.499999999999999,4.0,0.751136554842813,0.08146976537457996,0.7948158440982316
202604,0.15513188140380216,4.499999999999999,4.0,0.7471757236930084,0.08192570524466916,0.7858086569034262
202604,0.20820608498398566,3.4079636798195283,4.0,0.7370252164948706,0.11066105979332463,0.7747802168617122
202604,0.17539286436029478,4.5,4.0,0.7445894716701965,0.08225720959737062,0.7797227848142835
202604,0.2437318700132132,3.4088054605054956,4.0,0.7363024713589248,0.11488571986681306,0.772967013635629
202604,0.2417909499524037,3.274447785528169,4.0,0.7339444778426265,0.11999347274596121,0.7750082903748524
202604,0.2368678323619533,3.2933861079436744,4.0,0.7341958924473323,0.11839536127113286,0.7744973563950415
202604,0.2148126661747458,3.1888746212645076,4.0,0.733346289063991,0.12045839602119252,0.7800410805522217
202604,0.209488474487192,3.436489990182629,4.0,0.7374189983960595,0.10968887068665044,0.7741581267439376
202604,0.242737313674063,3.05829664403136,4.0,0.7310900919690332,0.1305385167933522,0.783500920225429
202604,0.22618976616256495,3.094411850606443,4.0,0.7317058866644499,0.12626695357713508,0.7828942791749526
202604,0.24042720809396498,3.2019831604257805,4.0,0.7328212881486051,0.12301124086498777,0.7770927567809934
202604,0.15831032227765737,4.5,4.0,0.7467476429698581,0.08196639551489843,0.7848081824667084
202604,0.2391057245792386,3.034857729325449,6.0,0.7297373439496155,0.14613872805782707,0.7986796401428322
202604,0.23292456989187704,3.099667808942118,6.0,0.7298649547099271,0.14106208168251,0.7953702744765486
202604,0.23968096979016543,4.5,6.0,0.7339261987580138,0.10158554640848484,0.7911099447936639
202604,0.1778150491403927,4.5,6.0,0.7399403597167743,0.09072737089688385,0.7971296051695416
202604,0.1944743704521894,4.5,6.0,0.7373451301649834,0.09270989529445994,0.7933632114488504
202604,0.23309202293978865,3.2848190889681153,6.0,0.7309515269713357,0.1323270456777274,0.7883716722174368
202604,0.2384220960372433,3.0328322500186533,6.0,0.7297381090131114,0.14606343934043858,0.7988439675566472
202604,0.20672434996877326,3.891813346521822,6.0,0.7390104019104954,0.10700431054494844,0.7901529233454604
202604,0.1876865791273146,4.5,6.0,0.7383371255668006,0.09184016743296836,0.7947678872744598
202604,0.20993623933525907,3.4826138260819826,6.0,0.7340919767990364,0.1196422590517937,0.7871514447693172
202604,0.18102148741151863,4.5,6.0,0.7394005011165342,0.09107086504833281,0.7963260689516333
202604,0.2099195910619586,4.5,6.0,0.7354908704198476,0.09507540473600869,0.7910256989411228
202604,0.22121466900333253,4.499999999999999,6.0,0.7345514559733753,0.09720861484023621,0.7902487574448672
202604,0.2088905791701885,3.876416103243396,6.0,0.7386954759396833,0.10774864888582399,0.7897430290720222
202604,0.23533489253559492,4.5,6.0,0.7339621001702992,0.10044636053778161,0.7906419785288492
202604,0.22260485994834567,4.5,6.0,0.7344632035283534,0.09749782187196998,0.790216255946387
202604,0.22359979280026662,3.1631067659566496,6.0,0.7303815543880239,0.1356985217656538,0.7932027714648145
202604,0.20988882409936208,4.5,6.0,0.7354939429370019,0.09507009295350587,0.791028985063683
202604,0.18019881784671166,4.5,6.0,0.739537348964185,0.09098117920942961,0.7965291464562462
202604,0.23209175221266867,3.165334283168569,6.0,0.7301296046932397,0.13756275059285186,0.7923352549662618
202604,0.23205023076411396,3.0683658488360166,10.0,0.7202270440784924,0.15850010000880296,0.8193694106655008
202604,0.21709014175462998,3.5360846888037476,10.0,0.7257029863797894,0.13295565249259067,0.8064618306268433
202604,0.23399697899883082,3.083941345190836,10.0,0.720240512452273,0.15851732302298593,0.8184105755152177
202604,0.2125026606003209,3.3275502087144324,10.0,0.7227639576350178,0.13904645530471985,0.8089880191512255
202604,0.1931157664417307,3.7290328000176247,10.0,0.732315008676618,0.11980339161923004,0.808722749327685
202604,0.24073999967767554,3.254555942044053,10.0,0.7212084399443899,0.15337165784275097,0.8113250715670833
202604,0.19183244129500696,3.7770654867292657,10.0,0.7335451671762792,0.11819221844247668,0.8094648892409011
202604,0.208977364953992,3.2257281035738408,10.0,0.7219189595782448,0.14225921495329374,0.8125568141389339
202604,0.23457405189334316,3.096224896879289,10.0,0.7202592962367161,0.1581333399718151,0.8177031503494765
202604,0.21472705121297772,3.079883681406774,10.0,0.7207458414869893,0.15125847029829836,0.8196801056333332
202604,0.21356420511346022,3.1748198184532916,10.0,0.721191805465533,0.146136590038344,0.8144202533617726
202604,0.2126138323995239,3.1886609566032997,10.0,0.7213488241856997,0.14516195591573036,0.8138473022172797
202604,0.2192490903941984,3.484977228346995,10.0,0.7246633179967006,0.13546361789935463,0.8065836563512787
202604,0.20371498943913402,3.5492519818398174,10.0,0.7272135278446651,0.12814893943455938,0.8068641947657946
202604,0.22648732882695022,3.3387364208112276,10.0,0.7221499540268643,0.14369912199759,0.8084582296909807
202604,0.21382203981006376,3.1236841141205867,10.0,0.7209132955054676,0.1487143681019943,0.8170898632784067
202604,0.2207333807444959,3.537807426132923,10.0,0.7254863826280803,0.13421592527682308,0.8064998884216504
202604,0.225985109451488,3.480857875180363,10.0,0.7242433140785729,0.13815237979191655,0.8067565466026059
202604,0.19092401291260105,3.665337767336487,10.0,0.7312960621574165,0.12101769902366313,0.8082661827156463
202604,0.20088054617366602,3.6411629292412004,10.0,0.7293751118106109,0.12445203470090585,0.8073395854912754
202604,0.21637706365035791,3.5426272429713883,10.0,0.725874611247304,0.1324888642748984,0.8064641311252895
202604,0.22563611840508155,3.1220496176416654,10.0,0.720393696415734,0.15312927087866002,0.8163934459203439
202604,0.20061323730526467,3.5492519818398174,10.0,0.7275818434394163,0.1272314587648551,0.8070621678288608
202604,0.19335485764118862,3.5235875441472406,10.0,0.7280383149629706,0.12606193660153825,0.8077225801740225
202604,0.1988953193784683,3.5686967851986084,10.0,0.7281767862014398,0.12611138522205537,0.8071849699301875
202604,0.21504689000964097,3.146238582438487,10.0,0.7209376653265891,0.14802250692122698,0.81574036434281
202605,0.22862768253778043,4.5,2.0,0.7601831211943932,0.0760397917397492,0.7791560369298666
202605,0.2230123284458525,4.5,2.0,0.7599334612398785,0.07607567669601703,0.7790228738414599
202605,0.20863388528562324,4.5,2.0,0.7596784553434277,0.07645797564168871,0.7798290068001471
202605,0.1,4.5,4.0,0.7544370512906237,0.0803730898653527,0.8016311570728486
202605,0.2413073753021535,3.0,4.0,0.7305861446250249,0.13348099047720652,0.7871552611443541
202605,0.2250710810761509,4.5,4.0,0.7411033013604829,0.08524562277534742,0.7717866763338526
202605,0.24433743257057833,3.0,4.0,0.7306006066054097,0.13400221153012687,0.7870096868613086
202605,0.21289385520691345,3.657617697697883,4.0,0.7409738848883348,0.10262901913868024,0.7729219273525224
202605,0.22753785299643636,4.5,4.0,0.7410930763140853,0.08553283973460507,0.771814180963267
202605,0.1256320048334239,4.5,4.0,0.7512513750047523,0.08144874338079888,0.7950674048153795
202605,0.1084465509865871,4.5,4.0,0.7534654033756524,0.08083788110007145,0.7997388862821786
202605,0.11481616642355576,4.5,4.0,0.7526756114710819,0.08111026650691763,0.7981180628959624
202605,0.21902555130777568,3.247304885430266,4.0,0.7339053649960965,0.1181815236603816,0.7771271891731297
202605,0.12038856478323763,4.5,4.0,0.7519527616069317,0.08130196762919067,0.7965871504920756
202605,0.1378954591544126,4.5,4.0,0.7495610890392389,0.08169580143376644,0.7912998251586263
202605,0.13351034493194036,4.5,4.0,0.7501707359746976,0.08162010634985892,0.792673391539863
202605,0.16271989856452065,4.5,4.0,0.7461649273166946,0.08202716571053814,0.7834409619859241
202605,0.22451400655667453,3.1863570131976093,4.0,0.7328375055178804,0.12154883381663148,0.778691137727383
202605,0.21275401816155562,3.5967927340495778,4.0,0.7399695024975389,0.10447876600741568,0.7727978881849067
202605,0.2273536546649134,3.0902197838995082,4.0,0.731621277807416,0.12662230473581376,0.7829707872090098
202605,0.2422131737826843,3.097721026119954,4.0,0.7314995079624368,0.12839198722940962,0.781428025517343
202605,0.22560843468342626,3.1726827287857224,4.0,0.7326223993384997,0.12232261304415698,0.7791342102516169
202605,0.193992341678268,4.5,4.0,0.742671334561598,0.08287354050121826,0.7751962603132048
202605,0.14609922856815644,4.5,4.0,0.748417856138256,0.0818128346134058,0.7886882732337748
202605,0.20597144316399496,3.5354013562499915,4.0,0.7393208560712307,0.10596124965051593,0.7737999962284077
202605,0.14946124166264022,4.5,4.0,0.7479521386435501,0.08185542362747249,0.7876131178102228
202605,0.21369764527612192,3.3048610268242733,4.0,0.7350398885034171,0.1152087045723473,0.7761534684553264
202605,0.1173738103400374,4.5,4.0,0.7523471092184715,0.08120322227949073,0.7974272812927183
202605,0.12934245523753277,4.5,4.0,0.7507455864255034,0.08153593891619046,0.7939540186724766
202605,0.17010114457317832,4.5,4.0,0.745226584095981,0.08214827633281159,0.7812291889635039
202605,0.1857799229831772,4.5,4.0,0.7434483981029548,0.08254822155171729,0.7770240312563853
202605,0.2324942543807866,3.145051700777087,4.0,0.7320968068659375,0.12453132752026971,0.7796695619213334
202605,0.2282509887968726,3.2295415620773444,4.0,0.7333129491423012,0.12000234163355221,0.7766921328655525
202605,0.22820499847426118,3.0250048463948627,4.0,0.7310174593888932,0.1301966596036642,0.786849286095594
202605,0.22846219416797361,3.06205619326841,4.0,0.7313147541976416,0.1282313104161797,0.7844567938546055
202605,0.23254516652774043,3.2290363063586405,4.0,0.7332247114195837,0.12058758528430559,0.7764106441934724
202605,0.23275583537866218,3.30378662077728,4.0,0.7343734894322079,0.1173605270938167,0.7743346213480281
202605,0.21851841065132746,3.3365273158718756,4.0,0.7352877647580006,0.11433936095288874,0.7747042997159908
202605,0.17354712943447972,4.5,4.0,0.7448078953037808,0.08221668633295906,0.780239492868912
202605,0.1781704166640819,4.5,4.0,0.7442690836306831,0.08232394277793942,0.7789646373295406
202605,0.2169899055699822,3.657617697697883,4.0,0.740799500180426,0.10299154431170025,0.7725787227448186
202605,0.21614310572401801,4.5,4.0,0.7412945814165557,0.0843418398002527,0.7720930739170433
202605,0.22055834090692727,3.279789870107355,4.0,0.7343140942935856,0.1169164323889341,0.7759106000211785
202605,0.2359671410701105,3.1192663996325907,4.0,0.7317442723287322,0.12630596200616606,0.7806282229644805
202605,0.24265992223590316,3.047724131099904,4.0,0.7309883534023629,0.13108995638045248,0.7841070166550481
202605,0.22951024306965265,3.396932109125043,4.0,0.7359701551330751,0.11318980322976975,0.7727802175107701
202605,0.23327048677987117,3.511682027014528,4.0,0.737981546776316,0.10953517529261543,0.7719119297378699
202605,0.1558944807504873,4.5,4.0,0.7470724765776471,0.08193530889606504,0.7855676903177939
202605,0.21800747420366162,3.0904626774358968,4.0,0.7320622783474882,0.12559814679756112,0.7844541383432322
202605,0.2396552897397881,3.463055415935031,4.0,0.7371778838665884,0.11219970657976053,0.7723206988356269
202605,0.223408867898102,3.269107795298364,4.0,0.7340414431725676,0.11768170747329022,0.7758996413048744
202605,0.20424748810844345,4.5,4.0,0.741889664145145,0.08343205376573151,0.7733888280922897
202605,0.23097973933436097,3.3921735943268114,4.0,0.735871410095307,0.113564429590649,0.7728002397889608
202605,0.23434209306744014,3.533533089592683,4.0,0.7383787633359296,0.10894665592497821,0.7719143787631505
202605,0.21427542389551496,3.40261134828124,4.0,0.7365776741647456,0.11134662606405844,0.773979489812779
202605,0.10494963873054561,4.5,4.0,0.7538791844714665,0.08066085110019948,0.8005608352603879
202605,0.1436851459305829,4.5,4.0,0.7487537608225802,0.08178083224938076,0.7894599378759319
202605,0.14076996646199058,4.5,4.0,0.7491602297671701,0.08173975837404585,0.7903890296099092
202605,0.21893301018630493,3.4742123911637646,4.0,0.737586682794219,0.10914210244503128,0.7726280264085428
202605,0.23538804446126685,3.574163630136751,4.0,0.7391151274043685,0.10776307345409877,0.7720078113611814
202605,0.1054267058691509,4.5,4.0,0.7538236446696233,0.0806862350054739,0.800451771751297
202605,0.1407668145567776,4.5,4.0,0.7491606694392762,0.08173971221987003,0.7903900316622663
202605,0.2397266559036641,3.033697591147812,6.0,0.7297387313515694,0.1463736455115,0.798720266463127
202605,0.178976050230504,4.5,6.0,0.7397428898442779,0.09084987840483855,0.7968349732468932
202605,0.2064182476756409,3.8916098249659314,6.0,0.7390355739781993,0.10695856956332142,0.7901801631498153
202605,0.23961594956583565,4.5,6.0,0.7339261997866624,0.10156797665775816,0.7911016507990389
202605,0.19880513376820713,4.5,6.0,0.7367654345484592,0.0933156476812232,0.7925780497587082
202605,0.23597158909505295,3.0896228836682424,6.0,0.729803350867573,0.1423649828482029,0.7956967481913915
202605,0.22900979981618902,3.215290920956807,6.0,0.7304918706490023,0.13444735576660005,0.7906189518774553
202605,0.2157471945008308,3.18235899305927,6.0,0.7309016233842734,0.13316218735090757,0.793433850865313
202605,0.22825609554072065,3.157259796842557,6.0,0.730182836781944,0.1370340509501307,0.7929769714685725
202605,0.2062075031898653,4.5,6.0,0.735880458241828,0.09445281151954535,0.7914644623875684
202605,0.23405677965364743,3.1316976838205597,6.0,0.7299497359698162,0.13971691244365453,0.7937056683041478
202605,0.2382988139308199,3.094228224980669,6.0,0.729804880065724,0.14274562336772414,0.79534137454137
202605,0.19048512713290408,4.5,6.0,0.7379163655672477,0.09218754117225154,0.7941646286979006
202605,0.23976205037934717,3.1757884590786807,6.0,0.73014249040574,0.13906668744525316,0.7916588986458929
202605,0.2347774108813174,4.5,6.0,0.7339718888103666,0.10030532491570893,0.7905944172241146
202605,0.2158296833751612,4.5,6.0,0.7349512556461291,0.09614484502582152,0.7905090208969947
202605,0.2120845912988166,3.868682517099815,6.0,0.738379786159854,0.10850395773950504,0.7893879130011702
202605,0.18719507830106194,4.5,6.0,0.7384126548050428,0.09178070889503204,0.7948771239501681
202605,0.22391229152570036,4.5,6.0,0.7343859817934957,0.0977754515079422,0.7901991773814403
202605,0.20717278546770893,3.8608425987025052,6.0,0.7387000063401598,0.10784486701336983,0.7896891301683499
202605,0.22379262943998635,4.5,6.0,0.7343928144257673,0.09774981202974617,0.7902001905296707
202605,0.2240407594782799,3.360898708938796,8.0,0.7293292350557449,0.1380172423900993,0.8059658196457835
202605,0.2283747115515987,3.4448978256667875,8.0,0.7300243094570297,0.136159609781127,0.8049302124946937
202605,0.24532788765958555,4.5,8.0,0.7333833196120819,0.11641563512320104,0.814433745853458
202605,0.23133747216301548,3.0685624307368116,10.0,0.7202278998974108,0.158189661324608,0.8193686578387293
202605,0.21633752470943937,3.5373104263048276,10.0,0.7257815353413805,0.13265002027332795,0.8064628789038331
202605,0.2328761344081132,3.0704814839300703,10.0,0.7202285050806277,0.15873947568908411,0.8192284061015254
202605,0.22069837286282154,3.276746966953459,10.0,0.721661840041264,0.14406538204822347,0.8100487591250338
202605,0.22436843129485484,3.1540633409183814,10.0,0.720558494122824,0.15105838385330764,0.8147814253767194
202605,0.19717055446135828,3.6172743991237435,10.0,0.7293804897917311,0.12411398639838966,0.8074491910245808
202605,0.1987689473788288,3.5222082187968144,10.0,0.7272944257754586,0.12759461532039837,0.8072577308696698
202605,0.2285979576414801,3.227961417291778,10.0,0.7209425423132125,0.14927713597410747,0.8115870159647001
202605,0.1985114118602229,3.412109588084874,10.0,0.7253730101707081,0.13141928056997457,0.8083328066789869
202605,0.20563898352651103,3.538614671069457,10.0,0.7267978270479915,0.12908402263102103,0.8067672403149897
202605,0.22249642881823078,3.0548159257523335,10.0,0.7203852633946124,0.15539231150468968,0.8206714503536746
202605,0.2292528291172087,3.2895636734805533,10.0,0.7215110710145668,0.14684755800569038,0.8096756401358279
202605,0.2035887459672271,3.7693784372567847,10.0,0.7316541277741065,0.12167937086441498,0.8086219039667467
202605,0.2269147287146272,3.133243339876863,10.0,0.7204041576958092,0.15307808133135783,0.8157566938301208
202605,0.1867138777560999,3.7434000366225866,10.0,0.7336713806762207,0.11778961760637556,0.8094622916673165
202605,0.19441752478600982,3.741503392522425,10.0,0.7323796221449232,0.11981327992821834,0.8087773310273252
202605,0.20763172720463294,3.4072457730727352,10.0,0.7243187269883942,0.1343342334289533,0.8076914264231737
202605,0.20102334108062456,3.5980577597657577,10.0,0.7284882656268541,0.12580060414704655,0.8071044974023126
202605,0.21896074884685057,3.408425306237049,10.0,0.7234562147788821,0.13813050887164194,0.8072565369143928
202605,0.21435879023339738,3.278328307210759,10.0,0.7220447450191877,0.1417357001325477,0.8102643332357752
202605,0.2071568976327634,3.743677901563128,10.0,0.7306853425084527,0.12345496774171706,0.8081384904864553
202605,0.2077375442531873,3.273261033055189,10.0,0.7225004182764685,0.13976648524828508,0.8109027588883956
202605,0.1888605294779671,3.740029515418258,10.0,0.7332358048772863,0.1184110691004108,0.8092201259547687
202605,0.1889829569248165,3.6172743991237435,10.0,0.7305803172252612,0.1219484468818818,0.8081558738448198
202605,0.23325406504749266,3.164500061208888,10.0,0.7204798111550705,0.15417317933423735,0.8142164213740741
202605,0.21969681573043093,3.365526120817865,10.0,0.7227960437900142,0.14004801927643157,0.807921394533778
202605,0.19055593970399995,3.7279553877319205,10.0,0.7326972072855511,0.11916690805387584,0.8089226312534294
202605,0.23009970281625577,3.098650688937128,10.0,0.7202626804786819,0.15611188572618567,0.817582148094111
202606,0.2230363451081918,4.5,2.0,0.7599343376583617,0.07607537545870405,0.779022873712221
202606,0.22863585588219593,4.5,2.0,0.7601835516645411,0.07603979169323385,0.7791564302397619
202606,0.20850620551259458,4.5,2.0,0.7596784377831672,0.07646300825637153,0.7798429036377086
202606,0.1,4.5,4.0,0.7544370512906237,0.0803730898653527,0.8016311570728486
202606,0.22481277727830026,4.5,4.0,0.7411054769578524,0.08521652473520597,0.7717867117857304
202606,0.2413522072531109,3.0,4.0,0.7305861451499404,0.13348846526707803,0.7871525707345678
202606,0.24570109556018224,3.0,4.0,0.7306168310468064,0.1342475606876923,0.7869686474667302
202606,0.2172408785312958,3.673345346292366,4.0,0.7410466227367116,0.10255122059705753,0.7726380911142169
202606,0.2276898820007915,4.5,4.0,0.741093078114994,0.08555110112540884,0.771817545209229
202606,0.14482880068698506,4.5,4.0,0.7485945135900011,0.0817961833779498,0.789094521085579
202606,0.10717202816601457,4.5,4.0,0.7536179741075555,0.0807757511681218,0.8000444143306217
202606,0.20752618248282145,4.5,4.0,0.7416898858385934,0.08365233384038886,0.7729391375798385
202606,0.11457957156043157,4.5,4.0,0.7527056952395844,0.08110121765490674,0.7981808776053129
202606,0.11907242957122689,4.5,4.0,0.7521258108313916,0.08126023974901636,0.7969572008446718
202606,0.22156489764162918,3.240191274725892,4.0,0.7336895932660106,0.11875697824600168,0.7770335430126128
202606,0.23583748585059072,3.110479314169294,4.0,0.7316451867531532,0.12672949532446914,0.7810661159023738
202606,0.13668343101209668,4.5,4.0,0.7497299155914129,0.08167602150821614,0.7916816655397968
202606,0.1662848717259443,4.5,4.0,0.7457052677070068,0.08208194986711459,0.7823588170411809
202606,0.2101582019695059,3.2832566107491696,4.0,0.7349355812478214,0.11583924605344353,0.7773730828745977
202606,0.22720062207904548,3.284792992769771,4.0,0.7341654658167769,0.11744479935416022,0.7751106329253852
202606,0.1651199485887512,4.5,4.0,0.7458542279528754,0.0820633729279042,0.7827098138524304
202606,0.13380649405811998,4.5,4.0,0.750129686361607,0.08162559977301598,0.7925813787680149
202606,0.20485668378720048,3.4537743875811433,4.0,0.7380164646081901,0.10873121883428039,0.7746751892737948
202606,0.2057523171703531,3.320895109067812,4.0,0.7358084193127249,0.1139389021878036,0.7770941799742113
202606,0.1853207159819171,4.5,4.0,0.7434953529350458,0.08253276107146162,0.777134901420891
202606,0.15658550606413862,4.5,4.0,0.7469792025870292,0.08194408710532977,0.7853498132222052
202606,0.17943005917621976,4.5,4.0,0.7441272582621592,0.08235667184198928,0.7786290253870016
202606,0.12192577937154161,4.5,4.0,0.7517490186991507,0.08134812055695648,0.7961488565956023
202606,0.1036152619922704,4.5,4.0,0.7540329324768321,0.08058771022061953,0.8008605334902037
202606,0.23413881975064882,3.0,4.0,0.7306652944685545,0.13237407832999135,0.7877835273585787
202606,0.13981401948546138,4.5,4.0,0.7492935764730595,0.08172556534396042,0.7906926360299745
202606,0.2345791776954609,3.0622391674831624,4.0,0.7311624040574857,0.1290431810906064,0.7837629756825227
202606,0.12674415831550645,4.5,4.0,0.7511004824574992,0.08147621384169686,0.7947366638071678
202606,0.23158611549038355,3.238160706504757,4.0,0.7333716797442805,0.12004677535418867,0.7761712364822684
202606,0.21569437905947914,3.4397809865129023,4.0,0.7371341041825262,0.1100807221801555,0.7732949834854184
202606,0.24233709227405248,3.05790207588867,4.0,0.7310831460188787,0.1304910473247953,0.7835351641076589
202606,0.1300095760191801,4.5,4.0,0.7506539889163061,0.08155032688895786,0.793750992241384
202606,0.22378969752729438,3.0563286607121207,4.0,0.7314515518217779,0.12798452672685304,0.7855038472457478
202606,0.1954256504796293,4.5,4.0,0.7425487387449523,0.082940671122393,0.774909799681962
202606,0.215560469241775,3.4061812537554466,4.0,0.7365720537846916,0.11132412463520927,0.7737619302419456
202606,0.11486181605362751,4.5,4.0,0.7526698008495177,0.08111200345908248,0.7981059214234797
202606,0.21366323672887355,3.6101073849533374,4.0,0.7401501385917739,0.10413853236081917,0.7727180512200215
202606,0.13118983505551307,4.5,4.0,0.7504915183494215,0.0815748950355641,0.7933898890887028
202606,0.21552772000266893,3.421684192247795,4.0,0.736834809766804,0.11073674789468686,0.7735432819871085
202606,0.20996002542550313,3.342078014384556,4.0,0.7358460029657351,0.1133734844269633,0.7758061709167462
202606,0.23588553045261132,3.1203686078563275,4.0,0.7317577686917193,0.1262385680242843,0.7805802383670305
202606,0.23987031920854038,3.3220026585756397,4.0,0.7346954388753142,0.11766848470533739,0.7739338971314795
202606,0.2079642119232065,3.439561480815043,4.0,0.7375671886742096,0.10946346579225054,0.7743507671086204
202606,0.24180373461564456,3.030767197557873,4.0,0.730831312881479,0.13186195177687368,0.7851526140995528
202606,0.14313610371004662,4.5,4.0,0.7488302682243783,0.08177332361258598,0.7896352193911912
202606,0.15716383339254641,4.5,4.0,0.7469013563270978,0.08195149850595809,0.7851678414105985
202606,0.14148184393139238,4.499999999999999,4.0,0.7490609310404673,0.08175007900477524,0.7901625526485614
202606,0.22791409046645966,3.064074543675808,4.0,0.7313518460522469,0.12805650567601826,0.7844089246810471
202606,0.19769539915871126,4.5,4.0,0.7423631324766864,0.0830538980433922,0.7744777025843024
202606,0.22470271609581088,4.5,4.0,0.741106466896153,0.08520418186897258,0.7717868928088544
202606,0.17290684380065616,4.5,4.0,0.7448846446861214,0.08220328934238802,0.7804209995910785
202606,0.22108973338846646,3.578600036501226,4.0,0.7393283701314691,0.10583644684771894,0.7721098831926299
202606,0.24163704575776765,3.042542364863645,4.0,0.7309348310124485,0.13119526612634297,0.7844495831753935
202606,0.22586212362775573,3.5704568883419734,4.0,0.7390764653499369,0.1066275310168711,0.7719070381303825
202606,0.23030356393073456,3.143080857093613,4.0,0.7321183187667742,0.12433441937025963,0.7799500368128179
202606,0.12431688115221158,4.5,4.0,0.7514289226936063,0.08141468452515949,0.7954549338222489
202606,0.21830599457035083,3.291575299122166,4.0,0.7345943659941715,0.11618819949826961,0.7758600878314537
202606,0.2385683591147817,3.0355526743475574,6.0,0.729737249443426,0.1459536804863936,0.7986658018298364
202606,0.20770262252627522,3.8872888249397866,6.0,0.738887995020641,0.10727869856986211,0.7899981592906227
202606,0.23957727517338512,4.5,6.0,0.7339262082263919,0.10155753376765787,0.7910967364095642
202606,0.2325104773929405,3.0736314258713575,6.0,0.7298219062725568,0.1423213785509729,0.7968310992821916
202606,0.1744932061034967,4.5,6.0,0.7405172747002029,0.09038794869516083,0.7979940032784617
202606,0.18100845317283862,4.5,6.0,0.7394026601570107,0.09106943549559107,0.796329269291029
202606,0.228622405174179,4.5,6.0,0.734155498926832,0.09882226467392193,0.7902497168724476
202606,0.1861114910480337,4.5,6.0,0.7385808474241301,0.09165121256802222,0.7951212924756683
202606,0.20235864382036928,3.55903677876257,6.0,0.735667473272329,0.1157645237171637,0.7878814979216339
202606,0.24096973704679372,3.1737323408811386,6.0,0.730142255190573,0.13950293745472775,0.7917377595815662
202606,0.22376449884241933,3.4297121448299266,6.0,0.7326737621539542,0.12429022795296969,0.7863361773373404
202606,0.17942518738062121,4.5,6.0,0.7396670985653773,0.09089783196887216,0.7967220955904617
202606,0.21076572263822718,4.479630574989374,6.0,0.7358897639855723,0.09560581578683032,0.7913932423873523
202606,0.18842964900981568,4.5,6.0,0.7382238520441994,0.09193092649780824,0.7946045714542034
202606,0.2313403605906325,3.13200183598838,6.0,0.7299971402644606,0.13902320788762473,0.7938763595928935
202606,0.22613643921320523,3.1478904958606186,6.0,0.7302115468001207,0.1370074810205766,0.7936102668929137
202606,0.23339080238936988,3.030702399595922,6.0,0.7297880806662406,0.14486275806219526,0.7993661601490717
202606,0.22497664384415322,3.172011391898086,6.0,0.7303686884384141,0.13556957264653427,0.7926589344931896
202606,0.23811760712551144,3.051449036519444,6.0,0.7297407984902969,0.14496505280849162,0.7977252087083941
202606,0.19570598575588344,4.5,6.0,0.7371758653163822,0.09287794163669763,0.7931305826065488
202606,0.23497480034543144,3.334865845130979,8.0,0.7288364331616439,0.14270437749152365,0.8063646416613485
202606,0.22431720211379427,3.366366651879245,8.0,0.729368453539958,0.13788410718042127,0.8058657923498483
202606,0.23035819086250078,3.448087952862875,8.0,0.7300062755647401,0.13669788415421144,0.8049379387860404
202606,0.2319013062893002,3.06826464789485,10.0,0.7202270652235744,0.1584425335987801,0.8193779145762516
202606,0.21640566210546996,3.5365855073192636,10.0,0.7257632793469917,0.1326978651013186,0.8064626793281343
202606,0.23475303353170082,3.0700131475686865,10.0,0.7202405800900377,0.1595734253929416,0.8192525894533016
202606,0.1940290381340759,3.6879146580784212,10.0,0.7313014478675083,0.12118617996803799,0.808203306200132
202606,0.19070329554246648,3.7599757867656884,10.0,0.7333627928001526,0.11834748394150979,0.8093188044529364
202606,0.19680718411011666,3.6242458721686366,10.0,0.729573057781658,0.12380215050255909,0.8075112777279163
202606,0.2314852415519088,3.206484725941775,10.0,0.7207413536105252,0.15144789729139085,0.8124261577594681
202606,0.21186558548801263,3.317464701562788,10.0,0.7226846323474241,0.13924683474958788,0.8092818679947478
202606,0.21437770225291725,3.2582487132569025,10.0,0.7218321703554996,0.14261160389186534,0.8109246447139576
202606,0.21494624712124086,3.1571470498513774,10.0,0.7210003949322383,0.1474577635310232,0.8151826837140745
202606,0.21228616411143403,3.5824681421380413,10.0,0.726958056835515,0.129806377034894,0.8065845067543095
202606,0.22138599387495866,3.3570411149136263,10.0,0.7225925197586046,0.14100662027471855,0.8080635867862276
202606,0.19040767209577628,3.64084213690656,10.0,0.7308561857008852,0.12160264068141109,0.8081414127034559
202606,0.2283339475749804,3.0901583308323124,10.0,0.7202683712227265,0.15582566285532973,0.8181209225925223
202606,0.20872570491829776,3.438382505009821,10.0,0.7247159413918937,0.13352935432584728,0.8072170459850397
202606,0.20979018585823653,3.6289032749197436,10.0,0.7280969737882592,0.12755546340750484,0.8068759719960885
202606,0.20896428115597707,3.6383284129327365,10.0,0.728368568968969,0.12700709841956193,0.8069641054146902
202606,0.21909986725878172,3.4268424718131407,10.0,0.7237292848007131,0.13749441706985918,0.8070336040240822
202606,0.22270326321029565,3.0907873267879062,10.0,0.720401266641043,0.15358432806231648,0.8183400983128807
202606,0.21278147181141582,3.188160478118254,10.0,0.7213338503758305,0.14524190818191654,0.8138563490198917
202606,0.19928663905497823,3.6234150037840043,10.0,0.7292216688445784,0.12452405271304555,0.807331041970902
202606,0.21030134401756512,3.136010519972885,10.0,0.7212018253609422,0.1469246775319889,0.8167458499950471
202606,0.21306706032520048,3.2301542615818857,10.0,0.7216524771535524,0.14341047890458014,0.8120455664776691
202607,0.22301841632770025,4.5,2.0,0.759933683247695,0.07607560022038026,0.7790228733563836
202607,0.22861750109238133,4.5,2.0,0.7601825852416293,0.07603979201642497,0.7791555478174538
202607,0.20871822183952082,4.5,2.0,0.7596784870649352,0.07645466565174742,0.7798198880784561
202607,0.1,4.5,4.0,0.7544370512906237,0.0803730898653527,0.8016311570728486
202607,0.2412125558090663,3.0,4.0,0.7305861643799242,0.13346520450694066,0.7871610037171966
202607,0.24763205532534535,3.0,4.0,0.7306503682998339,0.13460667117908764,0.7869372272547307
202607,0.224960630277433,4.5,4.0,0.7411042062713527,0.08523315803050746,0.7717866245883456
202607,0.2094581094624082,3.6528162304154073,4.0,0.7410726899797119,0.10249878105817956,0.7732688947198845
202607,0.22759103573591546,4.5,4.0,0.7410930685181748,0.08553922045170921,0.7718153355721746
202607,0.111869445135934,4.5,4.0,0.7530463500234318,0.08099185491938496,0.7988865138493287
202607,0.22790556707879298,3.292816797847537,4.0,0.7342739605576547,0.1171891670988794,0.7748498011865258
202607,0.15224430090295718,4.5,4.0,0.7475693554618131,0.08188985124806157,0.7867252440565271
202607,0.16216992228850183,4.5,4.0,0.7462368046277001,0.08201921877465626,0.7836099065764384
202607,0.21404507787805274,3.400286941906474,4.0,0.7365510593239544,0.11141545362145144,0.7740467710738472
202607,0.10583270213201165,4.5,4.0,0.7537761465763596,0.08070752476294621,0.8003581752759246
202607,0.22861569744814894,3.1368982691916933,4.0,0.7320894614346497,0.12442259506445416,0.7804113021470175
202607,0.13934896160699428,4.5,4.0,0.7493584408312417,0.0817185133523621,0.7908400975314486
202607,0.18901060012455959,4.5,4.0,0.7431281812184224,0.08266479256518877,0.776268932412088
202607,0.23442577900047265,3.398071001278498,4.0,0.7359602206610061,0.11381413881949129,0.7726889275573688
202607,0.20493614928145673,4.5,4.0,0.7418455675096243,0.08347652265591916,0.7732888811256133
202607,0.23133016678233223,3.2054128405484446,4.0,0.732906739421934,0.12150186153990065,0.7773008042090223
202607,0.23231092744969367,3.271816106313375,4.0,0.7338714585101964,0.11866298718118734,0.7751476235376968
202607,0.24471924353268565,3.175511847730349,4.0,0.7325171915581699,0.12498884018490795,0.7780846475334938
202607,0.11499478218385911,4.5,4.0,0.7526528647010741,0.0811170462960709,0.798070516417219
202607,0.22010385731635917,3.5573688094555953,4.0,0.7389914155895618,0.10642288845238877,0.7721758524646222
202607,0.2412916771322051,3.025010061629679,4.0,0.7307812245152486,0.13209099552313755,0.7855341373075769
202607,0.21232321819286987,3.572928061659542,4.0,0.7395862309273201,0.10520392200981904,0.7728531685470739
202607,0.2364597604649956,3.261264810727709,4.0,0.733685954596876,0.1197179443344572,0.7753084433815998
202607,0.24977652920020615,3.1627938982692734,4.0,0.7324958021967277,0.12654876735672385,0.7787873688822798
202607,0.22059251554561313,3.1470691900264183,4.0,0.7325225970717932,0.12301041808789423,0.7809900911888622
202607,0.21903486505351427,3.4798935807732074,4.0,0.7376813433555147,0.10895091021053122,0.7725756888736987
202607,0.2261438065197457,3.0937881749198706,4.0,0.7317013278333635,0.12629358535204827,0.7829351549058701
202607,0.22414537275980356,3.1666944670885933,4.0,0.7326015244169007,0.12244155267434614,0.7795754264996575
202607,0.18570769697602127,4.5,4.0,0.7434557601804981,0.08254577214887038,0.7770414125908935
202607,0.21084229710536703,3.307158723769663,4.0,0.7352485789845526,0.11487935042787363,0.7765528882210667
202607,0.222067049720515,3.0,4.0,0.7311269773795489,0.13087861346066795,0.7896528486231452
202607,0.2127301439387882,3.2857429606352606,4.0,0.7348089231182663,0.11593751815731375,0.7768565326141329
202607,0.17537545383458936,4.5,4.0,0.7445915119812684,0.0822568136467106,0.7797276122564808
202607,0.14866208677195,4.5,4.0,0.7480625577249258,0.0818454451612842,0.7878685563230194
202607,0.21021396957871977,3.6031655637032607,4.0,0.7402095952517622,0.104074864297116,0.773084759631535
202607,0.1174825706053235,4.5,4.0,0.7523330117848025,0.08120698297631623,0.7973974450859144
202607,0.1668167176628587,4.5,4.0,0.7456376835505875,0.08209067223206915,0.782199477998264
202607,0.10443746996344311,4.5,4.0,0.7539384781418258,0.08063315332589391,0.8006768078608641
202607,0.1319593555398174,4.5,4.0,0.7503853253213062,0.0815903276157268,0.7931532052824425
202607,0.13302760479471357,4.5,4.0,0.7502375997943873,0.08161102189007441,0.7928231123968938
202607,0.207831998243245,3.5748339433943457,4.0,0.7398707432773581,0.10479687866035657,0.7734037108780506
202607,0.13578103873872174,4.5,4.0,0.7498554787262011,0.08166075533346297,0.7919649457055216
202607,0.20519829454788338,3.6068782851574994,4.0,0.7405748166007574,0.10359909905432126,0.7737443938320258
202607,0.22216101563900675,3.0,4.0,0.7311219246357733,0.13088860294298613,0.7896347434282615
202607,0.12738170070765845,4.5,4.0,0.7510136956585385,0.08149143231007544,0.7945458776684795
202607,0.24858892963273457,3.0975641814125328,4.0,0.731623762687691,0.12955648478427548,0.7814813896090831
202607,0.23236256535639552,3.0,4.0,0.7307083749780734,0.13212603856787608,0.7879975630967082
202607,0.22024782923574376,3.5400793504581785,4.0,0.7386862203550236,0.10700838497108979,0.7721948839919776
202607,0.12428434955999586,4.5,4.0,0.7514333018169099,0.08141381972164913,0.7954644689870796
202607,0.16837216304902214,4.5,4.0,0.7454416149262242,0.08211711514688386,0.7817369261667718
202607,0.23833802273777446,3.090750479103341,4.0,0.7314119284300635,0.12811796626935704,0.781922595899091
202607,0.24567979790963557,3.0323825039183685,4.0,0.7308838425112396,0.132453513067843,0.7849410679401623
202607,0.21821004819971312,3.512751369009529,4.0,0.7382840028278341,0.10772822008911942,0.7724484034349796
202607,0.21417151055798866,3.4052795307008594,4.0,0.7366276949331116,0.11123605274137136,0.773951225835098
202607,0.22027952913799775,3.501162755089171,4.0,0.7380065766602448,0.10833242049672284,0.7723396911004188
202607,0.12915955982862087,4.5,4.0,0.7507706667403503,0.08153192915562849,0.7940095378001342
202607,0.22861430317735387,3.0604802649324445,4.0,0.7312954760886815,0.12833388497856948,0.7845317651645716
202607,0.23866532811997226,3.0387233575578665,6.0,0.7297368419019775,0.14580628517843705,0.7984644026407263
202607,0.22960221371805184,3.2084185702953816,6.0,0.7304315345457946,0.13490729617461605,0.7908223087411651
202607,0.23956939393434462,4.5,6.0,0.7339262106622212,0.10155540637309356,0.7910957366642741
202607,0.18979639210954818,4.5,6.0,0.7380184263813506,0.09210063473663826,0.7943100724310915
202607,0.22242990923491635,3.271891772460877,6.0,0.7311491959623075,0.1304170701899386,0.7893663229974486
202607,0.24028101169924118,3.175960728682793,6.0,0.7301477031173763,0.1392025963564649,0.7916514496142792
202607,0.18245039178809386,4.5,6.0,0.7391656277144522,0.09122928787206716,0.7959786620806125
202607,0.2297411958099038,3.1643540406716797,6.0,0.7301758082629833,0.13703878316575016,0.792542939621513
202607,0.21882351251531892,3.8196433948703254,6.0,0.737489443120339,0.11103767150156288,0.7883755372442552
202607,0.22030599365341846,4.499999999999999,6.0,0.7346125160161677,0.09702287234725045,0.7902778583548585
202607,0.17868108389163098,4.498707464425442,6.0,0.7398222044351775,0.09084276092707268,0.7969336208103918
202607,0.23972189119822776,3.1341711651363635,6.0,0.7299398333633536,0.1410980468901927,0.7933779840539703
202607,0.19896363094027558,4.5,6.0,0.7367450545484332,0.09333861855979175,0.7925510958313652
202607,0.18456436491910358,4.5,6.0,0.7388249110906774,0.09147002965125768,0.795477654121631
202607,0.22719236627069705,4.5,6.0,0.7342174474552269,0.09849658932438943,0.7902154498725347
202607,0.24091591244372204,3.1355975425214164,6.0,0.7299553348047986,0.1413599606441738,0.7933007949149499
202607,0.1997529635129912,4.5,6.0,0.7366444629458965,0.09345388348103789,0.7924188046100907
202607,0.21512622505404563,3.704152479783504,6.0,0.7364423242777245,0.1134754008016181,0.7871935842500148
202607,0.21527713597325657,4.5,6.0,0.734997341965686,0.09604062213007498,0.7905473883226671
202607,0.17383803384924326,4.5,6.0,0.740633063442205,0.09032286149274696,0.7981680002462463
202607,0.22982384335257428,3.053302454455234,6.0,0.7298676867135773,0.14275279836337648,0.7983055943346662
202607,0.23210402151628143,3.0672946591860124,10.0,0.7202270489769603,0.1585793200357009,0.819435797967813
202607,0.21777327753271158,3.5350930659780007,10.0,0.7256355582068637,0.1332311612537021,0.8064633286858163
202607,0.19895819276569862,3.656084773122226,10.0,0.7299342903422626,0.12346003889818256,0.8075693735914192
202607,0.19012818186862376,3.646789430898949,10.0,0.7310255673043171,0.1213554853003462,0.8082045538534796
202607,0.21303456414986738,3.148404159409957,10.0,0.7210737639524444,0.14722741674860984,0.8158019474893211
202607,0.23119901364710482,3.2680185119135254,10.0,0.7212628676258703,0.14857618164930253,0.8103340523641904
202607,0.222313019441042,3.147123240975503,10.0,0.7205934562945485,0.15061026306742234,0.8152139929224437
202607,0.17868041402532117,3.6388998575081923,10.0,0.7327741386659828,0.11886784215079219,0.8093554942850848
202607,0.2328254223191523,3.1357739901043016,10.0,0.720354021107278,0.15538933837028715,0.8155759571149709
202607,0.2043425557064043,3.2126126026508177,10.0,0.7222049498785317,0.14140298826252246,0.813578315352507
202607,0.19835029519615896,3.201094421822902,10.0,0.7227055373409869,0.1401729863567436,0.8148285022092822
202607,0.18760639265492843,3.419970045703012,10.0,0.7269473685850585,0.12823730855863605,0.8093820641197559
202607,0.21264990619834925,3.1739989987612067,10.0,0.7212471034246272,0.14586586950974353,0.81453777141917
202607,0.18606842549742977,3.492080592253806,10.0,0.728495895793799,0.12528078783139068,0.8086798593951795
202607,0.20919528462548734,3.6637356378256145,10.0,0.7288478403992237,0.12633409030718,0.8071689136430095
202607,0.2024132116067873,3.267469693134192,10.0,0.7229348518058212,0.13838067910634044,0.8116135468152413
202607,0.18419658989632298,3.6440944136186144,10.0,0.7319298116632016,0.11997724639072642,0.8087760742899481
202607,0.19120974821797868,3.4679430661046187,10.0,0.7272892485410656,0.12741160123268172,0.8083340134778605
202607,0.2285539296441923,3.1522129287539786,10.0,0.7204545238030219,0.15280708869281878,0.8147721899112637
202607,0.21303054221983142,3.2239281802150415,10.0,0.7215998705238559,0.14367894180638496,0.8122950617532622
202607,0.22438446193962766,3.1000543814665136,10.0,0.7203677234749185,0.1537532749138601,0.8176925296452425
202607,0.19864779127025736,3.2766203439343555,10.0,0.7234369886621407,0.136892031039589,0.8117098367623675
202607,0.20831931680005608,3.526573004129965,10.0,0.7262947815028992,0.13032365450242775,0.8066606326609322
202607,0.19112858308635292,3.5084911690324776,10.0,0.7280616406041385,0.1259868676278196,0.8080161676203168
202608,0.22863094372002857,4.5,2.0,0.7601832929289887,0.07603979170243813,0.7791561937902711
202608,0.2230203332239569,4.5,2.0,0.7599337531728118,0.07607557615677871,0.7790228732672306
202608,0.2085136364290557,4.5,2.0,0.7596784378007074,0.07646271465093454,0.7798420918225284
202608,0.24133652103133274,3.0,4.0,0.7305861442455353,0.1334858491165331,0.7871535102714464
202608,0.1,4.5,4.0,0.7544370512906237,0.0803730898653527,0.8016311570728486
202608,0.22496481748289154,4.5,4.0,0.7411041712742494,0.08523362995967776,0.7717866247259254
202608,0.24822354344145042,3.0,4.0,0.730663154324296,0.13471945201939284,0.7869339640443334
202608,0.21613292883634128,3.672559207391471,4.0,0.741075888448048,0.10247140782606232,0.772712894637329
202608,0.2276257773607251,4.5,4.0,0.7410930683203333,0.08554339299862267,0.7718161027577863
202608,0.10170715156902065,4.5,4.0,0.7542485520439665,0.08047749712511403,0.8012749766031754
202608,0.22353392339259068,3.145184116548632,4.0,0.732366731642991,0.12341594604453145,0.7806460359347619
202608,0.22334426976446597,3.091723227184618,4.0,0.7317974161451184,0.12608080994579304,0.7834625768850834
202608,0.22356416728055056,3.2522298161077923,4.0,0.7337854905687744,0.11843820814710318,0.7764021690187691
202608,0.1597001046595705,4.5,4.0,0.7465624666274747,0.08198488697674397,0.7843743290773292
202608,0.2184784250885428,3.586310400084284,4.0,0.7395463131407217,0.10532689516217472,0.7722830445854689
202608,0.24555320391092178,3.0297224589684664,4.0,0.7308582057224068,0.13257548705597658,0.7851023543220277
202608,0.10873827845627274,4.5,4.0,0.7534302080163416,0.08085172702878721,0.7996680237222487
202608,0.21176007418098186,3.5343849217804926,4.0,0.7389566699072403,0.10642476546674166,0.7730199959294582
202608,0.11259432040605621,4.5,4.0,0.752955966093265,0.08102215515034888,0.7987003364850923
202608,0.2277676303490429,3.1736951072678856,4.0,0.7325660043228204,0.12253290730195425,0.7788523187609336
202608,0.14269573049549591,4.5,4.0,0.748891653699072,0.08176723017693543,0.7897757233586943
202608,0.21654840608970313,3.4792101179653954,4.0,0.7377718653173797,0.1087374701045777,0.7728164835842295
202608,0.22367278585725067,3.115315429559501,4.0,0.732025660813614,0.12491501981067184,0.7821242155641349
202608,0.2366946508494128,3.0883008597013824,4.0,0.731395740402632,0.12799177699719788,0.7821485870053506
202608,0.21210245400735578,3.413821343005119,4.0,0.736883762363542,0.110739079120485,0.7741003148141858
202608,0.12155833439090706,4.5,4.0,0.751797872706982,0.08133733504098806,0.7962542007875548
202608,0.13126388771249345,4.5,4.0,0.7504813078034251,0.08157639984602008,0.7933671541603936
202608,0.23042679357853987,3.0,4.0,0.7307654581967755,0.13186709950162856,0.7882558471226924
202608,0.24582773111448375,3.103268725119082,4.0,0.7316182963179805,0.12874601721180115,0.7811452706141163
202608,0.13354911761344387,4.5,4.0,0.750165362922734,0.0816208289784087,0.7926613519165184
202608,0.17529649938945707,4.5,4.0,0.7446007693964611,0.08225502142062839,0.7797495154392657
202608,0.15458432866940522,4.5,4.0,0.7472500491635808,0.08191885497251974,0.7859819859682626
202608,0.11868155806151917,4.5,4.0,0.7521769431740782,0.08124744056828712,0.7970661366555076
202608,0.22201680477235505,3.33154908387955,4.0,0.7350649763222319,0.11489891143941929,0.77443040967466
202608,0.18605075553113046,4.5,4.0,0.7434208692961638,0.0825574656120365,0.7769590448272419
202608,0.1406238375040357,4.5,4.0,0.7491806139437935,0.08173761420566492,0.7904354801004106
202608,0.24535404449027015,3.072441068206478,4.0,0.7312677667495554,0.1302533601351524,0.7826901624314689
202608,0.13693943946239037,4.5,4.0,0.7496942708835762,0.08168026690470678,0.7916011368170569
202608,0.24646703284817423,3.05114878547669,4.0,0.7310735248759517,0.1315852177702457,0.7838492913068067
202608,0.216717337236908,3.3987517022314804,4.0,0.7363919120749741,0.11171295034155856,0.7737381307983651
202608,0.221840686813465,3.1814198426063953,4.0,0.7328827697712961,0.12148858025105648,0.7792456694720743
202608,0.22625218192070734,3.390261815923887,4.0,0.7359143660636875,0.11304408125071568,0.773023098884062
202608,0.16544855848010417,4.5,4.0,0.7458120814581565,0.08206854218588149,0.7826105320136283
202608,0.1538037833121223,4.5,4.0,0.7473562671743341,0.08190914159457206,0.7862294838071908
202608,0.1273799463160956,4.5,4.0,0.7510139347543787,0.08149139094857918,0.7945464038290311
202608,0.19883851224823895,4.5,4.0,0.7422737324528961,0.08311425313739731,0.7742704117035368
202608,0.13767715684263734,4.5,4.0,0.7495915095810843,0.08169229756118676,0.7913687075000998
202608,0.2114710341707773,3.435644621805266,4.0,0.7372864193900064,0.10987401758352432,0.7738830297768793
202608,0.21130003152774615,3.5047292643587378,4.0,0.7384732152758036,0.1073955886776624,0.7732358768924986
202608,0.22333307967117763,3.2262029389454785,4.0,0.733420902369772,0.11957678748843137,0.777305941359361
202608,0.17006948540194675,4.5,4.0,0.7452304928658074,0.0821476879191603,0.781238422268843
202608,0.21636401644571426,3.625320001072391,4.0,0.740288038513565,0.10390823568991159,0.772509402504144
202608,0.14760939461623762,4.5,4.0,0.7482082950338027,0.08183218137188422,0.7882052071227194
202608,0.22679974267908848,3.2957177952816004,4.0,0.7343461591823655,0.11693148752272296,0.7748574866356661
202608,0.22476470328764775,3.021619364618693,4.0,0.7311346885465407,0.12997358950188123,0.787623054829024
202608,0.19175199929228265,4.5,4.0,0.7428710140940785,0.08277508224371352,0.7756642449872218
202608,0.22357011457494633,3.5337842119538525,4.0,0.7384811141986573,0.10757244955123799,0.7720152317228343
202608,0.23098322187046455,3.421959772961705,4.0,0.7363902934614821,0.11243462881755163,0.7724494630471533
202608,0.22794269632546296,3.218904935129399,4.0,0.7331696705211561,0.12044677217984243,0.7770866116327301
202608,0.2047856694406734,3.43011518349005,4.0,0.7376268658130106,0.10959466229587733,0.7750080649092017
202608,0.19137129836125225,4.5,4.0,0.7429058973915387,0.08275911044061775,0.7757461515051728
202608,0.21481885997638744,3.339652933894327,4.0,0.7355204904227118,0.11387011479931294,0.7751163504725419
202608,0.23889351223041289,3.038311150658005,6.0,0.7297368219517174,0.14589117206998212,0.798477460418823
202608,0.20047509720796733,4.5,6.0,0.7365537635775192,0.09356061251162219,0.7923006411635874
202608,0.23943971785207485,4.5,6.0,0.7339262855276268,0.10152043691392618,0.7910793711744359
202608,0.22968150627674197,4.5,6.0,0.7341142247815522,0.09906797134981345,0.7902859964533986
202608,0.17556843181866366,4.5,6.0,0.7403286543396478,0.09049606579036151,0.7977108843595169
202608,0.2247463042624792,3.107544208486636,6.0,0.7301264873912316,0.13872786641110335,0.7957866787869275
202608,0.21069994877180778,4.5,6.0,0.7354138327574096,0.09521099473504488,0.7909443598287961
202608,0.20667565255659737,4.5,6.0,0.7358292568806569,0.09452932853249235,0.7914045137796633
202608,0.24056841008075008,3.1386906576506948,6.0,0.729965095306428,0.14110799335769939,0.7931679013450547
202608,0.239324707160967,3.0774078690403823,6.0,0.7297712296966331,0.14390703272518454,0.7961942603356642
202608,0.23304021470487846,3.2152877416428556,6.0,0.7304103078857526,0.13542911769852156,0.7903932840101252
202608,0.23620788251853606,4.499999999999999,6.0,0.7339491129191066,0.10066951395973123,0.7907220760741218
202608,0.19262894401975844,4.5,6.0,0.7376050934110187,0.09246415992257752,0.793725056996029
202608,0.23472534592620803,3.0383541740264284,6.0,0.7297643988996897,0.14478245846216722,0.7987592786203163
202608,0.22026396725841296,3.252984591420375,6.0,0.7311025096711594,0.13079876939480162,0.7901662788677805
202608,0.21541092486932306,3.2989558629968267,6.0,0.7317594107254802,0.12782582402021878,0.7894170592555694
202608,0.18277406997210252,4.5,6.0,0.7391129297924548,0.09126564988038274,0.7959009305309535
202608,0.22627943507007633,3.3471101151271756,8.0,0.7291181551549261,0.13927772570963304,0.80613671803842
202608,0.23328098875519718,3.4341053279700797,8.0,0.7298020008445566,0.1382133102367189,0.8051117420441734
202608,0.2326485235167103,3.0644017990930776,10.0,0.720228131082119,0.15896315101675668,0.8196109947484334
202608,0.2174255156474499,3.5338614977889047,10.0,0.725638564335581,0.13314813251849644,0.8064624091692792
202608,0.2337573258585305,3.07134923909584,10.0,0.7202326841959783,0.1590716966478359,0.8191700127567594
202608,0.21363382928902036,3.11591189387199,10.0,0.7208969735177174,0.1490394969779571,0.8175581877807809
202608,0.18780387435586574,3.526018337974056,10.0,0.7288936305482667,0.12455647765345315,0.8082748108284488
202608,0.176506017133795,3.533678821056235,10.0,0.7308945919838212,0.12168882432310547,0.809561200876565
202608,0.20861789663663047,3.182755035347393,10.0,0.7216026465882421,0.14412568912133494,0.8144958736092791
202608,0.20873696511527412,3.2350740340168422,10.0,0.722024578308538,0.14176183169833917,0.8122045754497458
202608,0.21255233581779595,3.4182995159897196,10.0,0.7240602592626307,0.1355250418582304,0.8072852770928397
202608,0.18775655468504956,3.6716547070831984,10.0,0.7319358964977237,0.12003618888579358,0.8086108941148554
202608,0.20029452365651723,3.2304015969571127,10.0,0.7227657527233453,0.13939380921214461,0.813283027672777
202608,0.2235547102376272,3.4369768217197643,10.0,0.723647663503885,0.1387808820620291,0.8069648096846411
202608,0.20187995189271743,3.5782233614075354,10.0,0.7279904557697181,0.1266724588098372,0.8069964057614044
202608,0.20758410780669465,3.398805995049862,10.0,0.7241920295925957,0.1346381114442829,0.807826901277923
202608,0.1886411446889792,3.7265556242004623,10.0,0.7329798900871697,0.11872052590893953,0.8090768870714591
202608,0.2326485235167103,3.08909347518001,10.0,0.7202402262234562,0.15767232475781096,0.8181087899198873
202608,0.1917814522639324,3.3305415970205945,10.0,0.7249617561833671,0.13277164791230706,0.8108470529906059
202608,0.21595846409715583,3.196450797266402,10.0,0.7211924743290772,0.14594736425016624,0.8132434352059171
202608,0.22389776079248574,3.226065966310206,10.0,0.7210519958254911,0.14750568023992555,0.8116879054988089
202608,0.18819768058074163,3.758505139823811,10.0,0.7337480181467597,0.11775368484045032,0.8095202778459707
202608,0.2161399377394102,3.60422280434983,10.0,0.7270363821158073,0.13044521542689144,0.8066564969629628
202608,0.17398335992747643,3.5322829728243725,10.0,0.7313101946972291,0.12119942864188,0.8098836760117191
202608,0.19281830679070416,3.7420992081629034,10.0,0.7326404126206468,0.11937221769935505,0.80890869450078
202609,0.22299460115315992,4.5,2.0,0.7599328153626925,0.07607589983490012,0.779022877003173
202609,0.22865079298911073,4.5,2.0,0.7601843388813513,0.07603979201234108,0.7791571505612803
202609,0.20857568641073027,4.5,2.0,0.759678442792003,0.07646026639293578,0.7798353275532229
202609,0.1,4.5,4.0,0.7544370512906237,0.0803730898653527,0.8016311570728486
202609,0.22486681504085124,4.5,4.0,0.7411050046724341,0.08522259697135215,0.7717866591650582
202609,0.24127867705236877,3.0,4.0,0.7305861476149199,0.13347620934191257,0.7871569917014397
202609,0.24589867082485367,3.0,4.0,0.7306196906329608,0.134283671917389,0.7869639862967841
202609,0.21184520345076005,3.661289722439913,4.0,0.7410846302813962,0.10243377811496956,0.7730401101660271
202609,0.22762448336013003,4.499999999999999,4.0,0.741093068258324,0.08554323752468865,0.7718160739995059
202609,0.11877203577490955,4.5,4.0,0.7521651181031004,0.08125042012243994,0.7970409605449007
202609,0.21627418437233978,3.340115630178278,4.0,0.7354522080497223,0.11398185695254699,0.7749072307820294
202609,0.15413769260222399,4.5,4.0,0.7473107908652293,0.0819132903540642,0.7861235497450664
202609,0.1720055346096241,4.5,4.0,0.7449935072655459,0.08218497796443651,0.7806783916612898
202609,0.1038321058467691,4.5,4.0,0.7540081102400903,0.0805998130986898,0.800812374633846
202609,0.12457380513565827,4.5,4.0,0.7513943156168754,0.0814214761336732,0.7953795403625129
202609,0.1965463730082495,4.5,4.0,0.7424557653004529,0.08299549770748221,0.7746930884394302
202609,0.22940490478048958,3.440493159247951,4.0,0.7367314367077031,0.1115421136179668,0.7723056703228228
202609,0.23431153197540064,3.0358826892852884,4.0,0.7309332563200713,0.1304179715302525,0.7853854919490392
202609,0.15960294001235284,4.5,4.0,0.7465753698907367,0.08198357682006627,0.7844045801375478
202609,0.2299225039002694,3.623399504030229,4.0,0.7399546079274236,0.1054605378326362,0.7720275878333791
202609,0.10813053312297816,4.5,4.0,0.7535034155309138,0.08082272579455013,0.7998152615442492
202609,0.1473660252075242,4.5,4.0,0.7482420300823217,0.08182909146250807,0.7882830530057936
202609,0.1492247002816535,4.5,4.0,0.7479848006072622,0.08185247692584552,0.787688709353157
202609,0.2171743047931812,3.4798913050248155,4.0,0.7377564405311645,0.10877171155052551,0.7727483350243622
202609,0.23005609076927933,3.4852983447586077,4.0,0.7375185840797028,0.11001671958906589,0.771989819609815
202609,0.24816089849286213,3.1003326431490836,4.0,0.7316432200091461,0.12933254379223771,0.7813359318436099
202609,0.2155591168610877,3.5367528658883898,4.0,0.7388106150057981,0.1066696537497505,0.7725959502321395
202609,0.11522342983916456,4.5,4.0,0.7526237024953326,0.08112566077275421,0.7980094959361456
202609,0.1652046969494012,4.5,4.0,0.745843348996315,0.08206470087349538,0.7826841891816116
202609,0.1444886357145067,4.5,4.0,0.7486418606903331,0.08179165592840308,0.7892032461328781
202609,0.1320250964162232,4.5,4.0,0.7503762441891626,0.08159162529417541,0.7931329414514157
202609,0.1139039186143917,4.5,4.0,0.7527913097320977,0.08107494359441578,0.7983592099931504
202609,0.20928987680770084,3.6118353221464585,4.0,0.7404063797739326,0.10373403941159016,0.7732019620481211
202609,0.23508575774936313,3.529605698384845,4.0,0.7383141161186361,0.10918595619394306,0.7719404243875057
202609,0.2272291703461868,3.0557246250135415,4.0,0.7313024525870677,0.12841608669131274,0.7850128439608393
202609,0.24941522780622064,3.050333537687173,4.0,0.7311397669049953,0.1321911789682273,0.7839323601105717
202609,0.2273322123783157,3.2339762268897116,4.0,0.7334006254531996,0.11968950338894803,0.7766230469230632
202609,0.19001361778505976,4.5,4.0,0.743032494108786,0.08270388768887461,0.7760437216703225
202609,0.22820996606221294,3.5515511048413297,4.0,0.7387120476199571,0.10752825699530916,0.7718556332482733
202609,0.2097634090862582,3.5499887397911647,4.0,0.739334452404415,0.10574950779888644,0.7732108911330412
202609,0.2336622628336125,3.099383911599604,4.0,0.7315521272546295,0.1269793423761939,0.7817938378544914
202609,0.18051504297369314,4.5,4.0,0.7440069154277658,0.08238617740194032,0.7783442854158051
202609,0.1291484110858138,4.5,4.0,0.7507721951064601,0.08153168381389991,0.7940129200691168
202609,0.12551278948787456,4.5,4.0,0.7512675101364946,0.0814457274028974,0.7951026967840972
202609,0.24355057142939854,3.110122017773113,4.0,0.7316575116315162,0.12799099679470946,0.7808113357569577
202609,0.16353803595338667,4.5,4.0,0.7460584617892537,0.08203921786107085,0.7831905774923669
202609,0.13665261232246162,4.5,4.0,0.7497342059332234,0.0816755079372006,0.791691355010501
202609,0.13980089469859616,4.5,4.0,0.7492954071657703,0.08172536768131608,0.7906967999165844
202609,0.11042913224199993,4.5,4.0,0.7532242781180246,0.08092929454476369,0.7992506735354251
202609,0.2341435179021549,3.4427879624142532,4.0,0.7367499027807181,0.1120989410907317,0.7722519704763102
202609,0.24261910771066433,3.190958808362079,4.0,0.7326929650240623,0.12389208440028261,0.7774880530006897
202609,0.24756448704316245,3.0477275002296733,4.0,0.7310643745659378,0.13197409259993756,0.7840464062562519
202609,0.23012938124344295,3.325250262678415,4.0,0.7347528953013911,0.11611608017761227,0.7739690280790353
202609,0.2173742671211244,3.136124053171856,4.0,0.732569793938829,0.1232324387307989,0.7820717539830176
202609,0.1401278304953209,4.5,4.0,0.7492498037145577,0.08173026843768107,0.79059304077886
202609,0.2399783400355304,3.313842757659068,4.0,0.7345603245151434,0.11802393210859179,0.7740942008451841
202609,0.23390659153547033,3.186571098046713,4.0,0.7326114665297596,0.12273556882914737,0.777842381187687
202609,0.23074304416568853,3.3375284207863833,4.0,0.7349469924635887,0.1156946915287353,0.773695792628315
202609,0.23795869188591956,3.1427036430420197,4.0,0.7320156755469636,0.12544546127670259,0.7794507531246704
202609,0.21476835064802435,3.1908536672590744,4.0,0.7333739441123,0.12036164091828992,0.7799634404167124
202609,0.24529615207605626,3.1338606615086473,4.0,0.7319780595775547,0.12711326004358647,0.7797541808659256
202609,0.2364574563021906,3.4603462662427042,4.0,0.7370791737555619,0.11179997857716735,0.7721867118319267
202609,0.23897613931802025,3.0380223633684826,6.0,0.729736864771541,0.14592960506897334,0.7984908605304513
202609,0.24008330647442916,3.0424117375606556,6.0,0.7297398420687089,0.14599532997203846,0.798170456257525
202609,0.23971591404716094,4.5,6.0,0.7339262050266117,0.10159499574430328,0.7911144187839475
202609,0.1806650886636585,4.5,6.0,0.7394596428506586,0.09103187631192423,0.7964137770029699
202609,0.17683372917330578,4.5,6.0,0.7401089809014881,0.0906254202638494,0.7973817460395775
202609,0.2094745679610784,3.859402582151266,6.0,0.7384961583273824,0.1082732732649005,0.789461757054011
202609,0.22856512495124187,4.5,6.0,0.7341578434440424,0.09880908582520265,0.7902480206941989
202609,0.22194663018985428,3.4724000243679005,6.0,0.7332474272325501,0.12232787233317191,0.7861188400498239
202609,0.2151349694716966,3.544701816651253,6.0,0.7344889352455906,0.11844231170816492,0.7863941880994593
202609,0.21568672546874323,3.365450999872124,6.0,0.732381182360555,0.12512872100038522,0.7879004210977298
202609,0.22038405225127045,4.497621776267182,6.0,0.7346662541372155,0.09708363594956063,0.7903338481292097
202609,0.2031860259421476,4.5,6.0,0.736224842233532,0.09397241403734116,0.791882168620611
202609,0.23893836145317968,3.06078092290403,6.0,0.7297476463783359,0.14468575990540816,0.7971392870623082
202609,0.24250750255179096,3.213403363732459,6.0,0.7304132958315059,0.13806399279792292,0.790383816670368
202609,0.1894500775022857,4.5,6.0,0.7380701167760036,0.09205728914064262,0.7943839617257926
202609,0.21207588923859677,4.5,6.0,0.7352822200695205,0.09545416283281843,0.7908104690594322
202609,0.1857098202144626,4.499996978249213,6.0,0.7386438431153526,0.09160381472547302,0.7952130095297267
202609,0.22327514286721115,3.2916655685368386,6.0,0.731280592238331,0.12974001109475541,0.7887507034774752
202609,0.22317340654017734,3.1577883198707224,6.0,0.7303755135659276,0.1358656523242202,0.7934936225096381
202609,0.24273829134062644,3.1044721518497864,6.0,0.7298668482843574,0.1434587356308231,0.7947337690458007
202609,0.23942011160622048,3.199326202923331,6.0,0.7302816013802685,0.1378524482793086,0.7908052404115172
202609,0.22610977765987447,3.4375897093207417,8.0,0.7300209185864551,0.1357010557121538,0.8049846389533892
202609,0.2403468721609653,3.3641571495024336,8.0,0.7291144879433984,0.1434826395401752,0.8061958983095207
202609,0.22610221890452714,3.4830442199564478,8.0,0.7305331398705998,0.13404410225761454,0.8047391695203175
202609,0.2237275034395439,3.3592224225783753,8.0,0.7293272186612174,0.13798776084992875,0.8060061761585894
202609,0.21700477377758626,3.5409422957216345,10.0,0.7257967825934357,0.13276529958159075,0.8064628296673292
202609,0.23220812456570317,3.065413340305557,10.0,0.7202272585677741,0.15872270587466042,0.8195527481771372
202609,0.1959094876024765,3.5627185330114433,10.0,0.7284536274612913,0.12546968166946565,0.807416461864648
202609,0.17833668632733393,3.5107747764729473,10.0,0.7301109662210628,0.12285345040534033,0.8094655179953598
202609,0.2134838894998103,3.558760995442212,10.0,0.7264065138996232,0.13096572032386425,0.8065056114320546
202609,0.23109817242453082,3.0968488716424933,10.0,0.7202534280524058,0.15661926531689363,0.8176712693530926
202609,0.2108209646024116,3.6180156650407276,10.0,0.7277805019120797,0.12822079663137947,0.806782639567672
202609,0.21068972263791658,3.6120718337241593,10.0,0.7276780478568621,0.12835901906601582,0.8067506071618904
202609,0.19717748573765578,3.3371074332885238,10.0,0.7243861988811235,0.13396055801559897,0.8100379943699784
202609,0.21969753707896358,3.3613824337078135,10.0,0.72273937908529,0.14021144257999854,0.807998354136911
202609,0.22149485621887105,3.0588985312699037,10.0,0.7204180673130656,0.15479772666876793,0.8204690122856024
202609,0.1956919889745224,3.7737069443390743,10.0,0.7328659060641721,0.11930681141413516,0.8091246448859473
202609,0.23141968920254133,3.214758655549561,10.0,0.7208021419463297,0.1510405910759187,0.8121106891668008
202609,0.21600679182264337,3.392220562130084,10.0,0.7234052498224302,0.13769324364986563,0.8075439926982526
202609,0.19086607630664065,3.664001245326799,10.0,0.7312766130290091,0.12104148655856496,0.808260846079111
202609,0.23296613923077703,3.2835939990520253,10.0,0.721404048799806,0.14865146551035555,0.8099696650354977
202609,0.21076531105360272,3.233809643708863,10.0,0.7218527575205963,0.14247808522946803,0.8120803854760053
202609,0.17561990089859553,3.660896329647557,10.0,0.7338228412215427,0.11755731992260017,0.8098418143628104
202609,0.2294674362187471,3.1104696058358705,10.0,0.7202937140279968,0.15525001845165673,0.8169255098404603
202609,0.21409583703042143,3.189523135373636,10.0,0.7212568443496934,0.14562504228788253,0.8136883211307356
202610,0.2287755544045371,4.5,2.0,0.7601909401253024,0.07603981509722058,0.7791632444183915
202610,0.22297679839044285,4.5,2.0,0.7599321676151342,0.07607612459721222,0.7790228827986728
202610,0.20854092912985456,4.5,2.0,0.7596784389299117,0.0764616370313653,0.7798391133466489
202610,0.1,4.5,4.0,0.7544370512906237,0.0803730898653527,0.8016311570728486
202610,0.22498366698961864,4.5,4.0,0.7411040144029997,0.08523575503527686,0.7717866271247686
202610,0.2485513592415687,3.0,4.0,0.7306707534763576,0.13478252430187215,0.7869334554352327
202610,0.24132278367140148,3.0,4.0,0.7305861440907468,0.1334835587058988,0.7871543346792342
202610,0.2143257089963328,3.668850351876379,4.0,0.7410909647265714,0.10241906617023312,0.7728401065507646
202610,0.22758748036033458,4.5,4.0,0.74109306875665,0.08553879363679348,0.771815257637016
202610,0.22131131580305508,3.1789778010639624,4.0,0.7328755950745961,0.12154852415624431,0.7794249762302493
202610,0.14015435316021127,4.5,4.0,0.7492461040388404,0.08173066393167144,0.7905846199430164
202610,0.10149227277662762,4.5,4.0,0.754272511790485,0.08046466109106613,0.8013205801566092
202610,0.14290485470732142,4.5,4.0,0.7488625009213038,0.08177013193477009,0.7897090110003303
202610,0.10868391568018476,4.5,4.0,0.7534367741905842,0.0808491573409453,0.799681254721886
202610,0.12870789784894748,4.5,4.0,0.7508325420425346,0.08152190446771845,0.7941463747683092
202610,0.23363849660640318,3.2504622716012097,4.0,0.73353132699482,0.11978231414856488,0.7756938720028259
202610,0.23677816740799415,3.1700991491437573,4.0,0.7323703343339134,0.12393769399092494,0.7783496962730501
202610,0.1476624333527142,4.5,4.0,0.7482009449986673,0.08183285350270303,0.7881882423139098
202610,0.22303435942118854,3.2389536425478314,4.0,0.7336129522749161,0.11897001107997032,0.7768982839279399
202610,0.20067589951735498,4.5,4.0,0.7421359342408985,0.08321612036486958,0.7739522199206423
202610,0.22552528819455053,3.1155742713988674,4.0,0.7319529193274561,0.12511240359412518,0.7818493258656591
202610,0.20457223615843326,3.429140589639975,4.0,0.7376260529494073,0.10961700572839313,0.7750597069381534
202610,0.12503305571449427,4.5,4.0,0.7513323590313612,0.08143344812902027,0.7952443907932403
202610,0.13590915905693596,4.5,4.0,0.7498376596052594,0.08166295207971055,0.7919247820562754
202610,0.2248840787496576,4.5,4.0,0.7411048556996706,0.08522453858557076,0.7717866473910444
202610,0.1143111029158704,4.5,4.0,0.7527397668887074,0.0810908548618702,0.7982519246222349
202610,0.11644570924516373,4.5,4.0,0.7524669928535883,0.08117050283303734,0.7976803827348393
202610,0.2151995839120162,3.393753195396804,4.0,0.7363824386557489,0.11176689260411624,0.7740039425923851
202610,0.24658448652605777,3.095737597560116,4.0,0.7315485380308222,0.12927049783645386,0.7815181837086679
202610,0.22105098808078932,3.324846483613437,4.0,0.7349941566767099,0.11507204496522352,0.7746820569420076
202610,0.22448440150970622,3.3780256223251817,4.0,0.7357517646675843,0.1133137327983305,0.7733276376761534
202610,0.22686083501293505,3.5266492850982316,4.0,0.7382898560207404,0.10819308741942285,0.7719082872942242
202610,0.1819626513837328,4.5,4.0,0.7438490560325187,0.08242752596259402,0.7779708728148069
202610,0.15284063184553345,4.5,4.0,0.7474877416091255,0.08189721563716768,0.7865354870675709
202610,0.13152111581887718,4.5,4.0,0.7504458260852672,0.08158159410295565,0.7932881128691947
202610,0.1713419704964087,4.5,4.0,0.7450742568277342,0.08217189127713087,0.7808692626411073
202610,0.21257022078767857,3.498220542352113,4.0,0.7382926450222821,0.10772377654356957,0.7731215824784645
202610,0.22721766264233084,3.3217330410903263,4.0,0.7347509518048233,0.11589471872666741,0.774210931800723
202610,0.15493363165032206,4.5,4.0,0.7472026161155125,0.08192322105024222,0.78587138426097
202610,0.22776970711155137,3.0,4.0,0.7308605454525572,0.1315305074779653,0.7886515178498504
202610,0.22786594611468292,3.1406683246151514,4.0,0.732156164207216,0.12414367769606063,0.7803153855743077
202610,0.22190699755102106,3.1574290101872435,4.0,0.7325829126724683,0.12264354287998569,0.7803018077462234
202610,0.12362379752154207,4.5,4.0,0.75152208045025,0.08139602125490672,0.7956575317332324
202610,0.17472114385656376,4.5,4.0,0.7446684694265593,0.08224212571466795,0.7799096859639651
202610,0.16627781690965732,4.5,4.0,0.7457061660075494,0.08208183521002835,0.7823609345426592
202610,0.1214469011312403,4.5,4.0,0.7518126698101256,0.08133403391327695,0.796286077302189
202610,0.1875335654083107,4.5,4.0,0.7432723458571907,0.08260976645754003,0.776608643508301
202610,0.20473658084975468,3.4182609060181033,4.0,0.7374342686058449,0.11003409107640877,0.7751989306644784
202610,0.11152524701806307,4.496643535257335,4.0,0.7531632149062879,0.08104024463889109,0.7990159192698738
202610,0.11931707442340236,4.5,4.0,0.752093745571769,0.0812681549016673,0.7968887909819523
202610,0.23775217426513667,3.0,4.0,0.7306059983967709,0.13291037861848468,0.7874184474784924
202610,0.2295673668083572,3.272743995658885,4.0,0.7339271994555325,0.11825886938546191,0.77527066391762
202610,0.21811924033758703,3.156966658458914,4.0,0.7327666700609435,0.1222835566028738,0.7809175278179542
202610,0.20400601684837621,3.391886981649787,4.0,0.737056593028566,0.11099074249713105,0.7757918119735595
202610,0.22019209852576768,3.548665008379932,4.0,0.738837398018461,0.10671803023854884,0.7721817528904141
202610,0.24062480523182223,3.0245723260551856,4.0,0.7307772500968737,0.13200466930992072,0.7855977481439089
202610,0.23834763134979486,3.041265792758278,4.0,0.7309279215773314,0.13073087486208268,0.7847098996127212
202610,0.224496967784201,3.01190701379483,4.0,0.7310799470987935,0.13048008162215108,0.7883464078956891
202610,0.22035683365522096,3.2823880761015998,4.0,0.7343620003467118,0.11678423282300714,0.7758602119273671
202610,0.23840343592515703,3.078772404364321,4.0,0.7312859701133141,0.12874920644026897,0.7825551237460582
202610,0.2256759879923399,3.0925301213569867,4.0,0.7317067550611936,0.12630342078815965,0.7830704319381168
202610,0.22018914541656712,3.5631151212221113,4.0,0.7390882597352649,0.1062439667723002,0.772165367326454
202610,0.23859451452879352,3.0341774937720993,6.0,0.7297375201120868,0.1460363496029894,0.7987499293754823
202610,0.2395401275045763,4.5,6.0,0.7339262218283524,0.1015475085272201,0.791092029306951
202610,0.22166540480488894,4.5,6.0,0.7345221545120306,0.09730171211966025,0.7902366168867487
202610,0.18925806287830826,4.5,6.0,0.7380988829264085,0.09203335720437865,0.7944251456106158
202610,0.23181752444250284,3.1770468367888927,6.0,0.7301961608400855,0.13692913997954081,0.7918721405207299
202610,0.18790919581803148,4.5,6.0,0.7383030738881127,0.09186724792566815,0.7947187265295494
202610,0.19997042565219947,4.5,6.0,0.7366170156328152,0.09348589458658865,0.792382931029093
202610,0.22736101542699544,3.1039935183831586,6.0,0.7300187219519882,0.139501140187542,0.7956651014381835
202610,0.23250144272833873,3.114149016888075,6.0,0.7299129675520967,0.1402127403733531,0.7946593320289286
202610,0.23849065612602222,3.0476766490129763,6.0,0.7297385413987502,0.1452706586859109,0.7979301643465531
202610,0.2242450758736323,3.168820961599996,6.0,0.7303820775157767,0.1355621658817418,0.7928768234850575
202610,0.23095846002648976,3.150398734874614,6.0,0.730081236804628,0.13801545475299792,0.7930585720590225
202610,0.21142393941551638,4.5,6.0,0.735343905009436,0.09533828896266958,0.7908723811667729
202610,0.1816280054616498,4.5,6.0,0.7393003644260131,0.09113769503480575,0.7961777699572095
202610,0.18228961782713066,4.5,6.0,0.739191873350354,0.0912112924658241,0.7960174061124349
202610,0.17599689721237102,4.5,6.0,0.7402539861405243,0.0905396081966404,0.7975989316491451
202610,0.23514816354752122,3.0658637886346733,6.0,0.7297721638559979,0.14340445722925968,0.7970682939770943
202610,0.17784461932401666,4.5,6.0,0.7399353027852353,0.09073046548007344,0.7971220509820283
202610,0.21949128859138772,3.314800512488408,6.0,0.731667436738649,0.12796065545412522,0.7885409828480382
202610,0.23165627470516587,3.4926149312006323,8.0,0.7304817437542191,0.13553027379351157,0.8048191892705427
202610,0.22530423331853788,3.368018280311369,8.0,0.7293444003098821,0.13812685613548087,0.8058090765120781
202610,0.2360176571338642,3.3674687752874797,8.0,0.7291187934068394,0.14175410196031352,0.8058939747145453
202610,0.23145567587442428,3.066443379260393,10.0,0.7202276141120454,0.1583510093905739,0.8194998682377731
202610,0.21687519623475485,3.537562515213397,10.0,0.7257455116150787,0.13283087905064872,0.8064619049663608
202610,0.21927590911539502,3.142429407355475,10.0,0.7206970666289816,0.14971272408141667,0.8156275612499331
202610,0.22625063465153866,3.088531515167613,10.0,0.7203023503483615,0.155075603513363,0.818293928597061
202610,0.21601328560380015,3.2673912569766603,10.0,0.7218208635001273,0.14278118858317895,0.8105257953050328
202610,0.1930844756903977,3.7044037683856788,10.0,0.7317947563259696,0.12047241945457757,0.8084456940226985
202610,0.1934931149250338,3.2673601974572946,10.0,0.7239291381382856,0.13587331738173827,0.8126801479792118
202610,0.224195220422081,3.4115508379846218,10.0,0.7232329183506463,0.13996856706731145,0.807243282619751
202610,0.2170207940648727,3.226324455954524,10.0,0.721369657062024,0.14495316586572093,0.8119411157028495
202610,0.19270693797179872,3.631740433802529,10.0,0.7303161474651254,0.12247026774333043,0.8078833105469511
202610,0.2233992002368654,3.5054099465985344,10.0,0.7247719994770345,0.13630346230963902,0.8065889731745645
202610,0.19382437071778902,3.7482600960727526,10.0,0.7326146438126392,0.11947387331160308,0.8089098810726445
202610,0.2236751251529268,3.459928573741277,10.0,0.7240047997487569,0.1379971636671679,0.8067887501299844
202610,0.2199539605798826,3.6262427359317266,10.0,0.7271640724840721,0.13113668213655075,0.8068618587454344
202610,0.19119322713890635,3.469476961195968,10.0,0.7273196721121153,0.12735316257986545,0.8083201135698586
202610,0.21332361386969867,3.1217641881822207,10.0,0.720937231126209,0.14864044022927497,0.817247802212133
202610,0.1913231117154789,3.520517108029783,10.0,0.7282660091087005,0.12563188347239082,0.807933689964198
202610,0.19342661017016557,3.579812791049983,10.0,0.7291421704403805,0.12425601809682825,0.8076408708313833
202610,0.2127668804365002,3.639912141766785,10.0,0.7280188951451977,0.1282081225424208,0.8069067154473524
202610,0.22733179513889826,3.0609560582469753,10.0,0.7202660961383497,0.15694978127653708,0.8199814128049487
202610,0.19435668373955892,3.6028522833502965,10.0,0.729478452160758,0.12378617911485476,0.8076139123769293
202610,0.21009141519045413,3.582850814664422,10.0,0.7271744527472522,0.129070630249834,0.8066356748604177
202611,0.2230042800071362,4.5,2.0,0.7599331678943022,0.07607577792123554,0.7790228749541779
202611,0.2286270313335348,4.5,2.0,0.7601830869056363,0.07603979175018173,0.7791560056187417
202611,0.2085438844711118,4.5,2.0,0.7596784391526433,0.07646152041416654,0.7798387911301868
202611,0.1,4.5,4.0,0.7544370512906237,0.0803730898653527,0.8016311570728486
202611,0.24131908091578883,3.0,4.0,0.7305861441508215,0.1334829414638475,0.787154557144839
202611,0.2249279579719781,4.5,4.0,0.7411044812212771,0.08522947727174143,0.7717866284488776
202611,0.24802300334624822,3.0,4.0,0.7306586861410627,0.1346810672726081,0.7869347329550518
202611,0.20958012627991834,3.652829437610721,4.0,0.7410661539036114,0.10250762816744173,0.7732548381289189
202611,0.2275993538525749,4.5,4.0,0.7410930681185189,0.08554021916352822,0.7718155183267351
202611,0.13423265591351285,4.5,4.0,0.7500705773391849,0.08163340087518442,0.7924487607027301
202611,0.1073792761484446,4.5,4.0,0.7535932989463819,0.08078603746775445,0.7999951882937165
202611,0.22342000896217573,3.1607907579487886,4.0,0.7325580541304074,0.12264479361779569,0.7799354557040076
202611,0.1457644381682223,4.5,4.0,0.7484643811815872,0.0818084835218687,0.7887953517765377
202611,0.20786950447214236,3.5958674843110483,4.0,0.7402225516672076,0.10412928646520803,0.7733774299947438
202611,0.11395911113978249,4.5,4.0,0.7527843327564216,0.08107711409749777,0.7983447012821213
202611,0.1257353253074424,4.499999999999999,4.0,0.7512373848211952,0.0814513459238285,0.7950367926326688
202611,0.22645135517946013,3.2787772883492696,4.0,0.7340921673333919,0.11761280869625404,0.7753340030222771
202611,0.19805939780999426,4.5,4.0,0.7423343641072504,0.0830728699767101,0.7744109317625353
202611,0.14003896462588944,4.498973755720819,4.0,0.7492863623286741,0.08174807393750078,0.7906409209855859
202611,0.2206609095412297,3.225653450226389,4.0,0.7335242773241233,0.11931718936681047,0.7776626579879008
202611,0.2395164883891983,3.0641833372800678,4.0,0.7311365597062875,0.12969161019036,0.7832999204931297
202611,0.20688720936201113,3.5441072588254383,4.0,0.7394091402661718,0.10573418888518638,0.7736254388858049
202611,0.2207395514667854,3.289356987586457,4.0,0.7344518838397728,0.11652562088006202,0.7756180849999228
202611,0.23690271372852195,3.0,4.0,0.7306164561174259,0.13278040891383147,0.7874956092553035
202611,0.16535596534566094,4.5,4.0,0.745823947217128,0.08206708010916597,0.7826384857506848
202611,0.17696344883786733,4.5,4.0,0.7444070402636608,0.08229405469209844,0.7792911054479853
202611,0.22941527215000815,3.067263229770181,4.0,0.7313317017325841,0.12807650863031386,0.7840237128129987
202611,0.21542288902794748,3.327724944145393,4.0,0.7352994262917977,0.11441025062138559,0.7753112660908068
202611,0.12991912844128234,4.5,4.0,0.7506664180170328,0.08154839781077225,0.7937785652663971
202611,0.13016683660226555,4.5,4.0,0.7506323709535277,0.08155366501132072,0.7937030167453194
202611,0.21721503813681087,3.3553187973375795,4.0,0.7356513099148511,0.11345737256546315,0.7744613653520624
202611,0.24396464536864695,3.175760917435883,4.0,0.7325047411002468,0.12484308336918172,0.7780580498817227
202611,0.20721853279361704,3.6331080931509234,4.0,0.7408806148233131,0.10292907596389361,0.7734934355318508
202611,0.21200213370910753,3.3030252567514395,4.0,0.7351130531386678,0.11514511790673965,0.776474632255207
202611,0.17900104954367224,4.5,4.0,0.7441753099409378,0.08234534418479568,0.7787427301795016
202611,0.2255308900807312,3.135522826335603,4.0,0.7321755706921252,0.12411776813823182,0.7808442461743864
202611,0.22927934270181652,3.4264864505559522,4.0,0.7364871239733172,0.11204390636085919,0.7724428022153668
202611,0.15500293576110197,4.5,4.0,0.7471932126909606,0.08192408894133899,0.7858494522286403
202611,0.1871776441720998,4.5,4.0,0.7433076538687298,0.08259694848914509,0.7766919082074772
202611,0.24450039211335742,3.030422551621556,4.0,0.7308496401446576,0.13234782416854207,0.7850804335902233
202611,0.2148624710988726,4.5,4.0,0.7413408268163844,0.08422860740009633,0.7721862923008087
202611,0.22283651459899062,3.0,4.0,0.7310862393778226,0.13096114073708476,0.7895061281685825
202611,0.22393756600043568,3.3123904429200466,4.0,0.7346924169513349,0.11589929353806573,0.7746880175653963
202611,0.15966302650744957,4.5,4.0,0.746567389746433,0.08198438669263294,0.7843858714274077
202611,0.10441603422921227,4.5,4.0,0.7539409521717153,0.08063198394937546,0.8006816362599046
202611,0.22964649419291763,3.465489491740331,4.0,0.7371704009264117,0.11066653344439209,0.7721079066506432
202611,0.21121332375795007,3.5363742250573247,4.0,0.7390203769127984,0.10631440019988353,0.7730783163890558
202611,0.22376921857709636,3.199043049657149,4.0,0.7330327256847341,0.12087160140776002,0.7782713215001555
202611,0.20371601871848946,3.4621245953158155,4.0,0.7382383166835521,0.1083564636478256,0.7747694963228654
202611,0.24262832464093204,3.117803505564444,4.0,0.7317362522181675,0.12744408298484272,0.7804586843043467
202611,0.20711682822842503,3.4411645182416097,4.0,0.7376498161480178,0.10934436182717737,0.7744639453608123
202611,0.22964649419291763,3.4577096418027873,4.0,0.7370326225590189,0.110946314229599,0.7721615878350091
202611,0.11530251106573944,4.5,4.0,0.7526136049190719,0.08112862346479699,0.7979883505763518
202611,0.21177569873994043,3.5092265725468166,4.0,0.7385241998689788,0.10727902734250754,0.7731472218631237
202611,0.23321583579845018,3.2375071699391422,4.0,0.7333413917018351,0.12029961084586671,0.7761057793794786
202611,0.12311636022955404,4.5,4.0,0.7515900957808445,0.08138203499321106,0.7958051207451393
202611,0.15175305836015796,4.5,4.0,0.7476367020066083,0.08188378900274632,0.7868817122578359
202611,0.17084138855356307,4.5,4.0,0.7451355037050642,0.08216223279068652,0.7810140021506355
202611,0.2304366078436294,3.1009088554561712,4.0,0.731637513203072,0.1264628089543252,0.7820230670644356
202611,0.1181941552961043,4.5,4.0,0.7522405304351262,0.08123121366956282,0.7972013412175952
202611,0.2352484151173802,3.021004753385295,4.0,0.7307966120439708,0.13136670967540134,0.7862469376068879
202611,0.16660471446110425,4.5,4.0,0.7456645913379497,0.08208717659988359,0.7822629233242661
202611,0.23871794710446012,3.0353486401854624,6.0,0.7297371814060017,0.14600565662841525,0.798670112584617
202611,0.23965666056598767,4.5,6.0,0.7339261972103792,0.1015789756756574,0.7911068392319188
202611,0.21789635730712958,4.5,6.0,0.7347871244806933,0.09654268704231105,0.7903844440441309
202611,0.2316647335960135,4.5,6.0,0.7340476430613865,0.09953855812404322,0.7903793536545554
202611,0.17873601989137713,4.5,6.0,0.7397835329541388,0.09082438010529663,0.7968955526122502
202611,0.22887693374103313,3.0991845865088843,6.0,0.7299587179543077,0.14010277016451742,0.7957599384516828
202611,0.17461560314087615,4.5,6.0,0.7404957147316865,0.09040017400660423,0.7979616206524376
202611,0.21217726857899452,4.5,6.0,0.7352727380163941,0.09547228821664824,0.790801090857092
202611,0.23832461678319952,3.0778280662012873,6.0,0.7297706977291201,0.14361157785160064,0.7962122364556267
202611,0.23510114565476586,3.099712759645651,6.0,0.7298351160770526,0.14161410739427643,0.7952184432444586
202611,0.22100183000563708,3.257965810558315,6.0,0.7311042402174267,0.13073013047403084,0.7899278338565644
202611,0.2398813053081171,3.0525085283426696,6.0,0.7297432473483156,0.14539096491438455,0.7975783646125808
202611,0.24371006958301522,3.1188151329707012,6.0,0.729931148824456,0.14300800972849384,0.7940597079123879
202611,0.1767446323417184,4.5,6.0,0.7401243668808153,0.09061623499764271,0.7974047758679359
202611,0.22943544908075858,3.1926076300136006,6.0,0.7303376414467151,0.13561033650036416,0.7914213596286208
202611,0.22630932429683148,3.3617077086605835,8.0,0.7292487524317508,0.13869745537858813,0.8058848927343357
202611,0.22963828861182134,3.424865528813553,8.0,0.7297738726560773,0.13732356522404468,0.8050913095239246
202611,0.21745084912968862,3.3857315104254333,8.0,0.7299157114453577,0.13507509702758436,0.8059187595276998
202611,0.21717426161162653,3.5352978998864977,10.0,0.7256826641484029,0.13301145030173384,0.8064619085161401
202611,0.23180557868967386,3.0646917837162517,10.0,0.7202273438611082,0.15859076517885357,0.8196045339767087
202611,0.19259095250754615,3.401949697810168,10.0,0.7259518905977359,0.13018449622243314,0.8091154571353361
202611,0.22543765384359044,3.526970845519197,10.0,0.7250444768895018,0.13636145359228036,0.8066500265427935
202611,0.1731383623119969,3.412097944656058,10.0,0.7290976628381818,0.12525354919038328,0.8114169553818853
202611,0.19776261091661265,3.718385595038718,10.0,0.7313967916388086,0.12135775678545305,0.8082591799824287
202611,0.23565009623932795,3.235782360944206,10.0,0.7209651597213232,0.15190477643231157,0.8115301908299813
202611,0.1873252638663998,3.4468573371390008,10.0,0.7274639094232822,0.12718374897985837,0.8090164044352055
202611,0.2333867631192292,3.1671808808655344,10.0,0.7204937193102723,0.154101425805414,0.8140990852936916
202611,0.21719549835233912,3.40642706008399,10.0,0.723537243186713,0.1375728124587846,0.807308438428281
202611,0.2200852489251809,3.3989312180268327,10.0,0.7232497097151506,0.1388995767184623,0.8073774752137792
202611,0.22054917025557444,3.3632792277786123,10.0,0.7227193318853474,0.14044959824290681,0.8079529894297255
202611,0.18465919848617707,3.686528613911737,10.0,0.7327766049327887,0.11885995765171237,0.8090467435308254
202611,0.18535568375363964,3.7410427024949664,10.0,0.7338541321505548,0.11752398265990305,0.8095647150732735
202611,0.23106642211449258,3.2486499911705327,10.0,0.7210836853794202,0.14936900479879656,0.81092509193736
202611,0.1941856286050401,3.4995910804392447,10.0,0.727466566058768,0.12709494150903108,0.8077699629219413
202611,0.172864299232162,3.564687285138827,10.0,0.7322020079208917,0.11991280392295177,0.8099156308512581
202611,0.22242087124000007,3.3224637124193435,10.0,0.7221024521281455,0.1427896919412288,0.8087919044898729
202611,0.2098685324198432,3.2298079950424694,10.0,0.7218851234278649,0.14236405234319752,0.8123135869879617
202611,0.1689989349308897,3.6010488874124453,10.0,0.733727187782487,0.11799186647088392,0.8103911620313543
202611,0.22561686941534428,3.2647205241709014,10.0,0.7213468466561171,0.14645951978552188,0.810348685335376
202611,0.21848503187254348,3.247719927817841,10.0,0.7214827599720737,0.14452123087532168,0.8110763997346842
202611,0.2307872686402824,3.4397650995413933,10.0,0.7234461764308157,0.14156042851355158,0.8072494814757983
202611,0.18732526386639978,3.490039725857262,10.0,0.7282663426400243,0.12565859106643823,0.8085540651790858
202611,0.22598581481265964,3.0870843580256015,10.0,0.7203060531885976,0.15504582751078771,0.8183930798762493
202612,0.22862719575733928,4.5,2.0,0.7601830955631506,0.07603979174745393,0.7791560135241922
202612,0.22297759471317175,4.5,2.0,0.7599321965702467,0.07607611452911292,0.7790228824833452
202612,0.20846852905628965,4.5,2.0,0.7596784396029214,0.0764644982503727,0.7798470254745128
202612,0.1,4.5,4.0,0.7544370512906237,0.0803730898653527,0.8016311570728486
202612,0.24133074538647584,3.0,4.0,0.7305861441079661,0.13348488607082945,0.7871538566980825
202612,0.2469744515642773,3.0,4.0,0.7306375429809298,0.13448282023779154,0.7869443757233144
202612,0.22515637749623396,4.5,4.0,0.7411026285159706,0.08525527171427337,0.7717867847995022
202612,0.21385705008798195,3.6668749674034995,4.0,0.7410797784022346,0.10243670066473778,0.7728720690062924
202612,0.22766134008368236,4.5,4.0,0.7410930721261276,0.08554766771828906,0.7718168986699764
202612,0.21745180714534082,3.2566781955532433,4.0,0.7341181932596326,0.11761565865458909,0.7770386213624761
202612,0.21515543059124206,3.347562920474246,4.0,0.7356290495569233,0.11358025540770517,0.774893342485828
202612,0.1462984939469912,4.5,4.0,0.748390175414665,0.08181541278886101,0.7886245360150789
202612,0.14269327300738613,4.5,4.0,0.7488919963039402,0.08176719598877424,0.789776507205214
202612,0.12113069435906933,4.5,4.0,0.7518546107372474,0.08132458917870311,0.7963763501172295
202612,0.13295537557204948,4.5,4.0,0.7502475987092191,0.08160964858418446,0.792845485265062
202612,0.1538173701915521,4.5,4.0,0.7473544156592484,0.08190931023947245,0.7862251717093526
202612,0.19167799469749053,4.5,4.0,0.742877773743946,0.08277196053904987,0.7756801135635865
202612,0.12661110405078116,4.5,4.0,0.7511185689316633,0.0814729897741635,0.7947763731195039
202612,0.1792647610331524,4.5,4.0,0.7441457416259195,0.08235228486395411,0.7786727620419299
202612,0.2502137641137249,3.3561340123636465,4.0,0.7356271059159896,0.11814566940755154,0.7741931711250613
202612,0.14021428789619259,4.5,4.0,0.7492377436366602,0.0817315565151433,0.7905655890847381
202612,0.13002596097465274,4.5,4.0,0.7506517369912361,0.08155067563112478,0.7937459957199668
202612,0.16668781222918677,4.5,4.0,0.7456540392823323,0.08208854377633354,0.7822380438577845
202612,0.10796707421530465,4.5,4.0,0.7535230303842845,0.0808148225303741,0.7998546070991903
202612,0.17756904050778874,4.5,4.0,0.7443375729486399,0.08230887506044307,0.7791267148744306
202612,0.22095691601577933,3.466214658543405,4.0,0.7373747220595883,0.10963207838698641,0.7725241390192731
202612,0.21701074079395116,3.5897828681333244,4.0,0.7396609999882031,0.1050764085759851,0.7723976819177018
202612,0.22187885277790156,4.497142695855227,4.0,0.7412179629548781,0.08495202509642051,0.7719165345110428
202612,0.13594073196115397,4.5,4.0,0.7498332679724248,0.08166349191606342,0.7919148815467577
202612,0.21216681149240962,3.5327137365807646,4.0,0.7389063846473359,0.10651382118050194,0.7729784529780783
202612,0.1375603527624691,4.5,4.0,0.7496077842201708,0.08169041240491026,0.7914055445911846
202612,0.22193916608020606,3.106803912834365,4.0,0.7320151336641462,0.125157514652118,0.7828462455699711
202612,0.2289112126291694,3.0605593233511046,4.0,0.7312864000731581,0.1283670288236114,0.7844880486883218
202612,0.21877335795143737,3.500948178475988,4.0,0.7380571586082737,0.10818910039095295,0.7724614720204646
202612,0.2223821769787185,3.1392111458666845,4.0,0.7323476351916377,0.12358375863706647,0.7811003263067178
202612,0.15680023851081915,4.5,4.0,0.7469502749451603,0.08194683161638913,0.7852822064277392
202612,0.11677887776482547,4.5,4.0,0.7524240437692139,0.08118237858098036,0.7975898370520996
202612,0.20467714936226764,4.5,4.0,0.7418620206463858,0.08345968800782788,0.7733261331885476
202612,0.10338665285471868,4.5,4.0,0.7540590321459136,0.08057485846329368,0.8009110739836193
202612,0.20123277574730877,3.572233298960494,4.0,0.740274720795515,0.10445211382198819,0.7744092553156762
202612,0.23212972396573353,3.0,4.0,0.730714686839298,0.132094269713936,0.7880272633326209
202612,0.23036732824304965,3.11351211456104,4.0,0.7317756547108323,0.12581397386340312,0.7813764481691702
202612,0.10617454200893622,4.5,4.0,0.7537359905076554,0.0807252293368568,0.8002788179502773
202612,0.23084686444779692,3.21588042250198,4.0,0.7330621918509155,0.1209563207430233,0.7769611835662158
202612,0.22616076881465574,3.0795639009546107,4.0,0.7315608826947012,0.12703191737890496,0.7837389732663858
202612,0.2300613613410039,3.1399212128257923,4.0,0.73208640704733,0.12445812468806036,0.78011989866301
202612,0.21394977682650032,3.3816846380912056,4.0,0.736248121812345,0.1121246252786609,0.7743778149218906
202612,0.24208226399831076,3.234978953380306,4.0,0.7333314266522991,0.12178138630225506,0.7760652380540951
202612,0.1119250944275014,4.5,4.0,0.7530394306897489,0.08099420886184158,0.798872288798487
202612,0.21448707793939736,3.407502370437426,4.0,0.7366484264203628,0.11117900511972353,0.7738762396991238
202612,0.19761589526863554,4.490737063074213,4.0,0.7426011622567528,0.08322194230519588,0.7747583500951383
202612,0.17265433299228902,4.5,4.0,0.7449150472553162,0.0821980956303598,0.7804928901566425
202612,0.21090180162507893,3.6255588989855396,4.0,0.7405463019317686,0.1034347916505521,0.7730333000609833
202612,0.11999991879526703,4.5,4.0,0.7520039997444726,0.08128986238423894,0.7966969360320905
202612,0.22626218784635557,3.2553675453354574,4.0,0.7337437326658838,0.11860931270513136,0.7760334509566523
202612,0.23181863823995288,3.0367153749440305,4.0,0.7309961189909421,0.13002601085331236,0.7856056217236098
202612,0.16800303103440517,4.5,4.0,0.7454879261832881,0.08211070922475325,0.7818462180971351
202612,0.23141581273178724,3.247348839860903,4.0,0.7335105477417636,0.1196144188131792,0.7758956634193225
202612,0.22644760898859345,3.2727122747618282,4.0,0.7339994817192792,0.11787413596400116,0.7755041708504834
202612,0.22713225605908666,3.4675239738309482,4.0,0.7372403194498571,0.11027956145034803,0.7721621908348764
202612,0.12790689146244827,4.5,4.0,0.7509420540565909,0.08150368800045688,0.7943880865949496
202612,0.22752751805055316,3.4527717520714547,4.0,0.7369739248495909,0.11085898922762508,0.7722587443200116
202612,0.23874751467022612,3.0421447732992166,6.0,0.7297369925129238,0.14564171879066867,0.7982506442493764
202612,0.2396414702732897,4.5,6.0,0.7339261974148604,0.10157487092287559,0.7911049014681215
202612,0.2229067489909637,3.1558650276729656,6.0,0.7303788344243292,0.13590233969874255,0.7936143945529186
202612,0.22276126220050213,3.128187550613715,6.0,0.7302760695939295,0.13724586399694266,0.7949688821396557
202612,0.23875510025947957,3.1155002251505537,6.0,0.7298666716999105,0.14177517175935447,0.7942648306476812
202612,0.22580329258587545,3.0850787103951345,6.0,0.7300355405389255,0.14012901155940263,0.7968964448392514
202612,0.17624032666508482,4.5,6.0,0.7402116913454009,0.09056446479389521,0.7975355516427557
202612,0.19161414818288777,4.4995514731151145,6.0,0.7377617505029486,0.0923404681244119,0.7939399827918309
202612,0.23834067295844044,4.5,6.0,0.73392954332325,0.10122663847727922,0.7909470052375728
202612,0.23940243637146227,3.054754622310349,6.0,0.7297432559924607,0.14513729432095432,0.797467376195456
202612,0.22330557562160328,3.642626263366169,6.0,0.7352815900357884,0.11696206426400947,0.7863139603715223
202612,0.21037184694642955,3.54744901241448,6.0,0.7348495636208123,0.11747684130119136,0.7868597534736739
202612,0.22316834482502543,4.5,6.0,0.7344292303727219,0.09761680099214881,0.790207277842782
202612,0.22464150667600186,4.5,6.0,0.7343453755004427,0.09793270492636644,0.7901954205650324
202612,0.19836309191185808,4.5,6.0,0.7368225916199974,0.09325188839330605,0.7926539057884043
202612,0.21237719653510959,4.5,6.0,0.735254125835821,0.09550811748030787,0.7907827939077092
202612,0.2169823767319009,3.4271208256748444,6.0,0.7329733446726288,0.12298471352913454,0.7868707832947194
202612,0.17390651366727597,4.5,6.0,0.7406209310693432,0.0903296368683733,0.798149762380858
202612,0.19690149464017062,4.5,6.0,0.737014878681252,0.09304423656059349,0.7929117761493388
202612,0.22617933949358313,3.3527841884076848,8.0,0.7291721947795851,0.1390156017984253,0.8060384783500184
202612,0.23657817100371198,3.362831493096443,8.0,0.729075992745141,0.14214163775985053,0.8059831871551126
202612,0.2302154325498569,3.440887860011881,8.0,0.7299311307410735,0.1369164191539369,0.8049798908460795
202612,0.23121134358581016,3.3629720936884198,8.0,0.7291278398390567,0.14025743193537116,0.8058312615669919
202612,0.2169331934501143,3.533116198242694,10.0,0.7256613255024416,0.13299842594794314,0.8064622853849238
202612,0.23224971673856795,3.0659922068848253,10.0,0.7202272234052032,0.15870974221039133,0.8195156832567764
202612,0.18949142927184173,3.737013445518444,10.0,0.7330661652929445,0.1186509941486269,0.8091259829223929
202612,0.19155984681514,3.6858232387394865,10.0,0.7316340416889717,0.12059529694507144,0.8083873772619758
202612,0.20732026157321234,3.1867731143472255,10.0,0.721737036238508,0.1435236438082346,0.8144381268797989
202612,0.21385739408406332,3.3062427089417676,10.0,0.7223997452297949,0.14038395345020138,0.8094702625752446
202612,0.22840263991635942,3.1156866515269557,10.0,0.7203207837381176,0.15455242349800682,0.8166591346908114
202612,0.1891702308963176,3.4998425100222663,10.0,0.7281797737319876,0.12578157354854175,0.8082766566769853
202612,0.20074680752781746,3.4978242542758466,10.0,0.7265981260499589,0.12898894137883637,0.8072211504644293
202612,0.20190131310664686,3.6667998860448914,10.0,0.7297673802558382,0.12399978410010007,0.8074827155643911
202612,0.17711228753006014,3.342927946674223,10.0,0.7272752863277245,0.1287760807920101,0.8124955115211013
202612,0.22549758429086247,3.100999658496734,10.0,0.720340976100689,0.15413867893897587,0.8175857481747008
202612,0.2209983941485806,3.1438147192879553,10.0,0.7206288341521097,0.15027919624513603,0.8154518756694691
202612,0.17936150558869982,3.286780392818779,10.0,0.7261139339453738,0.13158929176681858,0.8139798839328094
202612,0.22988638749431,3.078287279265059,10.0,0.7202391299724877,0.15707627492588566,0.8187962460494568
202612,0.21498768085618253,3.4492210772027545,10.0,0.7243653283058278,0.13522124943757471,0.8068678497507863
202612,0.19592914811852488,3.5279066215402874,10.0,0.7277709967093232,0.12661247116398278,0.8074729679623843
202612,0.19931931718914855,3.6973553625408737,10.0,0.7307398935386847,0.1223812241701778,0.8079266930221225
202612,0.18798115462938522,3.746074253754302,10.0,0.7335143333794238,0.11802991091536372,0.8093770528481151
202612,0.21983988116942152,3.186649091268809,10.0,0.7209201183954047,0.1477971214204128,0.8134483739167212
202612,0.22059185627884706,3.1699981421991428,10.0,0.7207820823965979,0.1488625043077003,0.8141762521815037
202612,0.19224451611815233,3.6785314240841327,10.0,0.7313729272802628,0.12098105741410686,0.8082624043817221
202613,0.22302914761005238,4.5,2.0,0.759934074838174,0.0760754656068588,0.7790228732492679
202613,0.22898982942189,4.5,2.0,0.760202386382554,0.07603994001816405,0.7791740335884966
202613,0.2085436097091347,4.5,2.0,0.7596784391311078,0.07646153125563707,0.7798388210845841
202613,0.21690343854928715,4.5,2.0,0.7597612294061237,0.07619077506835462,0.7791741564662046
202613,0.2413423007115543,3.0,4.0,0.7305861444884927,0.13348681295215534,0.7871531638670174
202613,0.1,4.5,4.0,0.7544370512906237,0.0803730898653527,0.8016311570728486
202613,0.22497355865926705,4.5,4.0,0.7411040983902177,0.0852346153103451,0.7717866254762343
202613,0.2438987992493566,3.0,4.0,0.7305966824094049,0.13392472762785734,0.7870261527607847
202613,0.21107102282617496,3.6564928177049167,4.0,0.7410460301530458,0.10251409396804653,0.7731022489175479
202613,0.22776703900139636,4.5,4.0,0.7410931073912954,0.08556039422596806,0.7718193275831476
202613,0.18963988843046933,4.5,4.0,0.743067935471177,0.08268915415417412,0.7761271096661112
202613,0.22312756577497972,3.3268572712099234,4.0,0.7349503900323074,0.11521127849676932,0.7744275315731945
202613,0.17100759614676622,4.499999999999999,4.0,0.7451151367814245,0.08216541963401183,0.7809658739601383
202613,0.22765603899706616,3.225228918134682,4.0,0.7332666996863013,0.12012393061108975,0.776891231812134
202613,0.21909456964706167,3.2283569463242876,4.0,0.7336350296458628,0.11903708245094712,0.7777815933983303
202613,0.22158217528311797,3.1225554414963583,4.0,0.7321990670621735,0.12432565157934213,0.7820639521743094
202613,0.22066156915143065,3.372695539050833,4.0,0.7357892825164072,0.11310859794704,0.7737469515866182
202613,0.21016037320128955,4.5,4.0,0.7415485214524093,0.083845531784882,0.7726272385396611
202613,0.18139074261495533,4.5,4.0,0.7439110462889873,0.08241091348333651,0.7781174932530589
202613,0.12950462955006387,4.5,4.0,0.7507233359861085,0.08153947074306028,0.7939047380134212
202613,0.137205166271298,4.5,4.0,0.749657263767146,0.0816846346732587,0.7915174787572352
202613,0.23785715982250072,3.0628170514658,4.0,0.7311299780830789,0.12950227642738363,0.7834747675722064
202613,0.20560516384744507,3.595087157704279,4.0,0.7403516648422742,0.10399637954203841,0.7736895608132983
202613,0.14406869607957398,4.499999999999999,4.0,0.7487003343201859,0.08178602246869164,0.7893374284435369
202613,0.15897766926023582,4.5,4.0,0.7466585613235115,0.08197521003900993,0.7845995480081199
202613,0.21951787274613901,3.2603884919959434,4.0,0.734071673516128,0.11765331944835834,0.7766318184383796
202613,0.2419368114979096,3.017254030944409,4.0,0.7307191978466492,0.13262601518269546,0.7859915704334176
202613,0.13255881094872468,4.5,4.0,0.7503024698876805,0.08160204233096774,0.7929681834067235
202613,0.13421621743580633,4.5,4.0,0.7500728581765683,0.08163310220644857,0.7924538807482395
202613,0.201578086098333,3.4947056601297923,4.0,0.7389446398946378,0.107072964302647,0.7748044482714818
202613,0.140107158594302,4.5,4.0,0.7492526872526308,0.08172995997306157,0.7905996036753586
202613,0.10727600380004661,4.5,4.0,0.7536056012473885,0.0807809207556455,0.8000197401146106
202613,0.22154295856527814,3.150498025468562,4.0,0.7325172108262094,0.12294169758107949,0.7806804435399024
202613,0.22182038184691774,3.176593882570229,4.0,0.7328225775154361,0.12171522532177535,0.7794557713661621
202613,0.11398817787224771,4.5,4.0,0.7527806571827415,0.08107825543439871,0.7983370561433655
202613,0.10489706304422297,4.5,4.0,0.7538852870902993,0.08065802919814147,0.8005727936297149
202613,0.12319813769865577,4.5,4.0,0.7515791456537758,0.0813843076341233,0.7957813787017022
202613,0.1577489777879791,4.5,4.0,0.7468228003836328,0.08195906527635974,0.7849840917928373
202613,0.14503091463496134,4.5,4.0,0.7485663901013537,0.08179885889583982,0.7890299084032733
202613,0.22825325076043412,3.0655863109227943,4.0,0.7313539048185411,0.1280185846405481,0.7842728733747989
202613,0.22471507981906028,3.4074457068335304,4.0,0.736245897339973,0.11220774648741436,0.7728802781378125
202613,0.10206781993984806,4.499999999999998,4.0,0.7542081877919355,0.0804988468662809,0.8011979405112498
202613,0.2384605527127257,3.1572499949444737,4.0,0.7322002872076706,0.12481494471329539,0.7788135661277737
202613,0.22507690678334286,3.098864520345874,4.0,0.7317947276057825,0.12590892874306817,0.7828048545017114
202613,0.24040750653063434,3.128839694115445,4.0,0.7318499788266458,0.12652058002205122,0.7799909774958722
202613,0.23662340024850073,3.0781654915062866,4.0,0.7312916552870373,0.12850726192994993,0.782699914789037
202613,0.2295790548827637,3.081847314337037,4.0,0.7314663209193506,0.1273339148771884,0.7831619940544109
202613,0.21064872884612829,3.4948392783762343,4.0,0.73834063347729,0.10768686397298372,0.7733908894193222
202613,0.2271989328748592,3.1766676404687195,4.0,0.732621171956516,0.12232205621534474,0.7787872721577962
202613,0.12607493984139076,4.5,4.0,0.7511913581489447,0.08145982697236243,0.7949360039516381
202613,0.11766690487859618,4.499999999999998,4.0,0.7523090955355779,0.0812133220320647,0.7973467933426712
202613,0.2190724687931748,3.299166395190717,4.0,0.7346750678548672,0.11594156018186849,0.7755535578172154
202613,0.11294497788584484,4.499999999999999,4.0,0.7529120476932095,0.08103653405353775,0.7986095920963083
202613,0.1268267377872015,4.5,4.0,0.7510892526322418,0.08147820644632356,0.7947119995750074
202613,0.15370620316958175,4.499999999999999,4.0,0.7473695672789747,0.08190793079031516,0.7862604569524408
202613,0.21483702298761162,4.5,4.0,0.7413417915093518,0.08422639688734321,0.7721882639950131
202613,0.22402788734651777,3.2928868444692245,4.0,0.7343832531161998,0.11672944783644282,0.775170810708459
202613,0.17653667392507172,4.5,4.0,0.7444562912446959,0.08228381868287159,0.7794076522278676
202613,0.13959833861907273,4.5,4.0,0.7493236597393609,0.08172230720476573,0.7907610451742603
202613,0.22977041168534518,3.0,4.0,0.7307871678849193,0.1317819455370189,0.7883492220100038
202613,0.23030281281653855,3.0,4.0,0.7307694683486575,0.13185091334088525,0.7882732617750772
202613,0.15242428581418413,4.5,4.0,0.7475447062754174,0.08189207304621945,0.7866679494269541
202613,0.23878541492745334,3.038926649709993,4.0,0.7309048003996663,0.13092617238306137,0.7848225254866743
202613,0.2387628345106619,3.0359202032542703,6.0,0.729737065681124,0.14598653211549967,0.7986321682937705
202613,0.2481826594294695,3.0845682025188244,6.0,0.7299490989146947,0.14612793018393933,0.7958075097645109
202613,0.21622005629741817,3.9343152664674514,6.0,0.7386192348750044,0.10768603172103564,0.7900783541227334
202613,0.17401749430062646,4.5,6.0,0.7406012837224797,0.09034063091597999,0.7981202308042405
202613,0.21299748627984896,3.7435142751260813,6.0,0.7370376786662275,0.1119627461586132,0.7877435891725761
202613,0.18206793421042952,4.489393927866529,6.0,0.7394672495827489,0.09138515478691275,0.7962696240367573
202613,0.2395857480769354,4.5,6.0,0.7339262058780517,0.10155982113688661,0.7910978118618148
202613,0.23638595235999033,3.0617346163777936,6.0,0.7297565022982746,0.14394878019570884,0.7972237490550333
202613,0.23151129516230745,3.092635505842608,6.0,0.7298760876413428,0.14107639310668188,0.7958611674234997
202613,0.23067379415046715,3.1504255205001988,6.0,0.7300877364171969,0.1379450126609993,0.7930788799540405
202613,0.2358004067902812,3.159237521515922,6.0,0.7300537046501533,0.1388033088002062,0.792402890143528
202613,0.19262534972724413,4.5,6.0,0.7376056070300614,0.0924636882760991,0.793725776937544
202613,0.18750731571963955,4.5,6.0,0.7383646176064796,0.09181842872669647,0.7948076178930039
202613,0.22797927269274082,4.5,6.0,0.7341824802393748,0.09867493838581173,0.7902322283198074
202613,0.2234642817390956,3.1902669289756598,6.0,0.730530176024549,0.13436379192138406,0.7920651647299294
202613,0.21066523587346653,3.7980311785595293,6.0,0.7378007212529092,0.11006317741382718,0.7885628990475774
202613,0.184772516834614,4.496681899062518,6.0,0.73886809297914,0.09155632768638032,0.7954942721080548
202613,0.23619185647234894,4.5,6.0,0.7339493254664767,0.10066539198953481,0.7907205435379133
202613,0.22333363068465134,4.5,6.0,0.7344194634131603,0.09765189452951024,0.7902051078679784
202613,0.22672356476976357,3.412816138773745,8.0,0.7297355341356719,0.1368303027102457,0.8052015304880524
202613,0.21770002001170852,3.413657572856592,8.0,0.7301875162721025,0.1340676665892781,0.8055250421527418
202613,0.23204429176572897,3.3470143909370824,8.0,0.7289708508367843,0.14118562658499778,0.8060950627798148
202613,0.23210125474085122,3.0709430869252867,10.0,0.7202273357590787,0.15838603434004314,0.8192080640032644
202613,0.21720145418000425,3.5357695263781728,10.0,0.7256891321208979,0.13300548675413582,0.8064619159050329
202613,0.2295217923720335,3.133368759233752,10.0,0.7203632389951958,0.1541263416931443,0.8157009031430071
202613,0.20432045650228858,3.6643683051021783,10.0,0.7294166402693586,0.12479309049161222,0.8073422103043711
202613,0.20086556855306026,3.234043274253028,10.0,0.7227421950925804,0.13939656101897893,0.8130644843071398
202613,0.20840471651378367,3.329326981361677,10.0,0.7231224560240188,0.1376309388192245,0.8092057927826288
202613,0.20203333233870274,3.585943911926159,10.0,0.7281235614533005,0.12647456111797897,0.8070047266030441
202613,0.2316853631700681,3.0762556068157147,10.0,0.7202294148800799,0.1579320077539436,0.8188862078881813
202613,0.22685257409728468,3.272119916799771,10.0,0.7213851783357162,0.14662677622600712,0.8101274463829771
202613,0.20053731537753372,3.1428660800612,10.0,0.7220753260904502,0.1435718368865309,0.8175566735034511
202613,0.20549623946636433,3.700181365541633,10.0,0.7300017278235907,0.12413164326491397,0.8076521178117229
202613,0.17698205155497151,3.5768289809254976,10.0,0.7317230672856377,0.12039735903560746,0.8093983193682884
202613,0.20764937429076408,3.368381902049774,10.0,0.7237306077060609,0.13583141861825804,0.808374584372175
202613,0.1974032656464899,3.714979082501524,10.0,0.7313768315432161,0.12135117775405103,0.8082433949100091
202613,0.20792178916540405,3.1625383457478273,10.0,0.7215257372784416,0.1448650406655323,0.8155758456428325
202613,0.2273634633922229,3.3698792515130864,10.0,0.7225280771368239,0.142808859965931,0.8079084701786453
202613,0.189031516265563,3.7027378358501926,10.0,0.7323998555242104,0.11947441926803157,0.8087785235105794
202613,0.225340887802391,3.213251190443204,10.0,0.7209036908066007,0.14864795225292124,0.812151683807443
202613,0.16532858354459373,3.4392578635418563,10.0,0.730992675401984,0.12271009345488623,0.812003037537349
202613,0.21633897403602131,3.586781804081388,10.0,0.7266917687848673,0.13105773755531597,0.8065709187224488
202613,0.16504644100797475,3.427579723205897,10.0,0.730818842259774,0.12308447129855485,0.8122432630578665
202613,0.20411479842585892,3.5543711418571653,10.0,0.7272655687314463,0.1281034741031051,0.8068404353736072
202613,0.2269699841125969,3.15585790185161,10.0,0.720500899595606,0.15199311422162226,0.8146218240306443
202613,0.21743417367000764,3.52253763076345,10.0,0.7254362561691832,0.13352850789353485,0.8064701476333472
202614,0.22864982244304935,4.5,2.0,0.7601842877112873,0.07603979197573651,0.7791571036978521
202614,0.22303168681411426,4.5,2.0,0.759934167542009,0.07607543379090546,0.7790228733635695
202614,0.20857355679486106,4.5,2.0,0.7596784424772447,0.07646035031826653,0.7798355592776294
202614,0.1,4.5,4.0,0.7544370512906237,0.0803730898653527,0.8016311570728486
202614,0.2412761330519388,3.0,4.0,0.7305861480051971,0.1334757856500577,0.787157145423603
202614,0.22508996336073914,4.5,4.0,0.7411031504589222,0.08524775706061079,0.7717866951970421
202614,0.24652421473986882,3.0,4.0,0.7306296007647071,0.13439895174668592,0.7869513929703088
202614,0.2275835994519573,4.5,4.0,0.7410930690632069,0.08553832778342815,0.77181517268829
202614,0.2152265931348983,3.6711790631736143,4.0,0.7410901979583444,0.10243002475490874,0.7727762735153321
202614,0.17965712967079445,4.5,4.0,0.7441019313975631,0.08236274441959776,0.77856909649046
202614,0.1113603181625393,4.5,4.0,0.7531095010909631,0.08097010243997879,0.7990161258950422
202614,0.15425414793015682,4.5,4.0,0.7472949434179285,0.0819147394753007,0.786086623577221
202614,0.1935976978766103,4.5,4.0,0.7427058040362777,0.08285563241278808,0.7752769302234711
202614,0.22302319624678096,3.0649182391847773,4.0,0.7315619895547071,0.1274444046638843,0.7850971875079477
202614,0.11723543647992425,4.5,4.0,0.7523650305218275,0.08119841547097228,0.797465188404068
202614,0.1416967036018171,4.5,4.0,0.7490309632725803,0.08175315462984398,0.7900941388661393
202614,0.16528112673496131,4.5,4.0,0.745833543462299,0.08206590156203772,0.7826610915704287
202614,0.12689480918083984,4.5,4.0,0.751079993133618,0.08147984416010573,0.7946916577081844
202614,0.23504971989521534,3.0562555197294103,4.0,0.7310992303425012,0.12942907651752453,0.7840720016592498
202614,0.1387334238777138,4.5,4.0,0.7494442777610784,0.08170902286128161,0.7910350084906538
202614,0.22291882055945206,3.145877394289605,4.0,0.7324010693023574,0.12331450477002243,0.7806995176751055
202614,0.20420768483915844,3.5052791169994846,4.0,0.738930622291762,0.10686802054133937,0.77426750010385
202614,0.13073176302346817,4.5,4.0,0.750554635598318,0.0815654915306949,0.7935303194285573
202614,0.20385532815338156,3.532874608610609,4.0,0.7394224096102763,0.10590707273359345,0.7741424548737829
202614,0.23148511567819705,3.1893102246692275,4.0,0.7326835889292084,0.12227247807224051,0.7778936536826275
202614,0.1695846902928002,4.5,4.0,0.7452904829167654,0.08213876252666942,0.7813801139751144
202614,0.17413081196363128,4.5,4.0,0.7447383642862063,0.08222918980672204,0.7800750307066153
202614,0.1322028653540562,4.5,4.0,0.7503516812393154,0.08159511825024379,0.7930781126361183
202614,0.20306246025106536,3.563028569826544,4.0,0.7399872158576595,0.10486051044256185,0.7741380129526082
202614,0.13486020816365046,4.5,4.0,0.7499834587613659,0.08164467071328005,0.7922530346523068
202614,0.21277296923944197,3.4202352057803673,4.0,0.7369536449410568,0.11055311582641052,0.7739140766352456
202614,0.12280949551292676,4.5,4.0,0.7516311468986205,0.08137344256289605,0.7958940619660252
202614,0.21414616853439647,3.3529465591143275,4.0,0.7357696955929915,0.11327589196088236,0.7749177392833866
202614,0.1362188433500169,4.5,4.0,0.7497945768367414,0.08166822150624453,0.7918276233282661
202614,0.21414616853439647,3.2069864193086794,4.0,0.73361921977442,0.11955715767860783,0.7793971489008918
202614,0.23402448408787985,3.119312579390485,4.0,0.731767594281702,0.12602115315764117,0.7807592397177316
202614,0.2462345644296528,3.072024730616873,4.0,0.7312804377204148,0.13043612610827984,0.7827136718305087
202614,0.2172304498184636,3.409774519599763,4.0,0.7365536273721514,0.11134136137476354,0.7735132679921428
202614,0.24178438506806066,3.2372192839270744,4.0,0.7333606291243123,0.12163059399760845,0.7759939289804489
202614,0.20344203736420297,3.335310747972627,4.0,0.7362042672240395,0.11319824996739256,0.7771628699519509
202614,0.24109728901023908,3.1523761147508385,4.0,0.7321504768239557,0.12547700117908334,0.778960423361662
202614,0.1196703152741926,4.5,4.0,0.7520473642021075,0.08127945470137157,0.7967897092641792
202614,0.1449228171980341,4.5,4.0,0.7485814306897118,0.08179742925743028,0.7890644665174329
202614,0.10839909701807617,4.5,4.0,0.7534711189402354,0.08083561575712749,0.7997503807624623
202614,0.23126375283974498,3.135991945256174,4.0,0.7320119044734615,0.12481015931506582,0.7801907160506519
202614,0.2122307909426941,3.29055751482395,4.0,0.7349112160091148,0.11569113640829572,0.7767954779221604
202614,0.23135523966960234,3.275719166141109,4.0,0.7339439590076632,0.11836479830258245,0.7750879393067666
202614,0.2039577888540814,4.5,4.0,0.7419085473290435,0.08341362656994977,0.7734317280347651
202614,0.2131667243674129,3.2724180465048995,4.0,0.734586101102375,0.11654735931852708,0.7771963295282298
202614,0.2192680576137655,3.4000070199966212,4.0,0.7363015067282291,0.11190980336143899,0.773439873755773
202614,0.22144618230189012,3.2751577835722885,4.0,0.7342073659123576,0.11720821945628679,0.7759399666310611
202614,0.14717107933417795,4.5,4.0,0.7482690635231923,0.0818266091970728,0.7883454119985838
202614,0.2406297070259813,3.0824633556989722,4.0,0.731323591595633,0.12891442391532099,0.782254211879559
202614,0.20152844358140926,3.4688037167637216,4.0,0.738513701000202,0.10798402953755055,0.7750796521794754
202614,0.21635929690323627,3.6711790631736143,4.0,0.7410447043354819,0.10253262861745696,0.7726891249279376
202614,0.22014354869637423,4.48559101126718,4.0,0.7415424752144618,0.0849901181861056,0.7723275050879963
202614,0.2066425636334268,3.446007534785865,4.0,0.7377627970260823,0.10913396495817701,0.7744773782211232
202614,0.10732369426790307,4.5,4.0,0.7535999217521716,0.08078328583392086,0.8000084077549812
202614,0.10371093536025665,4.5,4.0,0.7540219885643795,0.08059306058828089,0.8008393116568002
202614,0.21206747119044767,3.3244396448808673,4.0,0.7354381993101732,0.11425937011904207,0.7758942075568085
202614,0.20453258677233543,3.611111008413918,4.0,0.7406892055275268,0.10342356856723009,0.7738416581817356
202614,0.12442200128579928,4.5,4.0,0.7514147679960068,0.0814174715143688,0.7954241054849814
202614,0.23862845704191737,3.0376884092388345,6.0,0.7297369206526085,0.14585291412547532,0.7985301964599291
202614,0.22510484439553305,3.151936189674355,6.0,0.7302681420959647,0.13657651029738532,0.793536023912646
202614,0.23967074760056267,4.5,6.0,0.7339261978260258,0.1015827830954029,0.7911086382045235
202614,0.22402088910522366,4.498083625302281,6.0,0.7344277755948907,0.09783499068671667,0.7902465392408571
202614,0.1778358182590403,4.499999999999999,6.0,0.7399368077466144,0.09072954429101324,0.7971242990883993
202614,0.23598845775676547,3.146632660230217,6.0,0.7299934297050504,0.13947225953856487,0.7929342851896422
202614,0.23437853415810567,3.164356021518367,6.0,0.7300915286830134,0.13818593819145977,0.7922506403857291
202614,0.2058957442686004,4.5,6.0,0.7359148804048492,0.09440217014127451,0.7915051061163535
202614,0.1843429565776892,4.5,6.0,0.7388602093056933,0.0914444505668562,0.795529378159644
202614,0.19821947957899894,4.499239731004101,6.0,0.7368593816358464,0.09324554806733334,0.792695390604609
202614,0.22873692443869575,3.0503322423942536,6.0,0.7298991267239602,0.14265547321164468,0.7986153830268438
202614,0.23876640243949157,3.0566502396312316,6.0,0.7297438046360062,0.14486069333676796,0.7973861463655381
202614,0.2095011089049316,4.498155670435088,6.0,0.7355778193129365,0.09503809800469222,0.7911140153375594
202614,0.24080958604583186,3.098167084755528,6.0,0.7298257338578004,0.1432345630215769,0.7950664177237098
202614,0.23292729967901452,4.5,6.0,0.7340126358018877,0.09984537714320438,0.7904563618500745
202614,0.17754345426306298,4.499999999999999,6.0,0.7399868728096927,0.09069900983405596,0.7971991088224412
202614,0.18589137303800538,4.5,6.0,0.738615292597212,0.0916251708482029,0.7951714449921387
202614,0.2337362630954639,3.2796434926670406,6.0,0.7308992447053655,0.13271428277464145,0.7884846006958601
202614,0.22492852188709964,3.5216091949131885,8.0,0.7310399512499102,0.13232761318451636,0.8046839223034219
202614,0.21990808945993107,3.4294068364569563,8.0,0.7302244338545675,0.1341119048396225,0.8052333035134865
202614,0.23280975959338618,3.0685266056897533,10.0,0.7202281637806206,0.15881407222316565,0.8193504732816048
202614,0.2174977376687855,3.532284461478043,10.0,0.7256051189597399,0.13322608897519636,0.8064629102855868
202614,0.23841032897793843,3.115169238622161,10.0,0.7203545858561481,0.15887371160793146,0.8167689132979897
202614,0.21555023650686234,3.1285263373884526,10.0,0.7208295568573592,0.14907001550405355,0.8166606386793315
202614,0.23522440184835985,3.1823096560702684,10.0,0.7205854011561518,0.15417782637504715,0.8135020360908968
202614,0.1997854689468309,3.2532891136140596,10.0,0.7230522267015895,0.1382300886598926,0.8124283741707617
202614,0.18473536446060312,3.3162458838953905,10.0,0.725723991972587,0.13159797129590148,0.8122022693100039
202614,0.24416231603317604,3.205624929606893,10.0,0.7209487423018646,0.15719889254132902,0.8132451121640747
202614,0.20362819445552596,3.147017001581214,10.0,0.721804480771749,0.14428504496791122,0.8169137883115796
202614,0.17779709119774917,3.6477995439563258,10.0,0.733130176919619,0.11841040463238993,0.8095062130268968
202614,0.20829933444443555,3.1304824514424796,10.0,0.7213274973575984,0.14655000848520214,0.8172794741949695
202614,0.21482343045845798,3.645494785552145,10.0,0.7279395888854189,0.12874141640027764,0.8069445178262945
202614,0.20367660100710733,3.6488982610241254,10.0,0.7291817329176002,0.1250506988512988,0.8072446554081198
202614,0.22014803107974104,3.490138905442164,10.0,0.7246945587135104,0.13561255325996066,0.8065680355405827
202614,0.21799471343533242,3.6330964668563546,10.0,0.7274386129186355,0.13022250809849928,0.8068721906164196
202614,0.23414614483374235,3.3232381651622713,10.0,0.7218331600990896,0.14749706853276853,0.809094949156502
202614,0.19306230837292293,3.8011638357270727,10.0,0.7338584387197702,0.11789650809835726,0.8097293735547261
202614,0.23263391452636953,3.4449265731136,10.0,0.7234923734361963,0.14214689950836293,0.8073460198681145
202614,0.19908108032060787,3.1911381362395774,10.0,0.7225466996778186,0.14084343298769553,0.8152087268685143
202614,0.1989887653354637,3.285423685960406,10.0,0.7235039041271639,0.13661300025293677,0.8113709905810085
202614,0.23348709774099993,3.1600610028014544,10.0,0.7204581490313624,0.15448676009154583,0.8144226227512961
202614,0.23353960232510015,3.5011626385142254,10.0,0.7243698962935835,0.14054637984904256,0.8072210685249558
202614,0.185497559103317,3.6554363182160317,10.0,0.7319576063123522,0.11995475335160473,0.8087134732814282
202615,0.22866266066564106,4.5,2.0,0.7601849648081044,0.0760397926383439,0.7791577242759449
202615,0.2229297462899317,4.5,2.0,0.7599304598807481,0.0760767218838588,0.7790229107529301
202615,0.20853679048125734,4.5,2.0,0.7596784386509968,0.07646180036493704,0.779839564676702
202615,0.1,4.5,4.0,0.7544370512906237,0.0803730898653527,0.8016311570728486
202615,0.24132782864984498,3.0,4.0,0.7305861440784616,0.13348439977118298,0.7871540317460003
202615,0.2248816184910048,4.5,4.0,0.7411048768732991,0.08522426183534826,0.771786648919888
202615,0.24734313345598088,3.0,4.0,0.7306445537569249,0.13455205792940778,0.7869399130756641
202615,0.21141325613526554,3.660188089495838,4.0,0.7410885063565035,0.10243161748418854,0.773080176752083
202615,0.22761314506587266,4.5,4.0,0.7410930679445957,0.08554187543447095,0.7718158226205413
202615,0.135764778200585,4.5,4.0,0.7498577400544625,0.08166047582448835,0.791970041757232
202615,0.1425944122959708,4.5,4.0,0.7489057791185264,0.08176581892817417,0.7898080378406174
202615,0.21196766651950874,3.4282348515696275,4.0,0.7371332009447227,0.1101884729418868,0.7739125862143943
202615,0.13111298092892004,4.5,4.0,0.7505021131615099,0.08157332879938288,0.7934134745397502
202615,0.2127175672515522,3.3639814683633396,4.0,0.7360278695944771,0.11271579107530671,0.7748933288147569
202615,0.1282321855338564,4.5,4.0,0.7508976155529649,0.08151115428411818,0.7942900769265041
202615,0.10734849790580893,4.5,4.0,0.7535969667657156,0.0807845143992963,0.8000025101014372
202615,0.12402081586619615,4.5,4.0,0.7514687529239105,0.08140677359078277,0.7955416190839191
202615,0.11872280353312843,4.5,4.0,0.7521715533753609,0.0812488001003531,0.7970546627915766
202615,0.15286929618323172,4.498574238109287,4.0,0.7475180998009675,0.08192409516293692,0.7865574125579223
202615,0.2303239439231034,3.091098721201653,4.0,0.7315382780852806,0.12695137952036256,0.782562801571502
202615,0.2119720358849068,3.2547091962760715,4.0,0.7344053929599407,0.11722300380314037,0.7779860186569383
202615,0.1799344835247174,4.5,4.0,0.7440710967838244,0.08237023482468989,0.7784961374411972
202615,0.24348327647260773,3.1926683577798123,4.0,0.7327325947316526,0.12396142078911876,0.7774432793313669
202615,0.16464525916612915,4.5,4.0,0.745915282143712,0.08205600042135894,0.7828535941040098
202615,0.22026468068098673,3.3058741073303013,4.0,0.7347269011976704,0.11577900302046444,0.7752331963494006
202615,0.22121017428790551,3.2074863581224733,4.0,0.733251747362036,0.12020472314446551,0.7782714722523437
202615,0.23708532215218214,3.20280933526075,4.0,0.7328176512248853,0.12244509004608925,0.777112687961003
202615,0.22604898552994704,3.2550308697308794,4.0,0.7337449736617369,0.11859892074241139,0.7760633759232831
202615,0.22379719517124455,3.3392616053840496,4.0,0.7351293261789433,0.11477915274918288,0.7740992873034233
202615,0.24319660257740527,3.040820756600831,4.0,0.7309289553426129,0.13155424468811652,0.7844942769617866
202615,0.12448551444184527,4.5,4.0,0.7514062125945412,0.08141914988498822,0.795405466491543
202615,0.23317332809506955,3.163987330783111,4.0,0.7323230691838506,0.12370657227855722,0.7787950723244489
202615,0.17532651063131433,4.5,4.0,0.7445972496357789,0.08225570201299327,0.7797411876643906
202615,0.22284486892725897,3.5782109758483616,4.0,0.7392740997415327,0.10603610355530264,0.7720202002989476
202615,0.23357917998366165,3.218619144074737,4.0,0.7330621494357424,0.12120441950630956,0.7767033755223407
202615,0.21253809730556175,3.6114066943198453,4.0,0.7402262550448946,0.10400362160745474,0.7728335583922986
202615,0.24267870803763344,3.0558589947780073,4.0,0.7310659029700417,0.13065816707208885,0.7836400859174499
202615,0.2218891280986771,3.5598499463035385,4.0,0.7389804270624392,0.10652746082910139,0.7720656206890367
202615,0.1474112376352147,4.5,4.0,0.7482357617526435,0.08182966623366289,0.7882685907654482
202615,0.20600498591298813,3.47970403369763,4.0,0.738373690230288,0.1078792789890525,0.7742006326538696
202615,0.20962326127108613,3.573038905214296,4.0,0.7397344449410665,0.10498707895944527,0.7731730123370288
202615,0.16316140191168843,4.5,4.0,0.7461074046962402,0.0820336343279689,0.7833057015462197
202615,0.1099136155330345,4.5,4.0,0.7532874078716453,0.0809061248161139,0.7993791004083349
202615,0.1553010456486975,4.5,4.0,0.74715279334021,0.08192782880310459,0.7857551592229943
202615,0.18847284921630403,4.5,4.0,0.7431802236324493,0.08264441289678043,0.7763915137759253
202615,0.20514067636576816,4.494977332183608,4.0,0.7419599781096538,0.08358336554289711,0.7734102929735903
202615,0.2260920396485697,3.267267027441461,4.0,0.7339269076919157,0.11806830341802921,0.7756919961055639
202615,0.21461473108890292,3.5168980132793797,4.0,0.738511466753689,0.1072556286028042,0.7727757252258691
202615,0.24224583778366274,3.1383230894972622,4.0,0.7319831682735622,0.1263577703205144,0.7795442866928731
202615,0.2141578739388447,4.489321517814365,4.0,0.7416377783202437,0.08436689587830432,0.7725701701061389
202615,0.10331773229641611,4.5,4.0,0.7540668865856333,0.08057096531028032,0.8009262640523989
202615,0.23050282668826336,3.007573974373437,4.0,0.7308138716050657,0.13145339191729913,0.7877134131081217
202615,0.218201189426402,4.489358888944555,4.0,0.7414991143808569,0.08473053242765424,0.7722995526949248
202615,0.24577407458001513,3.1128772101370514,4.0,0.7317304895102441,0.1282489415483244,0.7806948030525684
202615,0.21235101538146603,3.455342413444085,4.0,0.7375707793609482,0.10922536345693781,0.7735298437944896
202615,0.2288529938202787,3.048532876240869,4.0,0.7311830767815117,0.12900131165932596,0.7852346153556345
202615,0.1453183915352347,4.5,4.0,0.7485264002426675,0.08180264649004956,0.7889379929936162
202615,0.2037427932046196,3.449916496701262,4.0,0.7380320614235979,0.10879992233827616,0.7749156449624157
202615,0.22886109999402693,3.117700681321327,4.0,0.7318632262658216,0.12540959089139622,0.7813267125674668
202615,0.1973424262716914,4.5,4.0,0.7423912956589164,0.08303571863889994,0.7745431257506908
202615,0.20854342620887512,3.6310566411784704,4.0,0.7407681141377532,0.10308706942656594,0.773321310037483
202615,0.11167182284027351,4.5,4.0,0.7530708955127426,0.08098345796820564,0.7989369378632745
202615,0.23875151104137649,3.03997719490247,6.0,0.7297368123870966,0.14576120400101902,0.7983827724662587
202615,0.2396395527917746,4.5,6.0,0.7339261975047159,0.10157435283995808,0.7911046570176496
202615,0.22418571802846451,3.1684763128812357,6.0,0.7303828241714195,0.1355658201092414,0.7928985098026458
202615,0.19264274445865004,4.5,6.0,0.7376031216096686,0.09246597107815807,0.7937222932907313
202615,0.18580267574457698,4.5,6.0,0.7386291987748175,0.09161470220346056,0.7951917061911101
202615,0.1774549533435804,4.489515769405706,6.0,0.7402355999322476,0.09088602541946819,0.7974100090690575
202615,0.22616787715113543,4.5,6.0,0.734266166630025,0.09826751839157628,0.7902011444107352
202615,0.2135384125402995,4.5,6.0,0.735148324376376,0.09571845409783625,0.7906817470818633
202615,0.17407785852063734,4.5,6.0,0.7405906048897766,0.09034661786747596,0.7981041812711045
202615,0.24355614314622537,3.1574215713635185,6.0,0.7300959553365512,0.14103748385899784,0.7924047746971307
202615,0.22428188404171903,3.1971019941039738,6.0,0.7305358939035119,0.13421923090231638,0.7917056051573739
202615,0.23500546578361511,3.0799651604538685,6.0,0.7297937114793547,0.1426198919448149,0.7962816227298319
202615,0.2386713822974804,3.1972269896105616,6.0,0.7302641845310511,0.13774617995417404,0.790880457484209
202615,0.21585295726116022,3.756907615932566,6.0,0.7370009035200205,0.1121293715170728,0.7877109220790263
202615,0.2035673305392526,4.5,6.0,0.7361800712247156,0.09403177466160625,0.7918265696073292
202615,0.23519636950315315,3.06411858284612,6.0,0.7297697687480779,0.14351016450798512,0.7971658517759408
202615,0.22085227072278635,3.3598532203748412,8.0,0.7294705111817839,0.13709141895519547,0.8061311575520916
202615,0.2251014555498232,3.430825520091136,8.0,0.7299869830520582,0.1356354079895428,0.8050527639550669
202615,0.21717734951651013,3.534860283554723,10.0,0.725674585288937,0.1330270232498319,0.8064619460745918
202615,0.23177024066499224,3.0648207359491013,10.0,0.7202273486831974,0.15856905268677784,0.8195969561015877
202615,0.23098032235601426,3.16960771120173,10.0,0.7205140845447482,0.15296749056057568,0.813956130265022
202615,0.18207202991943244,3.655432577658703,10.0,0.7325403203363159,0.11914756841344876,0.8090749571717396
202615,0.22081789046670589,3.4753898673255397,10.0,0.7244075825525922,0.1363741630080376,0.8066442587591476
202615,0.17784257070414683,3.673765705042711,10.0,0.733701516249177,0.11766634503568936,0.8096790332513311
202615,0.22730899578999386,3.358632910767499,10.0,0.722380196755569,0.1432299490717098,0.8080980391850627
202615,0.2244430527823992,3.1346316737502002,10.0,0.7204703740275916,0.15203846183182773,0.815766119578443
202615,0.22731189383407768,3.4195174090493365,10.0,0.7232340454811901,0.14089252756469078,0.8072474843301165
202615,0.18637210191284187,3.626146689878435,10.0,0.731184037600096,0.12103458277837126,0.8084551342112724
202615,0.21521091255224936,3.2056568774171614,10.0,0.7213069813463662,0.145260513975745,0.8128955217521576
202615,0.22712913446782163,3.4737360785412594,10.0,0.7240835760583337,0.13885480584679896,0.8068386046168012
202615,0.23160079337890196,3.073260313059728,10.0,0.7202283061894703,0.15805329635058896,0.8190716545390669
202615,0.1850320664346492,3.378826852207633,10.0,0.7266321489366676,0.129169392212331,0.8104983299947088
202615,0.18147209737602768,3.51499778034313,10.0,0.7296738176502126,0.12341588051733265,0.8090551786381476
202615,0.18096690994361286,3.5631414690112027,10.0,0.7307449623051332,0.12171860535380015,0.808937211173565
202615,0.23177024066499224,3.1298019881874817,10.0,0.7203343972245315,0.15523812256451724,0.8158731868830293
202615,0.18931444538260403,3.479676557883038,10.0,0.727776777835966,0.126514907632965,0.8084240461675481
202615,0.19163238443616948,3.447596573355463,10.0,0.7268634034920719,0.1282477803394526,0.8085215478790346
202615,0.23163235714915137,3.2252014449622832,10.0,0.7208808988503427,0.15065483229239005,0.8117347640549978
202615,0.18067929710917552,3.437396546644376,10.0,0.7283119462884834,0.12595423231870542,0.8099714550790312
202615,0.22248810603277705,3.4198741009341003,10.0,0.7234361930828628,0.13900671410365786,0.8071206377659481
202616,0.22863819948675135,4.5,2.0,0.7601836751333099,0.07603979170874817,0.7791565431258681
202616,0.22299731052994942,4.5,2.0,0.7599329140197113,0.0760758656878141,0.7790228763513747
202616,0.20849450619878812,4.5,2.0,0.7596784380069483,0.07646347068930098,0.7798441825250989
202616,0.21400373747024667,4.5,2.0,0.7597133737549676,0.07627075874901271,0.7793472948211941
202616,0.1,4.5,4.0,0.7544370512906237,0.0803730898653527,0.8016311570728486
202616,0.2413245867138462,3.0,4.0,0.7305861440771418,0.13348385928691117,0.7871542263897444
202616,0.2249448106687804,4.5,4.0,0.7411043389851523,0.08523137547747728,0.7717866253653763
202616,0.24835406415496064,3.0,4.0,0.7306661360094366,0.13474451587710104,0.7869336501370018
202616,0.21271269081378552,3.6642115823664714,4.0,0.7410896782787181,0.1024185832599069,0.7729664181396392
202616,0.22776141213327492,4.5,4.0,0.7410931046101391,0.08555971592978558,0.7718191958911127
202616,0.24279154009716217,3.0682426442338837,4.0,0.7311897185375928,0.13002166929803138,0.7829494468033202
202616,0.14839267160796843,4.5,4.0,0.7480998265404916,0.08184206492053472,0.7879547005037821
202616,0.18424657460411495,4.5,4.0,0.7436065369541387,0.08249762587290699,0.7773975447587541
202616,0.16718845774575627,4.5,4.0,0.7455906067635504,0.08209686290857968,0.7820884564356476
202616,0.13076944376036595,4.5,4.0,0.750549446436533,0.08156627128722846,0.7935187810074165
202616,0.11011107895783437,4.499999999999999,4.0,0.7532632618649034,0.08091504890442147,0.7993300289027699
202616,0.24552269190479017,3.1042558822535082,4.0,0.7316233759129704,0.12864013618007702,0.7810948720330163
202616,0.13870342000945032,4.5,4.0,0.7494484612195796,0.08170855555851533,0.7910445011682099
202616,0.12012977111247616,4.5,4.0,0.7519868929654393,0.08129392690571041,0.7966603021975015
202616,0.2076855326532759,3.3229831511049697,4.0,0.735701524966465,0.11398606009731169,0.7766783418616915
202616,0.11438939006693069,4.5,4.0,0.7527298385537092,0.08109388717684596,0.7982312322316395
202616,0.15809209838350735,4.5,4.0,0.74677683648925,0.08196353714577667,0.7848765237393736
202616,0.13388265666089944,4.5,4.0,0.7501191257870555,0.08162700291051964,0.7925576956625848
202616,0.22278874189396572,3.2038031644536145,4.0,0.7331351261909742,0.1205429238698423,0.7782071250341279
202616,0.20458422383283628,3.5068367347309626,4.0,0.7389306024885359,0.10683864644355029,0.7741944200109092
202616,0.116467896907795,4.5,4.0,0.7524641356725059,0.0811712982795616,0.7976743637444301
202616,0.22352048651667505,3.3205940039781483,4.0,0.7348367934585643,0.11551256202381288,0.774533433712809
202616,0.2100016402762908,3.540258423234435,4.0,0.7391547223696793,0.10609018842861676,0.7732152810712195
202616,0.22936414595818247,3.2538975935548984,4.0,0.7336449740836205,0.11905613737706797,0.7758280826612196
202616,0.2114101290067099,3.369799409717017,4.0,0.736198973379333,0.11237982434710277,0.7749716456506646
202616,0.17842176040806934,4.5,4.0,0.7442406065975828,0.08233034575008552,0.778897247965784
202616,0.2477368227149335,3.351301757479889,4.0,0.7354244071886368,0.11785758719510239,0.7739705687794425
202616,0.24274274274583857,3.176110000596651,4.0,0.7324877869971437,0.12461397063798364,0.778026927228285
202616,0.2443521007329744,3.1999566053273947,4.0,0.7328555092577297,0.12377456091992958,0.7772181185684588
202616,0.10760695142563328,4.5,4.0,0.7535661311442489,0.08079725498205048,0.7999409050103685
202616,0.20897554817311123,3.648572069532319,4.0,0.7410306024999023,0.10258953446662533,0.7733122919347082
202616,0.14527611399965645,4.5,4.0,0.7485322804327289,0.08180209076247542,0.7889515113665937
202616,0.21425908688309062,3.626046955105511,4.0,0.7403897841217452,0.10369781134390663,0.7726921587135738
202616,0.21409187668625718,3.4989474922791235,4.0,0.738227311906224,0.10782707987778867,0.7729378943001258
202616,0.19667263847407318,4.5,4.0,0.7424454518401754,0.08300180586328768,0.7746690804282246
202616,0.2429284001436676,3.2258738973736834,4.0,0.7332088953412066,0.12233663129388701,0.7763555149281282
202616,0.2443581935705142,3.048640461407378,4.0,0.7310143699014281,0.1313371059276337,0.7840107948013698
202616,0.16915067198679135,4.5,4.0,0.745344402824953,0.08213090490375846,0.7815074404434879
202616,0.24041059319832375,3.113410374684605,4.0,0.7316663870628489,0.12729391408448987,0.7807077363461943
202616,0.194571421321802,4.5,4.0,0.74262131117506,0.08290026470507321,0.7750792853139192
202616,0.20897554817311123,3.5807020722013827,4.0,0.7399015774011356,0.10469217666939401,0.7732447032461112
202616,0.20736239394842632,3.4050471894724814,4.0,0.7370332093641013,0.1107115155235311,0.7749669870328707
202616,0.1586503269083406,4.5,4.0,0.7467022199994356,0.08197087219021482,0.784701817241192
202616,0.22538283934908207,3.286604385991983,4.0,0.7342433131626759,0.11715158669974314,0.7752129107742807
202616,0.14225870881299368,4.5,4.0,0.7489525869150992,0.08176111726111907,0.7899150736174386
202616,0.12260192672183534,4.5,4.0,0.751658879718586,0.08136757234866274,0.7959540886316326
202616,0.24343743270677023,3.131296452673339,4.0,0.7319115644995008,0.12691025101342285,0.7798473218885418
202616,0.22520140882512954,3.0,4.0,0.7309702671032722,0.1312252731530762,0.7890775316746903
202616,0.23990807678812145,3.024717564356266,4.0,0.7307796442580177,0.13187984534158073,0.7856313947518732
202616,0.2090847068952407,4.5,4.0,0.7416041371208905,0.08376484335749346,0.7727491435407084
202616,0.12781229984417103,4.499919247388383,4.0,0.7509568273855064,0.08150300888065085,0.794417880341608
202616,0.20416844822839486,3.577085675440829,4.0,0.740146170432692,0.10447540404197156,0.7739272177326487
202616,0.12497195889292237,4.499999999999999,4.0,0.7513406085274889,0.08143186774764344,0.7952623986669883
202616,0.20908699104964984,4.5,4.0,0.7416040159126189,0.0837650120464351,0.7727488766284292
202616,0.178741659237187,4.5,4.0,0.7442044897637509,0.0823385864152302,0.7788117805121816
202616,0.10078726337264847,4.5,4.0,0.7543506539445026,0.08042193148420948,0.8014686529254028
202616,0.2193670666855451,3.2814142190901516,4.0,0.7343910332694068,0.11672630568968848,0.7760119106434546
202616,0.2288404453759841,3.1884452888129178,4.0,0.7327293999336147,0.12196874833483018,0.7781456960669138
202616,0.23862216806779335,3.039049013877615,6.0,0.7297368600045574,0.14577669753181483,0.798446742441864
202616,0.2394778269848121,4.5,6.0,0.7339262567231825,0.10153070703065722,0.7910841642116353
202616,0.19619353866224093,4.5,6.0,0.7371098135856657,0.09294537869278077,0.7930405054979096
202616,0.21951440853137583,3.1945830726513043,6.0,0.7307471609655508,0.13332780621730683,0.7923730403782085
202616,0.18013688925903773,4.5,6.0,0.7395476977671379,0.09097447214389058,0.7965445220250345
202616,0.23409952990067548,4.5,6.0,0.7339853507225877,0.10013535999534376,0.7905403211350417
202616,0.2179445476174372,3.34647890837571,6.0,0.732055894268808,0.12633691560219637,0.7880133318340471
202616,0.23638981397266473,3.166000608045222,6.0,0.7300847097481397,0.13862858436814532,0.7921039289721724
202616,0.23630017372247972,3.1338953568272716,6.0,0.7299378949913665,0.14018797852713435,0.793490937751117
202616,0.17190299598306358,4.5,6.0,0.7409787139611269,0.09013401552178404,0.7986881308533302
202616,0.217748740089553,3.888627727469573,6.0,0.7381784272335938,0.10908314877497625,0.7893728354963861
202616,0.17513939080452368,4.5,6.0,0.7404037069157254,0.09045272845421712,0.7978234867206925
202616,0.22962130547901954,3.206008047087328,6.0,0.7304155674724248,0.1350243606389842,0.7909080643077215
202616,0.23638981397266473,3.2038543263193757,6.0,0.730305658161056,0.13682327461688262,0.7906799944199198
202616,0.21332862643742492,4.499357162528131,6.0,0.735182955563897,0.09569228611121222,0.7907147318640602
202616,0.23972626181532153,3.0980223711874304,6.0,0.7298180151551041,0.14293985752122462,0.795099154579611
202616,0.1916300868067586,4.488635172957485,6.0,0.7380109404377293,0.09254719601332845,0.7941571741552139
202616,0.2414160543835305,3.086179913921711,6.0,0.7298023165268693,0.1440300567319162,0.7956689184872242
202616,0.2439521891054143,3.2165106319542276,6.0,0.7304645572781381,0.1383400053726621,0.7903372882237932
202616,0.2230524512322628,4.5,6.0,0.7344361324182253,0.09759224690988742,0.7902089250260896
202616,0.23864434353975558,3.1221289517994077,6.0,0.7298893344743418,0.14140833651419646,0.7939533841068875
202616,0.17706998777053545,4.5,6.0,0.7400682430206063,0.0906498338539554,0.7973207873204882
202616,0.22985542805134146,3.338696617083048,8.0,0.7289413762307926,0.14078660906110588,0.8062346244732023
202616,0.23181143642727764,3.388866993372381,8.0,0.7293618790664224,0.13943660313084316,0.8054897963217479
202616,0.22408312055642646,3.435931747933355,8.0,0.7300852184948573,0.13512721465043603,0.8050291622288086
202616,0.23172517767160872,3.4153340642220087,8.0,0.7296291596067035,0.1383864050458277,0.8052109495776436
202616,0.21754720300475378,3.5360948023397785,10.0,0.7256697715795628,0.13311749303926568,0.8064625945191846
202616,0.2317478879105514,3.068240616813438,10.0,0.7202271730666027,0.15837911320387063,0.8193817977339228
202616,0.23615609716275157,3.0763481115139952,10.0,0.7202592391267457,0.15985723912505215,0.818880571175081
202616,0.20865809487606593,3.625913511575423,10.0,0.72815627993627,0.1272810985659427,0.8068867061991474
202616,0.1717341162612238,3.2733531575084194,10.0,0.7271367503999975,0.1305376626380622,0.8156683502788611
202616,0.21287270446905604,3.1732497222699205,10.0,0.721227337150763,0.14597664857878428,0.8145548480658639
202616,0.19381117531265082,3.672836268734338,10.0,0.7310152886069092,0.12155787434603656,0.8080831304074196
202616,0.23170858877544026,3.212743536263328,10.0,0.7207850974114386,0.15125409418370805,0.8121924871760582
202616,0.2123097194444781,3.2417243323402065,10.0,0.7218129664653399,0.14263807178529217,0.8116577571147575
202616,0.21863737120288979,3.6643917644615747,10.0,0.7279889705366107,0.12952902906664363,0.8071679753913142
202616,0.2169489844230938,3.128672555171504,10.0,0.7207535399476555,0.14955482036986953,0.8165373636613559
202616,0.20302216211208723,3.356208292984306,10.0,0.7240091930284117,0.13488557589829642,0.8089960248065984
202616,0.19834954050048526,3.4319861736807558,10.0,0.7257233155841641,0.1306371508137361,0.808054431987654
202616,0.1988325317069237,3.3917328420895076,10.0,0.7250078168155331,0.1322808753699145,0.808653286735524
202616,0.2059555044802319,3.2994277426405074,10.0,0.7229648434922734,0.1380949519046049,0.8102262558080987
202616,0.22646014662999533,3.126767740521641,10.0,0.7203904436670999,0.15321889191811666,0.8161112911636769
202616,0.21254593534363395,3.247216267928306,10.0,0.7218489726071191,0.14247394187369597,0.811437398333591
202616,0.18102690766191487,3.6936375280194387,10.0,0.733568822013329,0.11781351049719466,0.8094953468908149
202616,0.18123752832537576,3.6700212696726036,10.0,0.7330076159521471,0.11853314260060993,0.8092707757887546
202617,0.22863443912772718,4.5,2.0,0.7601834770332321,0.07603979169009167,0.7791563620215654
202617,0.22302397036826513,4.5,2.0,0.7599338858777449,0.07607553051970092,0.7790228731817824
202617,0.20852912566264178,4.5,2.0,0.7596784382361178,0.07646210293211383,0.7798404008506056
202617,0.21719320170282255,4.5,2.0,0.7597671778109729,0.0761836456239477,0.7791603458676206
202617,0.1,4.5,4.0,0.7544370512906237,0.0803730898653527,0.8016311570728486
202617,0.24134050474823138,3.0,4.0,0.7305861444017167,0.13348651343975382,0.7871532714795504
202617,0.24860284636171717,3.0,4.0,0.7306719803587255,0.13479246734489395,0.7869334601239732
202617,0.2249972135753808,4.5,4.0,0.7411039023464454,0.08523728286714224,0.7717866306474852
202617,0.20998132710610584,3.6544969588805505,4.0,0.7410713254851499,0.10248850581388148,0.7732146903085746
202617,0.2276073507002146,4.5,4.0,0.7410930679433996,0.0855411794878429,0.7718156945754737
202617,0.18338022453234873,4.5,4.0,0.7436975666948853,0.08247031235236703,0.7776126823848418
202617,0.22086228096513819,3.476397485550434,4.0,0.7375550960811662,0.10925952934915482,0.7724521835997081
202617,0.23333550555051416,3.297910494749686,4.0,0.7342744740162231,0.11768869817074845,0.7744524073376686
202617,0.21926959087072456,3.5244932534485143,4.0,0.7384485336406034,0.10743280878165218,0.7723124196031051
202617,0.13648138950817906,4.5,4.0,0.7497580397269251,0.08167264473634775,0.7917451692060197
202617,0.13102522237813027,4.5,4.0,0.7505142086944308,0.08157153471452902,0.7934403944404692
202617,0.22465093564711514,3.2434980284744723,4.0,0.7336201186341574,0.11894761708003844,0.7765682517477788
202617,0.1273843681225955,4.5,4.0,0.7510133321291755,0.08149149519157342,0.7945450776705025
202617,0.13347100341577664,4.5,4.0,0.7501761874544314,0.08161937206179068,0.7926856056386861
202617,0.20653503579684462,3.587400978527242,4.0,0.7401631168844994,0.10430328998638863,0.7735644523991191
202617,0.15542186813092893,4.5,4.0,0.7471364252403986,0.08192934777863455,0.7857169649169372
202617,0.23248142844055708,3.3751505796561125,4.0,0.7355669540907864,0.11442831268971229,0.7730074653887009
202617,0.12324670586860785,4.5,4.0,0.7515726402737705,0.08138565396430694,0.7957672702723586
202617,0.10327942865886294,4.5,4.0,0.7540712489904916,0.08056879789097215,0.8009346967715214
202617,0.21202804069710374,3.2885441399685202,4.0,0.7348937186166273,0.11576044865299265,0.7768890619999576
202617,0.21677210433145652,3.5687117378050397,4.0,0.7393095617903819,0.10572946460975197,0.772419171326664
202617,0.19205036665617714,4.5,4.0,0.742843865798101,0.08278775154339693,0.7756005290384452
202617,0.2221348611863001,3.389896279771889,4.0,0.7360244494943946,0.11259379916252428,0.7733256916844727
202617,0.23206817153962464,3.1739997194047347,4.0,0.7324701932984748,0.12307511849875528,0.778459076907649
202617,0.1426924153505911,4.5,4.0,0.7488921158722358,0.08176718405670869,0.7897767807649323
202617,0.24044194992557416,3.1102467509150586,4.0,0.7316298701118041,0.12745891010895746,0.7808585201901704
202617,0.20460962145949183,3.5966437385775696,4.0,0.7404435198476315,0.10388145645725697,0.7738336291837468
202617,0.2240648312363367,3.1739997194047347,4.0,0.7326961512617731,0.12208330637141898,0.7792669618224776
202617,0.1773688589016168,4.5,4.0,0.7443604808627855,0.08230393732394144,0.7791809255347264
202617,0.1152284010565845,4.5,4.0,0.752623067911683,0.0811258472671044,0.7980081673047389
202617,0.21249918657938247,4.5,4.0,0.7414378924613193,0.08402977800141295,0.7723888770718029
202617,0.2151844706220075,3.2360854893020843,4.0,0.7339496834595658,0.11832321787733492,0.7780999998496068
202617,0.24265570231895608,3.0636591958826993,4.0,0.7311423642824758,0.13024021241181086,0.7832043870898528
202617,0.21055614766703928,3.1793498018438138,4.0,0.7335071734775774,0.12055751930711936,0.7812746286549624
202617,0.10777359381982535,4.5,4.0,0.7535462062761328,0.08080541082034283,0.7999010378911401
202617,0.1253768066943329,4.5,4.0,0.7512859050125086,0.08144227007342728,0.7951429135663919
202617,0.10982422972534266,4.5,4.0,0.7532983235823909,0.08090206498032845,0.7994012639049651
202617,0.15207811053337666,4.5,4.0,0.7475921278274023,0.08188780017070853,0.7867781636495229
202617,0.13960030716762079,4.5,4.0,0.7493233851723766,0.08172233703839901,0.790760420954109
202617,0.24459441998441456,3.2592275560092565,4.0,0.7337642883241646,0.12114199230834569,0.7754965352793446
202617,0.23649892610016504,3.0214220645582848,4.0,0.7307808010939322,0.13152906133408102,0.786101859552972
202617,0.11845074323217565,4.5,4.0,0.7522070797585956,0.08123979328512809,0.7971302526585675
202617,0.12010529630509166,4.5,4.0,0.7519901182571692,0.0812931623552342,0.7966672106404018
202617,0.1749583445615414,4.5,4.0,0.7446405080334816,0.08224740734659367,0.7798435344663742
202617,0.16459361779402384,4.5,4.0,0.7459219363339687,0.08205520497133076,0.7828692614611001
202617,0.23206817153962464,3.0656374688876697,4.0,0.7312445080461977,0.12851203302611972,0.7838120171079529
202617,0.148220347618079,4.5,4.0,0.7481236755062651,0.08183989795491045,0.7880098063908413
202617,0.21407028754929455,3.6579114684861227,4.0,0.7409244482741306,0.10272022183370844,0.7728142772233221
202617,0.17000572578415826,4.5,4.0,0.7452383681899672,0.08214650497066608,0.7812570249744019
202617,0.11273750305615196,4.5,4.0,0.752938048282384,0.08102804823249611,0.7986633363856792
202617,0.24265806861165223,3.0952420801338842,4.0,0.7314762015633375,0.1285950159421767,0.7815434717168793
202617,0.24521261421334395,3.0341250067663297,4.0,0.7308921647109827,0.13227391890973378,0.7848440180780604
202617,0.20417448547595768,4.5,4.0,0.741894404090036,0.08342739468584223,0.7733995911207893
202617,0.22626046693410362,3.1256889271119745,4.0,0.7320371592974093,0.12469165915904817,0.7812365437427623
202617,0.1924021291652183,4.499999999999999,4.0,0.742812075965252,0.08280286080501092,0.775525952902843
202617,0.22252212509983635,3.405122624007657,4.0,0.7362700005305203,0.11205219285369113,0.7730705175081728
202617,0.2145416721383053,3.5368823582838815,4.0,0.7388595158496124,0.10657509814788155,0.7726983601627535
202617,0.15946153968409402,4.5,4.0,0.7465941593683907,0.08198167509829632,0.7844486259349669
202617,0.23960778840024297,3.0407210063372805,6.0,0.7297379263835034,0.14595575963435503,0.7982942826993553
202617,0.23816875313971134,3.036668499125214,6.0,0.7297377055950829,0.14578396391169884,0.7986195838721144
202617,0.2397715533816038,4.5,6.0,0.7339262248545305,0.10161005095207304,0.791121566220522
202617,0.2111689369808909,3.918240107969154,6.0,0.7388559564185195,0.10713091762456296,0.790141108837904
202617,0.18077301219294759,4.483048531978741,6.0,0.7398183648595333,0.09136096935562196,0.7966946531036225
202617,0.20631658216329898,4.499999999999999,6.0,0.7358684758228224,0.09447058928142432,0.7914503778098341
202617,0.23889439719423688,3.1593656283314253,6.0,0.7300503963121273,0.13962432512928413,0.792314703574587
202617,0.23907200777611085,3.0854360637425433,6.0,0.729785930169649,0.14341531047792958,0.7957725741697481
202617,0.23812572069572727,3.1210261931189973,6.0,0.7298848353711153,0.1413234038286541,0.794021101628623
202617,0.22460851528512377,3.263893320682728,6.0,0.7309934674667257,0.13124247494706376,0.7893993213830689
202617,0.22747358456554354,3.159068462373869,6.0,0.7302156811942707,0.13676384645783335,0.7929695503648005
202617,0.2050403187792506,3.7985074222086324,6.0,0.7382722831222165,0.10909831679518815,0.7891111452389856
202617,0.19734893914265644,4.499999999999999,6.0,0.7369554791037872,0.09310729358385623,0.7928316942667123
202617,0.22558424934382462,4.499999999999998,6.0,0.7342955227079574,0.0981385884891747,0.7901967682814091
202617,0.17637427428227975,4.5,6.0,0.7401884581580019,0.0905781790100478,0.7975007469292438
202617,0.22097261520844913,3.1456254928468965,6.0,0.7304284406168716,0.13599669217779506,0.7943494872301718
202617,0.2341033453165859,3.155148955219824,6.0,0.7300495861796573,0.1385653578421493,0.7926521731146399
202617,0.20954031652832902,3.7413914055449196,6.0,0.737268116626302,0.11140355271593205,0.7880071038637066
202617,0.1877733660584103,4.482856663471606,6.0,0.738711528672965,0.09217188567715273,0.795079071514815
202617,0.23961611549464581,3.0600697070240948,6.0,0.7297484540309918,0.14491033315430463,0.7971509368827168
202617,0.21724415143825765,4.5,6.0,0.7348375052748496,0.09641575682465373,0.7904205008339393
202617,0.2265832052577674,3.227554012220679,6.0,0.7306485180654035,0.1333198276887985,0.7903802855217962
202617,0.2381133501378948,3.411755718790524,8.0,0.7295501417678276,0.1407859686554124,0.805535372017074
202617,0.22678006355374278,3.370512641465622,8.0,0.7293145206850197,0.13849620835699725,0.8057369331907639
202617,0.21873354643160114,3.395238318539371,8.0,0.7299329991084996,0.13507281633706314,0.8056980060189611
202617,0.22125524723656928,3.3585061359214756,8.0,0.7294372559667541,0.13726573959424498,0.806133034862751
202617,0.21580659537417682,3.5319833111651957,10.0,0.7257264915758833,0.13264068779641797,0.8064669353236423
202617,0.23223801520841128,3.06888763555158,10.0,0.720227150283913,0.1585520742640613,0.8193342721141401
202617,0.21616983485588379,3.4941293314196495,10.0,0.7250317351753808,0.13404818848782868,0.806552192228697
202617,0.21501422466508124,3.567254775103894,10.0,0.7264347505527364,0.13121609637488033,0.8065068837959398
202617,0.18622155799465498,3.4568424659075085,10.0,0.7278098385286081,0.1265548625740238,0.8090195696081722
202617,0.2146289458303106,3.383961340694789,10.0,0.7233814232464894,0.13753204477598377,0.8077213717024491
202617,0.218893001738534,3.260328154535229,10.0,0.7215838021327955,0.14411491553616526,0.8106286129400915
202617,0.20783598324431138,3.2426913091403047,10.0,0.7221727881622588,0.14113450084759044,0.811990811937894
202617,0.2178634132834083,3.205762515768407,10.0,0.7211556393955714,0.14619142720648554,0.8127255291748151
202617,0.23563060009698197,3.1770394211760387,10.0,0.7205587433163483,0.15460545328878866,0.8137386596344153
202617,0.19920792794745376,3.6266262250520747,10.0,0.729297357467689,0.12440479321360474,0.8073540834825446
202617,0.18650328508081446,3.714884445349381,10.0,0.7330836711181968,0.11851244221057781,0.8091464511076513
202617,0.23049732681312976,3.1000329814894925,10.0,0.7202623142450395,0.1562059159060924,0.817496612742284
202617,0.21793699069193015,3.153846249620288,10.0,0.7208172714874235,0.14867185922796944,0.8151270552281686
202617,0.22050334583685913,3.1057705463163963,10.0,0.7205135089269713,0.15199310913506833,0.8175844865661801
202617,0.18695858717245428,3.6411218464989283,10.0,0.7314089588279846,0.1207307227498737,0.8084745594001143
202617,0.2222662450760666,3.096686418794321,10.0,0.7204267023818863,0.15311564096027988,0.8180099569300611
202617,0.20775853602880326,3.260616175605473,10.0,0.7223618551067996,0.14032115218539953,0.8113371368539231
202617,0.23042594785200837,3.0816915264366664,10.0,0.7202379094445298,0.15712210623287226,0.8185768213356575
202617,0.20274706231690048,3.6151079958971972,10.0,0.7286155523850588,0.12578458414309088,0.8070764269320767
202617,0.19696713270572525,3.65346325463349,10.0,0.7301536956482096,0.1229779465441919,0.8076862027416241
202618,0.22285749158762413,4.5,2.0,0.7599278494015046,0.07607764826269346,0.7790229893583595
202618,0.22863253727138375,4.5,2.0,0.7601833768573213,0.07603979169326178,0.779156270473225
202618,0.2084235801914464,4.5,2.0,0.7596784459429607,0.07646627878818879,0.7798519554723352
202618,0.1,4.5,4.0,0.7544370512906237,0.0803730898653527,0.8016311570728486
202618,0.22500236990735628,4.5,4.0,0.7411038598435076,0.08523786454894108,0.7717866323836967
202618,0.24132981120659638,3.0,4.0,0.7305861440955966,0.13348473031428726,0.7871539127555507
202618,0.24703734291776186,3.0,4.0,0.7306387065417669,0.1344945953095807,0.7869435325365142
202618,0.21822660646289443,3.676286100790308,4.0,0.741059518475072,0.10255935546218549,0.7725905135182839
202618,0.22769583058866644,4.5,4.0,0.741093079692307,0.08555181699397699,0.7718176808282639
202618,0.1066916160197874,4.5,4.0,0.7536749686261036,0.08075162933184178,0.8001578327283382
202618,0.24538907841079183,3.063911448539235,4.0,0.7311802939627488,0.13070886449818953,0.7831470067573566
202618,0.13345832098365668,4.5,4.0,0.7501779447488184,0.08161913512358589,0.7926895426046516
202618,0.15909882088057328,4.5,4.0,0.7466424212917657,0.08197682271184678,0.7845617317495813
202618,0.11096884135301574,4.5,4.0,0.7531578695612647,0.0809531088622471,0.7991151301810927
202618,0.13914894475183348,4.5,4.0,0.7493863355504636,0.08171544937222425,0.7909034672524523
202618,0.2322560431173837,3.2136762114079347,4.0,0.7330079418270232,0.12124679734665794,0.7769461233896284
202618,0.11867567002007832,4.5,4.0,0.7521777124886697,0.08124724631410568,0.7970677742085267
202618,0.22678736247689335,3.6361479571505657,4.0,0.7401961808944589,0.10468023165904769,0.77208108891539
202618,0.21247938626330193,4.5,4.0,0.7414387688868433,0.0840281665708472,0.77239073880929
202618,0.1218543701788943,4.5,4.0,0.7517585202999119,0.08134603643386926,0.7961693570275588
202618,0.14753956776730087,4.5,4.0,0.7482179726518028,0.08183129581138243,0.7882275420476462
202618,0.22222764497366554,3.3680062437402873,4.0,0.7356544986142348,0.11345773198772974,0.7736824876961648
202618,0.10103252257203184,4.5,4.0,0.7543235517853253,0.08043690370513394,0.8014174122254023
202618,0.2115059830352299,3.507658587354041,4.0,0.7385120510709867,0.10731119102902889,0.7731907798541426
202618,0.21631942942144827,3.2898101857704445,4.0,0.7346668554408922,0.11607640887555269,0.7761838117582823
202618,0.14211301666173023,4.5,4.0,0.7489729033040318,0.0817590642427151,0.7899615093231309
202618,0.1549633041375457,4.5,4.0,0.747198589736959,0.08192359256805304,0.7858619935842677
202618,0.221706254578787,3.1328750284523905,4.0,0.7323070075858819,0.12382483747076091,0.7815169203886981
202618,0.2001076557336187,4.5,4.0,0.7421777631609972,0.0831839658870201,0.7740486206938462
202618,0.21794942450424346,3.209291680136522,4.0,0.7334337301730071,0.1197958211842514,0.778674775024949
202618,0.21891168948993067,3.3380137359173196,4.0,0.7352941004331226,0.11431740006884027,0.774624636622158
202618,0.1848868670296387,4.5,4.0,0.7435400341723247,0.08251839789977902,0.7772404308674637
202618,0.21980758012457427,3.2652350208586753,4.0,0.7341297015362325,0.11747046569828858,0.7764415201914163
202618,0.23717059133623042,3.145356216335994,4.0,0.7320507417226053,0.12519416842314557,0.7793674587050046
202618,0.14491664281416386,4.5,4.0,0.7485822898452316,0.08179734750711548,0.7890664403600274
202618,0.2130208953510517,3.37783173737908,4.0,0.7362360819797834,0.11219621849269269,0.7745783681533899
202618,0.2163792696834227,3.3004372926424965,4.0,0.7348253998078228,0.11563166695793936,0.7758779044603459
202618,0.13180514882931646,4.5,4.0,0.75040662129727,0.08158727100303192,0.7932007110072895
202618,0.22778324185679907,3.054227935612031,4.0,0.7312691342412292,0.12856348898136194,0.7850270895193964
202618,0.17227696103614865,4.5,4.0,0.7449606234651714,0.08219042641521117,0.7806006499707177
202618,0.23392971402856158,3.1695768005014595,4.0,0.7323853848794369,0.12354502065785374,0.7785144777984927
202618,0.19428051463661192,4.5,4.0,0.7426463580318916,0.08288677273579476,0.7751378404022335
202618,0.21055064841636276,3.54967444775647,4.0,0.739284449925513,0.10582055536396831,0.7731123025469596
202618,0.21213129887270954,3.6180067404386134,4.0,0.7403570590007378,0.10376579237705406,0.7728861533504455
202618,0.12790445500761657,4.5,4.0,0.7509423867164353,0.08150363172069944,0.7943888198969911
202618,0.20982025529793566,3.4581146226263266,4.0,0.7377637321795635,0.1089249795310897,0.7738468509311177
202618,0.12915588052471996,4.5,4.0,0.7507711711369431,0.08153184819975076,0.7940106540408509
202618,0.21078284881034492,3.547975433511901,4.0,0.7392425220495933,0.10589482473766887,0.7730889644254504
202618,0.11518366941039763,4.5,4.0,0.7526287771448921,0.08112416794405061,0.7980201195419522
202618,0.1145353443754324,4.5,4.0,0.7527113129290413,0.08109951745936542,0.7981925986735532
202618,0.20684576199760468,3.628718249785415,4.0,0.7408312367741364,0.10303675212742205,0.7735347559634158
202618,0.23801627276655046,3.094766738332906,4.0,0.7314564147237366,0.12786113839583846,0.7817315327840801
202618,0.23544716030274995,3.286841187725989,4.0,0.7340888293938924,0.11846182755071365,0.7746668708539014
202618,0.1663380983725,4.5,4.0,0.7456984917965189,0.08208281579399365,0.7823428443443259
202618,0.2200369991694177,3.255425614354665,4.0,0.7339756036984506,0.1179234846138586,0.7767228386146402
202618,0.1810086985353451,4.5,4.0,0.7439527311073287,0.08240001867248818,0.7782160991789863
202618,0.23802628147115654,3.2444150244667433,4.0,0.7334312009662757,0.12070098370463982,0.7757636107067951
202618,0.12503202909395586,4.5,4.0,0.7513324976667685,0.08143342160466267,0.7952446934534915
202618,0.14013709488172843,4.5,4.0,0.7492485114164077,0.08173040661915953,0.7905900994313326
202618,0.23812405342732731,3.18001506562509,4.0,0.732501856026574,0.12367261146529727,0.7779184210965536
202618,0.16794841480278522,4.5,4.0,0.7454947900617335,0.08210976847988852,0.7818624145445495
202618,0.2474608372229411,3.0260094662372308,4.0,0.7308613037941856,0.13313217802436428,0.785311412344199
202618,0.23928921716430618,3.0391000555311005,6.0,0.7297371632025403,0.14595654482266773,0.7984086553845445
202618,0.23965584592905426,4.5,6.0,0.7339261971984806,0.1015787555202762,0.7911067352567211
202618,0.23890402743642292,3.120630066990258,6.0,0.7298846281396689,0.14155516400350882,0.7940167017328879
202618,0.20090103787075456,3.7140199492156247,6.0,0.7377128796316965,0.11077242125815856,0.7887364071889198
202618,0.18027161134055597,4.5,6.0,0.7395251929504648,0.09098907085816363,0.7965110890525217
202618,0.18455455966825762,4.4942445588651285,6.0,0.7389581611488256,0.09157672081724864,0.7955917794151248
202618,0.22273458597154677,4.5,6.0,0.7344552897613159,0.09752512311303091,0.7902139730431464
202618,0.23272005667012385,3.13762356267512,6.0,0.7299927852993608,0.13908320638912794,0.7935140329229308
202618,0.21051977641436861,3.728061607939541,6.0,0.737040260524174,0.11194888266732082,0.7877813262741128
202618,0.22472979813961075,3.2015168324599723,6.0,0.7305447061022745,0.13411042077327284,0.7914889565532934
202618,0.1762001203617399,4.5,6.0,0.7402186706177721,0.09056035338346231,0.797546008538298
202618,0.2327148804058735,3.0387183075348383,6.0,0.7297975291067655,0.14425262617052362,0.7989171537316826
202618,0.19023804631144894,4.491065782573452,6.0,0.7381590353183436,0.09232374551407779,0.7943966264003731
202618,0.20393427568922234,4.5,6.0,0.736137339801032,0.09408924083982326,0.7917738403875606
202618,0.21421226757389134,4.5,6.0,0.7350887435327916,0.09584227627509577,0.7906272413093315
202618,0.22439176943444453,3.2345844096818652,6.0,0.7307786187264407,0.13250836883170172,0.7903367156110408
202618,0.22671517326826532,3.120637520684911,6.0,0.7300889320156669,0.1385026969374541,0.7948702778473926
202618,0.23847815201715242,3.0641633582142034,6.0,0.7297510630218861,0.1443791102098542,0.7969672888235235
202618,0.2339412797653112,3.2015168324599723,6.0,0.7303086952028848,0.13629883571152623,0.790836864501338
202618,0.1738239439817162,4.5,6.0,0.7406355605651904,0.0903214682409305,0.7981717541998472
202618,0.17128083798833055,4.5,6.0,0.7410909821759508,0.09007434068607667,0.7988572539344839
202618,0.21175555234068594,4.5,6.0,0.7353123762779632,0.09539707970425985,0.7908405438125776
202618,0.2309634552625908,4.5,6.0,0.7340695784925557,0.09937058075054214,0.790342517508818
202618,0.19822723961986743,4.495060698354704,6.0,0.7369571504587433,0.09332512486928528,0.7927841520746185
202618,0.22427962374826999,3.5144551142881357,8.0,0.7309819880853505,0.13237148994400275,0.8046882306152686
202618,0.2318764632649478,3.07083834589633,10.0,0.7202273636734258,0.15829658606555486,0.8192176561281188
202618,0.21671787691940372,3.534684223933098,10.0,0.7257055093814166,0.13287052800372035,0.8064621707970288
202618,0.22544669601499762,3.089317523243937,10.0,0.7203214001717125,0.15471845819808044,0.8182820969054833
202618,0.19446380264393373,3.6611196039596363,10.0,0.7306721317125517,0.12207111609588678,0.8079345670741809
202618,0.20639654126246393,3.2927834283005404,10.0,0.722844131519097,0.13851189612982695,0.8103899466063228
202618,0.19242289789117872,3.559168583997415,10.0,0.7288705355051752,0.12464899784180052,0.8077261614317632
202618,0.20841611012434866,3.196581222312439,10.0,0.7217206820970418,0.14341413408045234,0.8138687729444821
202618,0.21286092745293625,3.151747461655918,10.0,0.72110257807965,0.14700606434533633,0.8156417766043054
202618,0.17711766493318035,3.64215235545834,10.0,0.7331279510473426,0.11842887888581366,0.8095530988032981
202618,0.21033268875209862,3.2699400759762263,10.0,0.7222490991565814,0.1407462498772562,0.8108043242668578
202618,0.196316652640641,3.7301847385203617,10.0,0.7318546862435195,0.12063463237486402,0.8084981330702288
202618,0.2074061103524061,3.1512291682482005,10.0,0.7215018003465464,0.1452478127354786,0.816229127010917
202618,0.2048790022605949,3.195194668625549,10.0,0.7220125057000834,0.142370383255218,0.8143070933216241
202618,0.22728677124579602,3.1425326357022136,10.0,0.7204337553625161,0.15276897207554657,0.8152716413786439
202618,0.19458994457008796,3.396576423249948,10.0,0.7256042053741913,0.1309209447221235,0.8089950312962415
202618,0.19252396136543257,3.684756667187972,10.0,0.7314624813666222,0.12087704534749653,0.808295654682125
202618,0.20750915618870605,3.4402061008238234,10.0,0.72486169178404,0.13307569849277756,0.807263524535035
202618,0.20597033880457172,3.3261214515006285,10.0,0.7233020756910115,0.1369946584559723,0.8094765012404894
202618,0.21067232499593652,3.58570594057544,10.0,0.7271721612076152,0.12917052741122764,0.8066300452004975
202618,0.22660385454726734,3.202132569883345,10.0,0.7207877545105761,0.14965705373178084,0.8125775495834424
202618,0.2272930806869151,3.201616222072632,10.0,0.7207681626321447,0.14995550856441262,0.8125923890318985
202618,0.21639745874126515,3.5366075691570646,10.0,0.7257643006953072,0.13269425695065865,0.8064627029728891
202619,0.2286112835308015,4.5,2.0,0.760182258100588,0.07603979230470992,0.7791552495808594
202619,0.2230316543952097,4.5,2.0,0.7599341663583138,0.07607543419702426,0.7790228733617733
202619,0.21239867340176086,4.491947249015084,2.0,0.7598665410326588,0.07646524475539547,0.7797855714972798
202619,0.2085067793284732,4.5,2.0,0.7596784377801017,0.07646298558102027,0.7798428409359763
202619,0.1,4.5,4.0,0.7544370512906237,0.0803730898653527,0.8016311570728486
202619,0.24130847468601177,3.0,4.0,0.7305861445621102,0.1334811736922119,0.7871551949790423
202619,0.22495170890740998,4.5,4.0,0.7411042810188432,0.08523215268633422,0.7717866247744017
202619,0.24898809146713502,3.0,4.0,0.7306814484491401,0.1348671829423897,0.7869342260610518
202619,0.2118288312352711,3.6615893289271493,4.0,0.7410903066286738,0.10242357972003141,0.7730429752288074
202619,0.22771175343188263,4.5,4.0,0.7410930844731569,0.08555373368636499,0.771818045322677
202619,0.1479456907418632,4.5,4.0,0.748161704134109,0.08183643572525237,0.7880976447148518
202619,0.21185411565240905,4.5,4.0,0.7414669779829838,0.08397773710571932,0.772450914519062
202619,0.18236704341621973,4.5,4.0,0.7438055237199676,0.08243949532883393,0.7778679243095064
202619,0.16165974364264757,4.5,4.0,0.7463036958956977,0.0820119518718316,0.7837670600697199
202619,0.10951858797264451,4.5,4.0,0.7533355797034961,0.0808880875515682,0.7994768134168914
202619,0.13705367923936002,4.5,4.0,0.7496783621131171,0.08168214947287944,0.7915651799366998
202619,0.22179637144033254,3.0088953361267223,4.0,0.7311968259947423,0.1303525416585302,0.789055902752516
202619,0.1922320090950426,4.5,4.0,0.7428274208326784,0.08279553020718917,0.7755619460266487
202619,0.14059135782240292,4.5,4.0,0.7491851446870369,0.08173713640927358,0.7904458026269416
202619,0.23474902646749773,3.1663252442485503,4.0,0.7323341839858094,0.12381819287353446,0.7785998690297652
202619,0.11569858330188319,4.5,4.0,0.7525629447215705,0.08114333314343991,0.7978821347117643
202619,0.2305085813305737,3.572545332679473,4.0,0.7390662881761233,0.10713778781917394,0.7718694488735125
202619,0.21565017654341542,3.5173114780430392,4.0,0.7384706494172009,0.10733356557606577,0.7726660722848157
202619,0.10583040698288937,4.5,4.0,0.7537764156845612,0.08070740521195599,0.8003587063920833
202619,0.22397207282477,3.375836560818328,4.0,0.7357296647897186,0.11334148171809497,0.7734019937805194
202619,0.13107273338772074,4.5,4.0,0.7505076607105379,0.08157250674782085,0.793425822044752
202619,0.17417374023806131,4.5,4.0,0.7447332669990537,0.08223012056669174,0.7800629731636134
202619,0.12145780855498195,4.5,4.0,0.751811221810662,0.08133435766252778,0.7962829585945972
202619,0.12631061899797785,4.5,4.0,0.7511593811269192,0.08146564680262805,0.7948659121945754
202619,0.11778058585319204,4.5,4.0,0.7522943318070858,0.08121720964415352,0.7973155038514796
202619,0.1266441861722042,4.5,4.0,0.7511140728252189,0.08147379295776772,0.7947665034530325
202619,0.224804144156023,3.464439087657123,4.0,0.7372333992310534,0.11011563037968855,0.7722875053291239
202619,0.21259836981866528,3.2495628989946352,4.0,0.7342931891253546,0.11750146799489813,0.7780553551384649
202619,0.22255829997468363,3.411770445772298,4.0,0.7363823616997346,0.11180418346616655,0.7729781009995157
202619,0.2062941233293943,3.401106242615894,4.0,0.7370417319438558,0.11078758509927071,0.7752154850738453
202619,0.13419212400423694,4.5,4.0,0.7500762010235783,0.0816326641325234,0.792461384410572
202619,0.23901285425792307,3.1994493770871535,4.0,0.7327745379674951,0.12290081308410686,0.7771908747850843
202619,0.20246080871507227,3.570635090575543,4.0,0.7401580250047655,0.10457677508409688,0.7742117659827409
202619,0.22475670100827155,3.1691892904706123,4.0,0.7326092311432303,0.12239125446017622,0.7793884394130774
202619,0.22527973803638882,3.340998272637032,4.0,0.7351139186073342,0.11487734684951917,0.7739431092408084
202619,0.1010976162994399,4.5,4.0,0.7543163439195152,0.08044085815639085,0.8014037638527196
202619,0.2430212080951415,3.0730902170859626,4.0,0.7312416964124533,0.12980657879537275,0.7826825091566233
202619,0.18974912312374786,4.497351158527471,4.0,0.743124096819201,0.08274265464443961,0.7761769058118451
202619,0.1567780480554957,4.5,4.0,0.7469532630582928,0.08194654760743852,0.7852891907105074
202619,0.23407889195200995,3.100181564457138,4.0,0.7315539563052332,0.12699762664744482,0.7817177499246737
202619,0.20958537073799136,3.6362933566827484,4.0,0.7407951924406427,0.1030056589930822,0.7732071974585344
202619,0.1676209056357864,4.5,4.0,0.7455360125456922,0.0821041648739741,0.781959675138751
202619,0.14042856829954445,4.5,4.0,0.7492078529408666,0.08173473493185435,0.7904975289811605
202619,0.2157231970396016,3.475632753819827,4.0,0.7377475292209102,0.10878878273674103,0.7729322972599935
202619,0.24806582207663336,3.0430435462090366,4.0,0.7310316005868426,0.13232144869639378,0.7843166928377674
202619,0.21104847004954438,3.6067048611974073,4.0,0.7402238416362372,0.10402948922955736,0.7729904726430188
202619,0.21218548619885813,3.5620366098121456,4.0,0.7394075628396761,0.10554575361208854,0.7728860197883087
202619,0.12108808544596661,4.5,4.0,0.7518602568317667,0.08132330770950894,0.7963884937967828
202619,0.22121952585914237,3.390186277417061,4.0,0.7360612503646896,0.11248578753807993,0.7734022707911604
202619,0.2412916153907753,3.017544594942312,4.0,0.7307201851137509,0.13250174526479128,0.7860063097707332
202619,0.22095047672221987,3.3215590953567773,4.0,0.7349457815810545,0.1151970767442026,0.774769718368046
202619,0.15182272326179463,4.5,4.0,0.7476271452036338,0.08188464865962992,0.7868595151450718
202619,0.24612646991919182,3.1115012282970995,4.0,0.7317219728241451,0.12838305272008735,0.7807640359033776
202619,0.2154238868228737,3.286786191229411,4.0,0.7346692024846971,0.11612442823980045,0.7764027375691346
202619,0.21399265050561328,3.573269474684265,4.0,0.7395099144011942,0.10533334347964188,0.772675382834106
202619,0.22120483998503251,3.1882474819415125,4.0,0.7329987577914806,0.1210998763869764,0.7790470365865056
202619,0.21581903003636954,3.4757569734746827,4.0,0.7377452405186763,0.10879304109432272,0.7729209523774275
202619,0.23514791435538265,3.2726600008360167,4.0,0.7338649402587231,0.1190276374646132,0.7750298142626246
202619,0.23858870041925895,3.0414846000619606,6.0,0.7297369819267975,0.14563444944600706,0.7982993948462604
202619,0.24049682315504364,3.0437642572896113,6.0,0.7297422491597548,0.14603700765417443,0.7980720809256185
202619,0.207425118811489,3.897017827872468,6.0,0.7389928720937181,0.10699457463348074,0.7901575106617985
202619,0.17988235652461262,4.5,6.0,0.7395903012661227,0.09094696994628754,0.7966078455113214
202619,0.21670601296143754,4.5,6.0,0.7348800614769716,0.09631198658826991,0.7904525231787118
202619,0.23961515538434577,4.5,6.0,0.7339261999012635,0.10156776215452516,0.7911015497397587
202619,0.20611472035685346,4.5,6.0,0.7358906755482546,0.09443771390611894,0.7914764983025876
202619,0.22488661548285177,3.3862949844524852,6.0,0.732148907391238,0.1262043456389467,0.7867779745044667
202619,0.17214761518372626,4.5,6.0,0.7409347214091355,0.09015761519680573,0.7986218808159055
202619,0.23172444984081736,3.2730507194958185,6.0,0.7308704298077359,0.13249980130189107,0.788709640164949
202619,0.24057512553228388,3.0905729079830655,6.0,0.7298047547828923,0.14356342061990582,0.795458537306404
202619,0.24168460384340862,3.17021117127567,6.0,0.7301317943823725,0.13987535030428433,0.7918773083388768
202619,0.24099897804425047,3.226205240380732,6.0,0.7304812168563906,0.13704390090011243,0.7899511032796268
202619,0.19366066001814713,4.5,6.0,0.7374588298484975,0.09260065688682158,0.7935208280713721
202619,0.2374721438247378,4.5,6.0,0.7339354154724632,0.10099770248355379,0.7908503580274678
202619,0.23745405610788684,3.117020013189258,6.0,0.7298717034135425,0.14134603597522558,0.7942361647597903
202619,0.17573513397412668,4.5,6.0,0.7402995694840796,0.09051297532160496,0.7976672674775818
202619,0.21976739511597454,3.359428504435639,8.0,0.729525029535632,0.13678802421056263,0.8062022575373193
202619,0.21384525377988828,3.474943531946884,8.0,0.7311436348987485,0.130729178301036,0.8052405213649875
202619,0.21666610349382937,3.541854704410322,10.0,0.7258386542914725,0.13261582822119994,0.8064632838445532
202619,0.2325754792109542,3.067993353815602,10.0,0.7202275906402744,0.15874242181823534,0.8193861357384238
202619,0.22078076221797546,3.209403014710956,10.0,0.7210414816221377,0.1470875689949938,0.8124335013551433
202619,0.22410366452173985,3.2946219736135736,10.0,0.7217106430219847,0.14459030574244114,0.8094853153892878
202619,0.18362709190905133,3.667671957931826,10.0,0.7325402206617774,0.11915458582909806,0.8089963774754038
202619,0.2237273345298041,3.116576586408278,10.0,0.7204289755416222,0.15266242378309064,0.8167767794716024
202619,0.22729453555811446,3.1046276323546,10.0,0.7203111323868738,0.15466573405465037,0.8173087889730704
202619,0.2294412874893128,3.2193695813859255,10.0,0.7208599421351353,0.15001034942552224,0.8119080196801829
202619,0.22425039579722147,3.354955386020353,10.0,0.7224372471789623,0.14217560217371178,0.8081078542110811
202619,0.19417177509370154,3.561355884594106,10.0,0.7286660806937282,0.12504251439957373,0.8075659432223653
202619,0.17826894129050855,3.5555082646816913,10.0,0.731045100436774,0.1213599307400643,0.8092706737616137
202619,0.1940063193765158,3.494996500392676,10.0,0.7274046630044484,0.12720449614690463,0.8078179355420284
202619,0.18697892656842516,3.5604682011292716,10.0,0.7297136845728138,0.12322571130090353,0.8082695815296433
202619,0.19798103975058767,3.5642479987150635,10.0,0.7282077850219435,0.12599533925000908,0.8072509742655415
202619,0.23319456369940078,3.096819498270966,10.0,0.7202522196921171,0.15750769012360216,0.8176617931944955
202619,0.18481909184473064,3.566009165586246,10.0,0.7301700533946966,0.12252526526721107,0.8084979057642171
202619,0.2280643412195205,3.19559643035563,10.0,0.7207108360285277,0.15054486587163424,0.8128340405227105
202619,0.20925572661889713,3.535679316258431,10.0,0.7263697755486058,0.13032164138710273,0.8066094817320564
202619,0.2242849918506764,3.431097602721154,10.0,0.7235240366120936,0.13927677767950372,0.8070358625405224
202619,0.2244735387585287,3.3881801613547586,10.0,0.7228823756753591,0.1409634367085867,0.8075570446527591
202619,0.18161360650729208,3.57384561092263,10.0,0.7308609660664278,0.12152517927938288,0.8088541359572584
202619,0.2173185220552602,3.4925475581668786,10.0,0.7249215141956503,0.13450782556684204,0.8065503812878677
202619,0.220120394295365,3.420226492155132,10.0,0.7235672431447987,0.13811207216022514,0.8071045644122873
202620,0.22863689350810443,4.5,2.0,0.76018360632805,0.07603979169851643,0.7791564802138292
202620,0.22299804820464142,4.5,2.0,0.759932940884326,0.07607585639338676,0.7790228761844453
202620,0.20852421178842148,4.5,2.0,0.7596784380395983,0.0764622969553378,0.7798409371263524
202620,0.1,4.5,4.0,0.7544370512906237,0.0803730898653527,0.8016311570728486
202620,0.24125681032374566,3.0,4.0,0.7305861516351336,0.13347256827640055,0.7871583146769024
202620,0.22490799096173278,4.5,4.0,0.7411046508841719,0.08522722929357679,0.7717866351133525
202620,0.24843280132341636,3.003519870797639,4.0,0.7306955195517355,0.13456246611567912,0.7867073236706995
202620,0.21075143290006368,3.656946545695749,4.0,0.7410700573693711,0.10247538033991258,0.7731382277370292
202620,0.22737953120052304,4.5,4.0,0.7410931531300062,0.08551389228842793,0.771810885440948
202620,0.2265286939955537,3.0,4.0,0.7309114166881745,0.1313805887985084,0.7888521349371227
202620,0.1498990822094527,4.5,4.0,0.7478917296565097,0.08186086515966791,0.7874732379738039
202620,0.11072494690193979,4.5,4.0,0.7531879192765543,0.0809424028963211,0.7991765192087374
202620,0.14182049943970668,4.5,4.0,0.7490136975601863,0.08175491870329163,0.7900547093586479
202620,0.1271176018470842,4.5,4.0,0.7510496711988033,0.08148517398547157,0.7946250124432183
202620,0.2087505068405705,3.3715938934242358,4.0,0.7363954406016243,0.11210543522427344,0.7753592112584549
202620,0.22147885048407212,3.3441341051031594,4.0,0.7352885666883326,0.1143307125775361,0.7742143600199005
202620,0.13818595471912828,4.5,4.0,0.7495206010775898,0.08170042540667458,0.7912080936267649
202620,0.21462795009071162,3.2828958909467323,4.0,0.7346552707384091,0.11622065964612195,0.7766391332494643
202620,0.20703355402627566,3.564536510003691,4.0,0.7397461719094134,0.1050733661736643,0.7735359905821305
202620,0.22184820618548443,3.238559845056313,4.0,0.7336545367025099,0.1188598783315254,0.7770540060189733
202620,0.1169480381494927,4.499999999999999,4.0,0.752402199794328,0.08118835225275788,0.7975437295588721
202620,0.21553192257050635,3.6175684810044157,4.0,0.7401921955983956,0.1040710345975835,0.7725595576024866
202620,0.22155802053971438,3.093090506793322,4.0,0.7318957307996355,0.12581843330672354,0.7836730461598682
202620,0.13025693637235264,4.5,4.0,0.7506199810251498,0.08155556845177309,0.7936755104150939
202620,0.20559701994005664,4.494280432206339,4.0,0.7419491347831335,0.0836265103011358,0.7733671786417841
202620,0.12087687899537551,4.5,4.0,0.7518882244317557,0.08131692463426335,0.7964486155722639
202620,0.2076381740913006,3.5017865844014846,4.0,0.738641278901258,0.10722082945550977,0.7737606014691544
202620,0.22587455966107634,3.165575981108066,4.0,0.7325237668316382,0.12269383557023711,0.7794109438027044
202620,0.23624339472589434,3.1040665387203337,4.0,0.7315698306352066,0.12711537365971878,0.781361174072052
202620,0.21441383455545973,4.5,4.0,0.741358093027941,0.08418986129829281,0.7722217279683243
202620,0.156910941303301,4.5,4.0,0.74693537237661,0.0819482498447689,0.7852473712123839
202620,0.10909483116896884,4.5,4.0,0.7533870563540785,0.08086846271677375,0.7995809520940567
202620,0.17467103180227356,4.5,4.0,0.7446743857416257,0.08224101609434911,0.779923682496201
202620,0.22361512311559642,3.119147944847045,4.0,0.7320694752651522,0.12471588213798401,0.7819323157972803
202620,0.12376027740917281,4.5,4.0,0.7515037594549635,0.08139973622199584,0.7956177284382686
202620,0.2504161149961389,3.023236489993557,4.0,0.7309160217910706,0.13385906267794603,0.7855136559792768
202620,0.22861444540531553,3.2831564223948533,4.0,0.7341074422761248,0.11768942032867397,0.7750517687511392
202620,0.11754917221618551,4.494651040075292,4.0,0.7524437592286569,0.08130955540477575,0.7974529693788773
202620,0.2397931542995697,3.573999413530189,4.0,0.7391947683555242,0.10844581764847064,0.7722938960391634
202620,0.20839462479022222,3.6286617061639728,4.0,0.7407372648297799,0.10314925024800833,0.7733352829687755
202620,0.2324891654024591,3.2831564223948533,4.0,0.7340468435877268,0.11819884813857703,0.7748426252080117
202620,0.2366721109433543,3.3917743433565626,4.0,0.7358602732992877,0.11438672550698327,0.7727889078807466
202620,0.15957677432771977,4.5,4.0,0.74657884577115,0.08198322447647541,0.784412728670319
202620,0.21171966217982083,3.494045558714865,4.0,0.7382669026653514,0.10779951246282088,0.7732575781401354
202620,0.20964142228784477,3.5342471091280205,4.0,0.7390728773359865,0.10626346429409474,0.773287566201751
202620,0.132299968579901,4.5,4.0,0.7503382600171108,0.08159701636142036,0.793048142726285
202620,0.1707210014086301,4.5,4.0,0.7451502750716217,0.08215993681727021,0.7810489056644131
202620,0.13450613451132837,4.5,4.0,0.7500326230578713,0.08163834358649848,0.7923635287943657
202620,0.16357997691133985,4.5,4.0,0.7460530190243779,0.0820398434453326,0.7831777728231785
202620,0.1824691979928705,4.5,4.0,0.7437945666306173,0.08244254849624065,0.7778420142858514
202620,0.19417739809909207,4.5,4.0,0.7426552765226085,0.0828820227076867,0.7751586973860671
202620,0.23597834341453575,3.0834628218726343,4.0,0.7313523737621005,0.12813505249420176,0.7824574045705327
202620,0.22721407052324727,3.056570713057744,4.0,0.731310390597352,0.12836918345754034,0.7849628078808946
202620,0.18396623774257187,4.499999999999999,4.0,0.7436358617456886,0.08248868890723673,0.7774668410041983
202620,0.24183468317037965,3.0041549429241043,4.0,0.7306172393166317,0.1333366328557936,0.7868479606155879
202620,0.20765024172480484,3.357164080619293,4.0,0.7362382955222309,0.11259722372856332,0.7758536923673692
202620,0.10397387227141007,4.5,4.0,0.7539918477221431,0.080607679771348,0.8007807747684709
202620,0.23159876844657754,3.4969894856150563,4.0,0.7377186735252375,0.1098123963186791,0.77193489334114
202620,0.10531633099365578,4.5,4.0,0.7538365207845662,0.08068039757145673,0.8004770933215054
202620,0.21733229915724933,3.4553291809727007,4.0,0.737325950181954,0.10966480741399183,0.7729489949253974
202620,0.16501330656047047,4.5,4.0,0.7458679265714673,0.08206170700814064,0.7827420778541886
202620,0.23136114390431198,3.3536357660972476,4.0,0.7352095215505231,0.1151276448421499,0.7733790110577272
202620,0.23870045963584163,3.0369750497758226,6.0,0.7297369472747078,0.14591164513990673,0.7985702897147356
202620,0.22921235380889585,3.5182564209064284,6.0,0.7335632860386408,0.12233859408538973,0.7857731848632316
202620,0.23960264965313308,4.5,6.0,0.7339262020304669,0.1015643847573415,0.791099959175186
202620,0.22855607331359365,4.498981773785135,6.0,0.7341839263924221,0.09882628477095422,0.7902739239284228
202620,0.22706891509531882,3.2907122749955184,6.0,0.7311339246241618,0.13062647278430808,0.7884896662489977
202620,0.1771097468879826,4.5,6.0,0.7400613961514313,0.09065395048786482,0.7973105445141667
202620,0.21796054473855633,4.5,6.0,0.7347822373970532,0.09655524830898882,0.7903810595660752
202620,0.19702589149727687,4.5,6.0,0.7369983176721624,0.09306172241195557,0.7928894121517094
202620,0.17155670627234382,4.499999999999999,6.0,0.7410411350876422,0.09010073955172969,0.7987821541891843
202620,0.22521979648171367,3.190750356594046,6.0,0.7304615142797909,0.13472717356420374,0.7918599756944005
202620,0.23332234022801737,3.275839820177043,6.0,0.7308711809493447,0.13277557839765325,0.7885893442568082
202620,0.2246991667638022,3.9319245073709457,6.0,0.7381733082631443,0.10949050010947772,0.7899267686092364
202620,0.1851668971539313,4.5,6.0,0.7387293186079749,0.09154008028493471,0.7953378056940326
202620,0.18131962453839187,4.5,6.0,0.7393511976684697,0.09110363987984396,0.7962530192713587
202620,0.2076469440994266,4.5,6.0,0.73572491187693,0.0946899044978953,0.7912843278130435
202620,0.23373853845906026,3.116043302017509,6.0,0.7298989363612005,0.14042713181510402,0.7944781551090141
202620,0.23107004188664554,3.1699990981811785,6.0,0.7301735243567107,0.13708568440078586,0.792207833764849
202620,0.238749263020397,3.0797930901914747,6.0,0.7297743391815468,0.14362351299646187,0.7960873316486382
202620,0.24310402392337455,3.143039054056203,6.0,0.7300183871750056,0.14161489337828573,0.7929862917906455
202620,0.1911035701684227,4.5,6.0,0.7378255669808116,0.09226638316116066,0.7940357578358541
202620,0.21671594848747214,3.9410679240639417,6.0,0.7386344970057288,0.10762308013682872,0.7901536568219761
202620,0.23851804076806082,3.1377409482104595,6.0,0.7299497850567223,0.14058940502412182,0.7932437529079078
202620,0.23734108749012517,4.5,8.0,0.7336137155122463,0.11342026677631849,0.8131902901974848
202620,0.22204532496981644,3.4501389674618053,8.0,0.7303384168552608,0.13397844027679212,0.8049740333909539
202620,0.2423581822198886,4.4995460956570605,8.0,0.7334467197325958,0.11527717241039029,0.8139113874521945
202620,0.22827393865229237,3.367216154963352,8.0,0.7292369428762772,0.13911081732129474,0.8057667537551314
202620,0.23846257660863315,3.353514220090062,8.0,0.7289996611320769,0.14320628825086726,0.8062161021268869
202620,0.23099209323581008,3.4343415709882588,8.0,0.7298432795843441,0.13742103682791112,0.8050407097635766
202620,0.21690995297115642,3.53805293571482,10.0,0.7257517506468965,0.13282696858283605,0.8064619583632151
202620,0.23221797185334753,3.068731179587756,10.0,0.7202271268626561,0.15855182569761067,0.8193443008130752
202620,0.23729113392279774,3.1081487327669706,10.0,0.7203164396848634,0.15872418858971302,0.8171004110196735
202620,0.19440336558644167,3.4748190392916873,10.0,0.7269783073298152,0.1280120335129073,0.8079418857959315
202620,0.2102695079589291,3.502668520986745,10.0,0.7256744626577519,0.13175950350085855,0.8066570168629171
202620,0.21000307970249735,3.205789636020965,10.0,0.7216682312702479,0.14350100745263636,0.8133061729799417
202620,0.2118685577871491,3.306524244319704,10.0,0.7225494684084738,0.13970118746763152,0.8095774388075868
202620,0.1942203033357541,3.631166077811368,10.0,0.7300820225986968,0.12288943603486371,0.8077523659829262
202620,0.23448159552484268,3.2392705430684714,10.0,0.7209885475469101,0.1512386915708674,0.8113563883282752
202620,0.18938917401213412,3.2758607076430493,10.0,0.7245514764872342,0.13444115066841208,0.8129203352729248
202620,0.23627427668450882,3.1377420149522766,10.0,0.7203846972251289,0.15679074433027596,0.8155512289573705
202620,0.21663842248496198,3.055855645389489,10.0,0.7206277816113394,0.15319223171727792,0.8211038098548542
202620,0.19542460147594318,3.5400079088734935,10.0,0.7280730236549624,0.12607467761459454,0.8074830901730623
202620,0.21381250096621707,3.375997781729315,10.0,0.7233261411981491,0.1375605053539704,0.8078914321498721
202620,0.22053554664347702,3.0602748168832434,10.0,0.7204535446735012,0.1543674737703957,0.8204509406367729
202620,0.18478368484175062,3.4720802176718744,10.0,0.7283122974315123,0.12566803310250493,0.8090169823406722
202620,0.21607150303658865,3.1572123458108523,10.0,0.7209351761309671,0.14784691259844585,0.8150909002971042
202620,0.21170440300102458,3.4183736129957825,10.0,0.7241310109409531,0.1352390036433067,0.807319140285078
202620,0.24103535302219528,3.349979714624194,10.0,0.7222219126710313,0.1495028052758175,0.8092310431693321
202620,0.2189961870740379,3.161920759227973,10.0,0.7208084215550842,0.14866436824501955,0.8146553094467531
