method,b,R,P,U,dominated_by_pin_pareto,points,dominated_points,minimum_dominance_margin
discrete_nodes,3.0,0.740827,0.123952,0.8731,True,,,
discrete_nodes,3.5,0.754456,0.102276,0.838862,True,,,
discrete_nodes,4.0,0.767907,0.088704,0.838398,True,,,
discrete_nodes,4.5,0.770128,0.078985,0.844634,True,,,
discrete_nodes_summary,,,,,True,4.0,4.0,0.0029451872431920934
linear,3.0,0.740827,0.123952,0.8731,True,,,
linear,3.00075,0.7408474435,0.12391948600000001,0.873048643,True,,,
linear,3.0015,0.7408678870000001,0.123886972,0.8729972859999999,True,,,
linear,3.00225,0.7408883305,0.123854458,0.872945929,True,,,
linear,3.003,0.740908774,0.123821944,0.872894572,True,,,
linear,3.00375,0.7409292175000001,0.12378943,0.872843215,True,,,
linear,3.0045,0.740949661,0.123756916,0.8727918579999999,True,,,
linear,3.00525,0.7409701045,0.123724402,0.872740501,True,,,
linear,3.006,0.740990548,0.12369188800000001,0.872689144,True,,,
linear,3.00675,0.7410109915,0.12365937400000002,0.872637787,True,,,
linear,3.0075,0.741031435,0.12362686000000002,0.87258643,True,,,
linear,3.00825,0.7410518785,0.12359434600000001,0.872535073,True,,,
linear,3.009,0.7410723220000001,0.12356183200000001,0.872483716,True,,,
linear,3.00975,0.7410927655,0.12352931800000001,0.872432359,True,,,
linear,3.0105,0.741113209,0.12349680400000002,0.872381002,True,,,
linear,3.01125,0.7411336525,0.12346429,0.872329645,True,,,
linear,3.012,0.741154096,0.123431776,0.872278288,True,,,
linear,3.01275,0.7411745395,0.12339926200000001,0.872226931,True,,,
linear,3.0135,0.741194983,0.123366748,0.872175574,True,,,
linear,3.01425,0.7412154265,0.123334234,0.872124217,True,,,
linear,3.015,0.74123587,0.12330172,0.87207286,True,,,
linear,3.01575,0.7412563135,0.123269206,0.872021503,True,,,
linear,3.0165,0.7412767570000001,0.123236692,0.871970146,True,,,
linear,3.01725,0.7412972005,0.123204178,0.871918789,True,,,
linear,3.018,0.741317644,0.12317166400000001,0.871867432,True,,,
linear,3.01875,0.7413380875,0.12313915000000002,0.871816075,True,,,
linear,3.0195,0.741358531,0.12310663600000002,0.871764718,True,,,
linear,3.02025,0.7413789745,0.12307412200000001,0.871713361,True,,,
linear,3.021,0.741399418,0.12304160800000001,0.871662004,True,,,
linear,3.02175,0.7414198615,0.12300909400000001,0.871610647,True,,,
linear,3.0225,0.741440305,0.12297658,0.87155929,True,,,
linear,3.02325,0.7414607485,0.122944066,0.871507933,True,,,
linear,3.024,0.7414811920000001,0.12291155200000001,0.871456576,True,,,
linear,3.02475,0.7415016355,0.12287903800000001,0.871405219,True,,,
linear,3.0255,0.741522079,0.122846524,0.871353862,True,,,
linear,3.02625,0.7415425225,0.12281401,0.871302505,True,,,
linear,3.027,0.741562966,0.122781496,0.871251148,True,,,
linear,3.02775,0.7415834095,0.122748982,0.871199791,True,,,
linear,3.0285,0.741603853,0.122716468,0.871148434,True,,,
linear,3.02925,0.7416242965000001,0.122683954,0.8710970769999999,True,,,
linear,3.03,0.74164474,0.12265144000000001,0.87104572,True,,,
linear,3.03075,0.7416651835,0.12261892600000002,0.870994363,True,,,
linear,3.0315,0.741685627,0.122586412,0.870943006,True,,,
linear,3.03225,0.7417060705,0.12255389800000001,0.870891649,True,,,
linear,3.033,0.741726514,0.12252138400000001,0.870840292,True,,,
linear,3.03375,0.7417469575,0.12248887000000001,0.870788935,True,,,
linear,3.0345,0.741767401,0.122456356,0.870737578,True,,,
linear,3.03525,0.7417878445,0.122423842,0.870686221,True,,,
linear,3.036,0.741808288,0.12239132800000001,0.870634864,True,,,
linear,3.03675,0.7418287315000001,0.12235881400000001,0.870583507,True,,,
linear,3.0375,0.741849175,0.1223263,0.87053215,True,,,
linear,3.03825,0.7418696185,0.122293786,0.870480793,True,,,
linear,3.039,0.7418900620000001,0.122261272,0.870429436,True,,,
linear,3.03975,0.7419105055,0.12222875799999999,0.870378079,True,,,
linear,3.0405,0.741930949,0.122196244,0.8703267219999999,True,,,
linear,3.04125,0.7419513925,0.12216373000000001,0.870275365,True,,,
linear,3.042,0.741971836,0.12213121600000001,0.870224008,True,,,
linear,3.04275,0.7419922795,0.12209870200000002,0.870172651,True,,,
linear,3.0435,0.742012723,0.122066188,0.870121294,True,,,
linear,3.04425,0.7420331665000001,0.12203367400000001,0.870069937,True,,,
linear,3.045,0.74205361,0.12200116000000001,0.87001858,True,,,
linear,3.04575,0.7420740535,0.12196864600000001,0.869967223,True,,,
linear,3.0465,0.742094497,0.121936132,0.869915866,True,,,
linear,3.04725,0.7421149405,0.121903618,0.869864509,True,,,
linear,3.048,0.742135384,0.12187110400000001,0.869813152,True,,,
linear,3.04875,0.7421558275,0.12183859,0.869761795,True,,,
linear,3.0495,0.742176271,0.121806076,0.869710438,True,,,
linear,3.05025,0.7421967145,0.121773562,0.869659081,True,,,
linear,3.051,0.742217158,0.121741048,0.869607724,True,,,
linear,3.05175,0.7422376015000001,0.121708534,0.8695563669999999,True,,,
linear,3.0525,0.742258045,0.12167602,0.86950501,True,,,
linear,3.05325,0.7422784885,0.12164350600000001,0.869453653,True,,,
linear,3.054,0.742298932,0.12161099200000001,0.869402296,True,,,
linear,3.05475,0.7423193755,0.12157847800000002,0.869350939,True,,,
linear,3.0555,0.742339819,0.121545964,0.869299582,True,,,
linear,3.05625,0.7423602625,0.12151345000000001,0.869248225,True,,,
linear,3.057,0.7423807060000001,0.12148093600000001,0.869196868,True,,,
linear,3.05775,0.7424011495,0.12144842200000001,0.869145511,True,,,
linear,3.0585,0.742421593,0.121415908,0.869094154,True,,,
linear,3.05925,0.7424420365000001,0.121383394,0.869042797,True,,,
linear,3.06,0.74246248,0.12135088000000001,0.86899144,True,,,
linear,3.06075,0.7424829235,0.121318366,0.868940083,True,,,
linear,3.0615,0.742503367,0.121285852,0.868888726,True,,,
linear,3.06225,0.7425238105,0.121253338,0.868837369,True,,,
linear,3.063,0.742544254,0.121220824,0.8687860119999999,True,,,
linear,3.06375,0.7425646975,0.12118831,0.868734655,True,,,
linear,3.0645,0.7425851410000001,0.12115579600000001,0.868683298,True,,,
linear,3.06525,0.7426055845,0.12112328200000001,0.868631941,True,,,
linear,3.066,0.742626028,0.12109076800000002,0.868580584,True,,,
linear,3.06675,0.7426464715,0.12105825400000002,0.868529227,True,,,
linear,3.0675,0.742666915,0.12102574,0.86847787,True,,,
linear,3.06825,0.7426873585,0.12099322600000001,0.868426513,True,,,
linear,3.069,0.742707802,0.12096071200000001,0.868375156,True,,,
linear,3.06975,0.7427282455,0.12092819800000001,0.868323799,True,,,
linear,3.0705,0.742748689,0.120895684,0.868272442,True,,,
linear,3.07125,0.7427691325,0.12086317,0.868221085,True,,,
linear,3.072,0.7427895760000001,0.12083065600000001,0.868169728,True,,,
linear,3.07275,0.7428100195,0.120798142,0.868118371,True,,,
linear,3.0735,0.742830463,0.120765628,0.868067014,True,,,
linear,3.07425,0.7428509065,0.120733114,0.8680156569999999,True,,,
linear,3.075,0.74287135,0.1207006,0.8679643,True,,,
linear,3.07575,0.7428917935,0.120668086,0.867912943,True,,,
linear,3.0765,0.742912237,0.12063557200000001,0.867861586,True,,,
linear,3.07725,0.7429326805,0.12060305800000001,0.867810229,True,,,
linear,3.078,0.742953124,0.12057054400000002,0.867758872,True,,,
linear,3.07875,0.7429735675,0.12053803000000002,0.867707515,True,,,
linear,3.0795,0.7429940110000001,0.12050551600000001,0.867656158,True,,,
linear,3.08025,0.7430144545,0.12047300200000001,0.867604801,True,,,
linear,3.081,0.743034898,0.12044048800000001,0.867553444,True,,,
linear,3.08175,0.7430553415,0.120407974,0.867502087,True,,,
linear,3.0825,0.743075785,0.12037546,0.86745073,True,,,
linear,3.08325,0.7430962285,0.120342946,0.867399373,True,,,
linear,3.084,0.743116672,0.12031043200000001,0.867348016,True,,,
linear,3.08475,0.7431371155000001,0.120277918,0.867296659,True,,,
linear,3.0855,0.743157559,0.120245404,0.8672453019999999,True,,,
linear,3.08625,0.7431780025,0.12021289,0.867193945,True,,,
linear,3.087,0.7431984460000001,0.120180376,0.867142588,True,,,
linear,3.08775,0.7432188895,0.120147862,0.867091231,True,,,
linear,3.0885,0.743239333,0.12011534800000001,0.867039874,True,,,
linear,3.08925,0.7432597765,0.12008283400000001,0.866988517,True,,,
linear,3.09,0.74328022,0.12005032000000002,0.86693716,True,,,
linear,3.09075,0.7433006635,0.120017806,0.866885803,True,,,
linear,3.0915,0.743321107,0.11998529200000001,0.866834446,True,,,
linear,3.09225,0.7433415505000001,0.11995277800000001,0.866783089,True,,,
linear,3.093,0.743361994,0.11992026400000001,0.866731732,True,,,
linear,3.09375,0.7433824375,0.11988775,0.866680375,True,,,
linear,3.0945,0.743402881,0.119855236,0.866629018,True,,,
linear,3.09525,0.7434233245,0.119822722,0.866577661,True,,,
linear,3.096,0.743443768,0.11979020800000001,0.866526304,True,,,
linear,3.09675,0.7434642115,0.119757694,0.8664749469999999,True,,,
linear,3.0975,0.743484655,0.11972518,0.86642359,True,,,
linear,3.09825,0.7435050985,0.119692666,0.866372233,True,,,
linear,3.099,0.743525542,0.11966015199999999,0.866320876,True,,,
linear,3.0997500000000002,0.7435459855000001,0.119627638,0.8662695189999999,True,,,
linear,3.1005,0.743566429,0.11959512400000001,0.866218162,True,,,
linear,3.10125,0.7435868725,0.11956261000000001,0.866166805,True,,,
linear,3.102,0.743607316,0.11953009600000002,0.866115448,True,,,
linear,3.10275,0.7436277595,0.119497582,0.866064091,True,,,
linear,3.1035,0.743648203,0.11946506800000001,0.866012734,True,,,
linear,3.10425,0.7436686465,0.11943255400000001,0.865961377,True,,,
linear,3.105,0.74368909,0.11940004000000001,0.86591002,True,,,
linear,3.10575,0.7437095335,0.119367526,0.865858663,True,,,
linear,3.1065,0.743729977,0.119335012,0.865807306,True,,,
linear,3.10725,0.7437504205000001,0.119302498,0.865755949,True,,,
linear,3.108,0.743770864,0.119269984,0.8657045919999999,True,,,
linear,3.10875,0.7437913075,0.11923747,0.865653235,True,,,
linear,3.1095,0.743811751,0.119204956,0.865601878,True,,,
linear,3.11025,0.7438321945,0.119172442,0.865550521,True,,,
linear,3.111,0.743852638,0.11913992799999999,0.8654991639999999,True,,,
linear,3.11175,0.7438730815,0.11910741400000002,0.865447807,True,,,
linear,3.1125,0.743893525,0.11907490000000001,0.86539645,True,,,
linear,3.11325,0.7439139685,0.11904238600000001,0.865345093,True,,,
linear,3.114,0.743934412,0.11900987200000002,0.865293736,True,,,
linear,3.11475,0.7439548555,0.118977358,0.865242379,True,,,
linear,3.1155,0.743975299,0.11894484400000001,0.865191022,True,,,
linear,3.11625,0.7439957425,0.11891233000000001,0.865139665,True,,,
linear,3.117,0.744016186,0.11887981600000001,0.865088308,True,,,
linear,3.11775,0.7440366295,0.118847302,0.865036951,True,,,
linear,3.1185,0.744057073,0.118814788,0.864985594,True,,,
linear,3.11925,0.7440775165,0.11878227400000001,0.8649342369999999,True,,,
linear,3.12,0.7440979600000001,0.11874976,0.86488288,True,,,
linear,3.12075,0.7441184035,0.118717246,0.864831523,True,,,
linear,3.1215,0.744138847,0.118684732,0.864780166,True,,,
linear,3.12225,0.7441592905000001,0.118652218,0.8647288089999999,True,,,
linear,3.123,0.744179734,0.11861970399999999,0.864677452,True,,,
linear,3.12375,0.7442001775,0.11858719000000001,0.864626095,True,,,
linear,3.1245,0.744220621,0.11855467600000001,0.864574738,True,,,
linear,3.12525,0.7442410645,0.11852216200000001,0.864523381,True,,,
linear,3.126,0.744261508,0.11848964800000002,0.864472024,True,,,
linear,3.12675,0.7442819515,0.118457134,0.864420667,True,,,
linear,3.1275,0.7443023950000001,0.11842462000000001,0.86436931,True,,,
linear,3.12825,0.7443228385,0.11839210600000001,0.864317953,True,,,
linear,3.129,0.744343282,0.11835959200000001,0.864266596,True,,,
linear,3.12975,0.7443637255,0.118327078,0.864215239,True,,,
linear,3.1305,0.744384169,0.118294564,0.8641638819999999,True,,,
linear,3.13125,0.7444046125,0.11826205000000001,0.864112525,True,,,
linear,3.132,0.744425056,0.118229536,0.864061168,True,,,
linear,3.13275,0.7444454995,0.118197022,0.864009811,True,,,
linear,3.1335,0.744465943,0.118164508,0.8639584539999999,True,,,
linear,3.13425,0.7444863865,0.118131994,0.863907097,True,,,
linear,3.135,0.74450683,0.11809948000000002,0.86385574,True,,,
linear,3.13575,0.7445272735,0.11806696600000001,0.863804383,True,,,
linear,3.1365,0.744547717,0.11803445200000001,0.863753026,True,,,
linear,3.13725,0.7445681605,0.11800193800000001,0.863701669,True,,,
linear,3.138,0.744588604,0.11796942400000002,0.863650312,True,,,
linear,3.13875,0.7446090475,0.11793691,0.863598955,True,,,
linear,3.1395,0.744629491,0.11790439600000001,0.863547598,True,,,
linear,3.14025,0.7446499345,0.11787188200000001,0.863496241,True,,,
linear,3.141,0.744670378,0.117839368,0.863444884,True,,,
linear,3.14175,0.7446908215,0.117806854,0.8633935269999999,True,,,
linear,3.1425,0.7447112650000001,0.11777434,0.86334217,True,,,
linear,3.14325,0.7447317085,0.11774182600000001,0.863290813,True,,,
linear,3.144,0.744752152,0.117709312,0.863239456,True,,,
linear,3.14475,0.7447725955,0.117676798,0.8631880989999999,True,,,
linear,3.1455,0.744793039,0.117644284,0.863136742,True,,,
linear,3.14625,0.7448134825,0.11761177,0.863085385,True,,,
linear,3.147,0.744833926,0.11757925600000002,0.863034028,True,,,
linear,3.14775,0.7448543695000001,0.11754674200000001,0.862982671,True,,,
linear,3.1485,0.744874813,0.11751422800000001,0.862931314,True,,,
linear,3.14925,0.7448952565,0.11748171400000001,0.862879957,True,,,
linear,3.15,0.7449157,0.1174492,0.8628286,True,,,
linear,3.15075,0.7449361435,0.117416686,0.862777243,True,,,
linear,3.1515,0.744956587,0.11738417200000001,0.862725886,True,,,
linear,3.15225,0.7449770305,0.11735165800000001,0.862674529,True,,,
linear,3.153,0.744997474,0.117319144,0.8626231719999999,True,,,
linear,3.15375,0.7450179175,0.11728663,0.862571815,True,,,
linear,3.1545,0.745038361,0.117254116,0.862520458,True,,,
linear,3.15525,0.7450588045000001,0.11722160200000001,0.862469101,True,,,
linear,3.156,0.745079248,0.117189088,0.8624177439999999,True,,,
linear,3.15675,0.7450996915,0.117156574,0.862366387,True,,,
linear,3.1575,0.7451201350000001,0.11712406,0.86231503,True,,,
linear,3.15825,0.7451405785,0.11709154600000002,0.862263673,True,,,
linear,3.159,0.745161022,0.11705903200000002,0.862212316,True,,,
linear,3.15975,0.7451814655,0.11702651800000001,0.862160959,True,,,
linear,3.1605,0.745201909,0.11699400400000001,0.862109602,True,,,
linear,3.16125,0.7452223525,0.11696149000000002,0.862058245,True,,,
linear,3.162,0.745242796,0.116928976,0.862006888,True,,,
linear,3.16275,0.7452632395000001,0.116896462,0.861955531,True,,,
linear,3.1635,0.745283683,0.11686394800000001,0.861904174,True,,,
linear,3.16425,0.7453041265,0.11683143400000001,0.8618528169999999,True,,,
linear,3.165,0.74532457,0.11679892,0.86180146,True,,,
linear,3.16575,0.7453450135,0.116766406,0.861750103,True,,,
linear,3.1665,0.745365457,0.116733892,0.861698746,True,,,
linear,3.16725,0.7453859005,0.116701378,0.8616473889999999,True,,,
linear,3.168,0.745406344,0.116668864,0.861596032,True,,,
linear,3.16875,0.7454267875,0.11663635,0.861544675,True,,,
linear,3.1695,0.745447231,0.116603836,0.861493318,True,,,
linear,3.1702500000000002,0.7454676745000001,0.11657132199999999,0.8614419609999999,True,,,
linear,3.171,0.745488118,0.11653880800000002,0.861390604,True,,,
linear,3.17175,0.7455085615,0.11650629400000001,0.861339247,True,,,
linear,3.1725,0.745529005,0.11647378000000001,0.86128789,True,,,
linear,3.17325,0.7455494485,0.11644126600000002,0.861236533,True,,,
linear,3.174,0.745569892,0.116408752,0.861185176,True,,,
linear,3.17475,0.7455903355,0.116376238,0.861133819,True,,,
linear,3.1755,0.7456107790000001,0.11634372400000001,0.8610824619999999,True,,,
linear,3.17625,0.7456312225,0.11631121,0.861031105,True,,,
linear,3.177,0.745651666,0.116278696,0.860979748,True,,,
linear,3.17775,0.7456721095000001,0.116246182,0.860928391,True,,,
linear,3.1785,0.745692553,0.116213668,0.8608770339999999,True,,,
linear,3.17925,0.7457129965,0.116181154,0.860825677,True,,,
linear,3.18,0.74573344,0.11614864,0.86077432,True,,,
linear,3.18075,0.7457538835,0.116116126,0.860722963,True,,,
linear,3.1814999999999998,0.745774327,0.11608361200000002,0.860671606,True,,,
linear,3.18225,0.7457947705,0.11605109800000002,0.860620249,True,,,
linear,3.183,0.7458152140000001,0.11601858400000001,0.860568892,True,,,
linear,3.18375,0.7458356575,0.11598607000000001,0.8605175350000001,True,,,
linear,3.1845,0.745856101,0.11595355600000001,0.860466178,True,,,
linear,3.18525,0.7458765445,0.11592104200000002,0.860414821,True,,,
linear,3.186,0.745896988,0.115888528,0.860363464,True,,,
linear,3.18675,0.7459174315,0.11585601400000001,0.8603121069999999,True,,,
linear,3.1875,0.745937875,0.11582350000000001,0.86026075,True,,,
linear,3.18825,0.7459583185,0.11579098600000001,0.860209393,True,,,
linear,3.189,0.745978762,0.115758472,0.860158036,True,,,
linear,3.18975,0.7459992055,0.115725958,0.860106679,True,,,
linear,3.1905,0.7460196490000001,0.115693444,0.860055322,True,,,
linear,3.19125,0.7460400925,0.11566093,0.860003965,True,,,
linear,3.192,0.746060536,0.115628416,0.859952608,True,,,
linear,3.19275,0.7460809795000001,0.115595902,0.8599012509999999,True,,,
linear,3.1935000000000002,0.746101423,0.11556338799999999,0.859849894,True,,,
linear,3.19425,0.7461218665,0.11553087400000002,0.859798537,True,,,
linear,3.195,0.74614231,0.11549836000000001,0.85974718,True,,,
linear,3.19575,0.7461627535,0.11546584600000001,0.859695823,True,,,
linear,3.1965,0.746183197,0.11543333200000001,0.859644466,True,,,
linear,3.19725,0.7462036405,0.11540081800000002,0.859593109,True,,,
linear,3.198,0.7462240840000001,0.115368304,0.859541752,True,,,
linear,3.19875,0.7462445275,0.11533579000000001,0.859490395,True,,,
linear,3.1995,0.746264971,0.11530327600000001,0.859439038,True,,,
linear,3.20025,0.7462854145,0.115270762,0.859387681,True,,,
linear,3.201,0.746305858,0.115238248,0.859336324,True,,,
linear,3.20175,0.7463263015,0.115205734,0.859284967,True,,,
linear,3.2025,0.746346745,0.11517322,0.85923361,True,,,
linear,3.20325,0.7463671885000001,0.115140706,0.859182253,True,,,
linear,3.204,0.746387632,0.115108192,0.859130896,True,,,
linear,3.20475,0.7464080755,0.115075678,0.859079539,True,,,
linear,3.2055,0.746428519,0.11504316400000002,0.859028182,True,,,
linear,3.20625,0.7464489625,0.11501065000000002,0.858976825,True,,,
linear,3.207,0.746469406,0.11497813600000001,0.858925468,True,,,
linear,3.20775,0.7464898495,0.11494562200000001,0.858874111,True,,,
linear,3.2085,0.746510293,0.11491310800000001,0.858822754,True,,,
linear,3.20925,0.7465307365,0.114880594,0.858771397,True,,,
linear,3.21,0.74655118,0.11484808,0.85872004,True,,,
linear,3.21075,0.7465716235000001,0.11481556600000001,0.858668683,True,,,
linear,3.2115,0.746592067,0.11478305200000001,0.858617326,True,,,
linear,3.21225,0.7466125105,0.114750538,0.858565969,True,,,
linear,3.213,0.7466329540000001,0.114718024,0.858514612,True,,,
linear,3.21375,0.7466533975,0.11468551,0.858463255,True,,,
linear,3.2145,0.746673841,0.11465299600000001,0.858411898,True,,,
linear,3.21525,0.7466942845,0.114620482,0.858360541,True,,,
linear,3.216,0.746714728,0.114587968,0.858309184,True,,,
linear,3.21675,0.7467351715,0.114555454,0.858257827,True,,,
linear,3.2175,0.746755615,0.11452294000000002,0.85820647,True,,,
linear,3.21825,0.7467760585000001,0.114490426,0.858155113,True,,,
linear,3.219,0.746796502,0.11445791200000001,0.858103756,True,,,
linear,3.21975,0.7468169455,0.11442539800000001,0.858052399,True,,,
linear,3.2205,0.746837389,0.11439288400000001,0.858001042,True,,,
linear,3.22125,0.7468578325,0.11436037,0.857949685,True,,,
linear,3.222,0.746878276,0.114327856,0.857898328,True,,,
linear,3.22275,0.7468987195,0.11429534200000001,0.857846971,True,,,
linear,3.2235,0.746919163,0.11426282800000001,0.857795614,True,,,
linear,3.22425,0.7469396065,0.114230314,0.857744257,True,,,
linear,3.225,0.74696005,0.1141978,0.8576929,True,,,
linear,3.22575,0.7469804935000001,0.114165286,0.857641543,True,,,
linear,3.2265,0.747000937,0.114132772,0.857590186,True,,,
linear,3.22725,0.7470213805,0.114100258,0.857538829,True,,,
linear,3.228,0.747041824,0.114067744,0.857487472,True,,,
linear,3.22875,0.7470622675,0.11403523000000002,0.857436115,True,,,
linear,3.2295,0.747082711,0.11400271600000002,0.857384758,True,,,
linear,3.23025,0.7471031545,0.11397020200000002,0.857333401,True,,,
linear,3.231,0.747123598,0.11393768800000001,0.857282044,True,,,
linear,3.23175,0.7471440415,0.11390517400000001,0.857230687,True,,,
linear,3.2325,0.747164485,0.11387266000000001,0.85717933,True,,,
linear,3.23325,0.7471849285000001,0.113840146,0.857127973,True,,,
linear,3.234,0.747205372,0.113807632,0.857076616,True,,,
linear,3.23475,0.7472258155,0.11377511800000001,0.857025259,True,,,
linear,3.2355,0.747246259,0.113742604,0.856973902,True,,,
linear,3.23625,0.7472667025,0.11371009,0.856922545,True,,,
linear,3.237,0.747287146,0.113677576,0.856871188,True,,,
linear,3.23775,0.7473075895,0.113645062,0.856819831,True,,,
linear,3.2385,0.7473280330000001,0.113612548,0.856768474,True,,,
linear,3.23925,0.7473484765,0.113580034,0.856717117,True,,,
linear,3.24,0.74736892,0.11354752,0.8566657599999999,True,,,
linear,3.24075,0.7473893635,0.11351500600000002,0.856614403,True,,,
linear,3.2415,0.747409807,0.11348249200000002,0.856563046,True,,,
linear,3.24225,0.7474302505,0.113449978,0.856511689,True,,,
linear,3.243,0.747450694,0.11341746400000001,0.856460332,True,,,
linear,3.24375,0.7474711375,0.11338495000000001,0.856408975,True,,,
linear,3.2445,0.747491581,0.11335243600000001,0.856357618,True,,,
linear,3.24525,0.7475120245,0.113319922,0.856306261,True,,,
linear,3.246,0.7475324680000001,0.113287408,0.856254904,True,,,
linear,3.24675,0.7475529115,0.11325489400000001,0.856203547,True,,,
linear,3.2475,0.747573355,0.11322238000000001,0.85615219,True,,,
linear,3.24825,0.7475937985,0.113189866,0.856100833,True,,,
linear,3.249,0.747614242,0.113157352,0.856049476,True,,,
linear,3.24975,0.7476346855,0.113124838,0.855998119,True,,,
linear,3.2505,0.747655129,0.113092324,0.855946762,True,,,
linear,3.25125,0.7476755725,0.11305981,0.8558954049999999,True,,,
linear,3.252,0.747696016,0.11302729600000001,0.855844048,True,,,
linear,3.25275,0.7477164595,0.11299478200000002,0.855792691,True,,,
linear,3.2535,0.7477369030000001,0.11296226800000002,0.855741334,True,,,
linear,3.25425,0.7477573465,0.11292975400000001,0.855689977,True,,,
linear,3.255,0.74777779,0.11289724000000001,0.85563862,True,,,
linear,3.25575,0.7477982335,0.11286472600000001,0.855587263,True,,,
linear,3.2565,0.747818677,0.11283221200000002,0.855535906,True,,,
linear,3.25725,0.7478391205,0.112799698,0.855484549,True,,,
linear,3.258,0.747859564,0.112767184,0.855433192,True,,,
linear,3.25875,0.7478800075,0.11273467000000001,0.855381835,True,,,
linear,3.2595,0.747900451,0.112702156,0.855330478,True,,,
linear,3.26025,0.7479208945,0.112669642,0.855279121,True,,,
linear,3.261,0.7479413380000001,0.112637128,0.855227764,True,,,
linear,3.26175,0.7479617815,0.112604614,0.855176407,True,,,
linear,3.2625,0.747982225,0.1125721,0.8551250499999999,True,,,
linear,3.26325,0.7480026685,0.112539586,0.855073693,True,,,
linear,3.2640000000000002,0.748023112,0.112507072,0.855022336,True,,,
linear,3.26475,0.7480435555,0.11247455800000002,0.854970979,True,,,
linear,3.2655,0.748063999,0.11244204400000002,0.854919622,True,,,
linear,3.26625,0.7480844425000001,0.11240953000000001,0.854868265,True,,,
linear,3.267,0.748104886,0.11237701600000001,0.854816908,True,,,
linear,3.26775,0.7481253295,0.11234450200000001,0.854765551,True,,,
linear,3.2685,0.748145773,0.112311988,0.854714194,True,,,
linear,3.26925,0.7481662165,0.112279474,0.854662837,True,,,
linear,3.27,0.74818666,0.11224696,0.85461148,True,,,
linear,3.27075,0.7482071035,0.11221444600000001,0.854560123,True,,,
linear,3.2715,0.748227547,0.112181932,0.854508766,True,,,
linear,3.27225,0.7482479905,0.112149418,0.854457409,True,,,
linear,3.273,0.748268434,0.112116904,0.854406052,True,,,
linear,3.27375,0.7482888775000001,0.11208439,0.8543546949999999,True,,,
linear,3.2745,0.748309321,0.112051876,0.854303338,True,,,
linear,3.2752499999999998,0.7483297645,0.11201936200000001,0.854251981,True,,,
linear,3.276,0.748350208,0.11198684800000001,0.854200624,True,,,
linear,3.27675,0.7483706515,0.11195433400000002,0.854149267,True,,,
linear,3.2775,0.748391095,0.11192182,0.85409791,True,,,
linear,3.27825,0.7484115385,0.11188930600000001,0.854046553,True,,,
linear,3.279,0.748431982,0.11185679200000001,0.853995196,True,,,
linear,3.27975,0.7484524255,0.11182427800000001,0.853943839,True,,,
linear,3.2805,0.748472869,0.111791764,0.853892482,True,,,
linear,3.28125,0.7484933125000001,0.11175925,0.853841125,True,,,
linear,3.282,0.748513756,0.11172673600000001,0.853789768,True,,,
linear,3.28275,0.7485341995,0.11169422200000001,0.853738411,True,,,
linear,3.2835,0.748554643,0.111661708,0.853687054,True,,,
linear,3.28425,0.7485750865,0.111629194,0.853635697,True,,,
linear,3.285,0.74859553,0.11159668,0.8535843399999999,True,,,
linear,3.28575,0.7486159735,0.11156416599999999,0.853532983,True,,,
linear,3.2865,0.748636417,0.111531652,0.853481626,True,,,
linear,3.2872500000000002,0.7486568605,0.111499138,0.853430269,True,,,
linear,3.2880000000000003,0.748677304,0.111466624,0.8533789119999999,True,,,
linear,3.28875,0.7486977475000001,0.11143411000000002,0.853327555,True,,,
linear,3.2895,0.748718191,0.11140159600000002,0.853276198,True,,,
linear,3.29025,0.7487386345,0.11136908200000001,0.853224841,True,,,
linear,3.291,0.748759078,0.11133656800000001,0.853173484,True,,,
linear,3.29175,0.7487795215,0.11130405400000001,0.853122127,True,,,
linear,3.2925,0.748799965,0.11127154,0.85307077,True,,,
linear,3.29325,0.7488204085,0.111239026,0.853019413,True,,,
linear,3.294,0.7488408520000001,0.11120651200000001,0.852968056,True,,,
linear,3.29475,0.7488612955,0.111173998,0.852916699,True,,,
linear,3.2955,0.748881739,0.111141484,0.852865342,True,,,
linear,3.29625,0.7489021825000001,0.11110897,0.8528139849999999,True,,,
linear,3.297,0.748922626,0.111076456,0.852762628,True,,,
linear,3.29775,0.7489430695,0.11104394199999999,0.852711271,True,,,
linear,3.2984999999999998,0.748963513,0.11101142800000002,0.852659914,True,,,
linear,3.29925,0.7489839565,0.11097891400000001,0.852608557,True,,,
linear,3.3,0.7490044,0.11094640000000001,0.8525572,True,,,
linear,3.30075,0.7490248435,0.11091388600000002,0.852505843,True,,,
linear,3.3015,0.7490452870000001,0.110881372,0.852454486,True,,,
linear,3.30225,0.7490657305,0.11084885800000001,0.852403129,True,,,
linear,3.303,0.749086174,0.11081634400000001,0.852351772,True,,,
linear,3.30375,0.7491066175,0.11078383000000001,0.852300415,True,,,
linear,3.3045,0.749127061,0.110751316,0.852249058,True,,,
linear,3.30525,0.7491475045,0.110718802,0.852197701,True,,,
linear,3.306,0.749167948,0.11068628800000001,0.852146344,True,,,
linear,3.30675,0.7491883915,0.11065377400000001,0.852094987,True,,,
linear,3.3075,0.749208835,0.11062126,0.8520436299999999,True,,,
linear,3.30825,0.7492292785,0.110588746,0.851992273,True,,,
linear,3.309,0.7492497220000001,0.110556232,0.851940916,True,,,
linear,3.30975,0.7492701655,0.11052371799999999,0.851889559,True,,,
linear,3.3105,0.749290609,0.110491204,0.8518382019999999,True,,,
linear,3.3112500000000002,0.7493110525000001,0.11045869,0.851786845,True,,,
linear,3.312,0.749331496,0.11042617600000001,0.851735488,True,,,
linear,3.31275,0.7493519395,0.11039366200000002,0.851684131,True,,,
linear,3.3135,0.749372383,0.110361148,0.851632774,True,,,
linear,3.31425,0.7493928265,0.11032863400000001,0.851581417,True,,,
linear,3.315,0.74941327,0.11029612000000001,0.85153006,True,,,
linear,3.31575,0.7494337135,0.11026360600000001,0.851478703,True,,,
linear,3.3165,0.7494541570000001,0.110231092,0.851427346,True,,,
linear,3.31725,0.7494746005,0.110198578,0.851375989,True,,,
linear,3.318,0.749495044,0.11016606400000001,0.851324632,True,,,
linear,3.31875,0.7495154875,0.11013355,0.8512732749999999,True,,,
linear,3.3195,0.749535931,0.110101036,0.851221918,True,,,
linear,3.32025,0.7495563745,0.110068522,0.851170561,True,,,
linear,3.321,0.749576818,0.110036008,0.851119204,True,,,
linear,3.3217499999999998,0.7495972615000001,0.11000349400000002,0.851067847,True,,,
linear,3.3225,0.749617705,0.10997098000000001,0.85101649,True,,,
linear,3.32325,0.7496381485,0.10993846600000001,0.850965133,True,,,
linear,3.324,0.749658592,0.10990595200000002,0.850913776,True,,,
linear,3.32475,0.7496790355,0.10987343800000002,0.850862419,True,,,
linear,3.3255,0.749699479,0.109840924,0.850811062,True,,,
linear,3.32625,0.7497199225,0.10980841000000001,0.850759705,True,,,
linear,3.327,0.749740366,0.10977589600000001,0.850708348,True,,,
linear,3.32775,0.7497608095,0.109743382,0.850656991,True,,,
linear,3.3285,0.749781253,0.109710868,0.850605634,True,,,
linear,3.32925,0.7498016965000001,0.109678354,0.850554277,True,,,
linear,3.33,0.74982214,0.10964584000000001,0.8505029199999999,True,,,
linear,3.33075,0.7498425835,0.109613326,0.850451563,True,,,
linear,3.3315,0.7498630270000001,0.109580812,0.850400206,True,,,
linear,3.33225,0.7498834705,0.109548298,0.850348849,True,,,
linear,3.333,0.749903914,0.109515784,0.8502974919999999,True,,,
linear,3.33375,0.7499243575,0.10948327,0.850246135,True,,,
linear,3.3345000000000002,0.749944801,0.109450756,0.850194778,True,,,
linear,3.33525,0.7499652445,0.10941824200000001,0.850143421,True,,,
linear,3.336,0.749985688,0.10938572800000002,0.850092064,True,,,
linear,3.33675,0.7500061315000001,0.109353214,0.850040707,True,,,
linear,3.3375,0.750026575,0.1093207,0.84998935,True,,,
linear,3.33825,0.7500470185,0.10928818600000001,0.849937993,True,,,
linear,3.339,0.750067462,0.10925567200000001,0.849886636,True,,,
linear,3.33975,0.7500879055,0.109223158,0.849835279,True,,,
linear,3.3405,0.750108349,0.109190644,0.849783922,True,,,
linear,3.34125,0.7501287925,0.10915813,0.8497325649999999,True,,,
linear,3.342,0.750149236,0.10912561600000001,0.849681208,True,,,
linear,3.34275,0.7501696795,0.109093102,0.849629851,True,,,
linear,3.3435,0.750190123,0.109060588,0.849578494,True,,,
linear,3.34425,0.7502105665000001,0.109028074,0.8495271369999999,True,,,
linear,3.345,0.75023101,0.10899555999999999,0.84947578,True,,,
linear,3.34575,0.7502514535,0.10896304600000001,0.849424423,True,,,
linear,3.3465,0.750271897,0.10893053200000001,0.849373066,True,,,
linear,3.34725,0.7502923405,0.10889801800000001,0.849321709,True,,,
linear,3.348,0.750312784,0.10886550400000002,0.849270352,True,,,
linear,3.34875,0.7503332275,0.10883299000000002,0.849218995,True,,,
linear,3.3495,0.750353671,0.10880047600000001,0.849167638,True,,,
linear,3.35025,0.7503741145,0.10876796200000001,0.849116281,True,,,
linear,3.351,0.750394558,0.10873544800000001,0.849064924,True,,,
linear,3.35175,0.7504150015000001,0.108702934,0.849013567,True,,,
linear,3.3525,0.750435445,0.10867042,0.8489622099999999,True,,,
linear,3.35325,0.7504558885,0.108637906,0.848910853,True,,,
linear,3.354,0.750476332,0.108605392,0.848859496,True,,,
linear,3.35475,0.7504967755,0.108572878,0.848808139,True,,,
linear,3.3555,0.750517219,0.108540364,0.8487567819999999,True,,,
linear,3.35625,0.7505376625,0.10850785,0.848705425,True,,,
linear,3.357,0.7505581060000001,0.10847533599999999,0.848654068,True,,,
linear,3.3577500000000002,0.7505785495,0.108442822,0.848602711,True,,,
linear,3.3585,0.750598993,0.10841030800000001,0.848551354,True,,,
linear,3.35925,0.7506194365,0.10837779400000001,0.848499997,True,,,
linear,3.36,0.75063988,0.10834528000000002,0.84844864,True,,,
linear,3.36075,0.7506603235,0.108312766,0.848397283,True,,,
linear,3.3615,0.750680767,0.10828025200000001,0.848345926,True,,,
linear,3.36225,0.7507012105,0.10824773800000001,0.848294569,True,,,
linear,3.363,0.750721654,0.108215224,0.848243212,True,,,
linear,3.36375,0.7507420975,0.10818271,0.8481918549999999,True,,,
linear,3.3645,0.7507625410000001,0.108150196,0.848140498,True,,,
linear,3.36525,0.7507829845,0.108117682,0.848089141,True,,,
linear,3.366,0.750803428,0.10808516800000001,0.848037784,True,,,
linear,3.36675,0.7508238715000001,0.108052654,0.8479864269999999,True,,,
linear,3.3675,0.750844315,0.10802014,0.84793507,True,,,
linear,3.36825,0.7508647585,0.107987626,0.847883713,True,,,
linear,3.3689999999999998,0.750885202,0.10795511200000002,0.8478323560000001,True,,,
linear,3.36975,0.7509056455,0.10792259800000001,0.847780999,True,,,
linear,3.3705,0.750926089,0.10789008400000001,0.847729642,True,,,
linear,3.37125,0.7509465325,0.10785757000000001,0.847678285,True,,,
linear,3.372,0.7509669760000001,0.107825056,0.847626928,True,,,
linear,3.37275,0.7509874195,0.107792542,0.847575571,True,,,
linear,3.3735,0.751007863,0.10776002800000001,0.847524214,True,,,
linear,3.37425,0.7510283065,0.10772751400000001,0.847472857,True,,,
linear,3.375,0.75104875,0.10769500000000001,0.8474215,True,,,
linear,3.37575,0.7510691935,0.107662486,0.847370143,True,,,
linear,3.3765,0.751089637,0.107629972,0.847318786,True,,,
linear,3.37725,0.7511100805,0.107597458,0.847267429,True,,,
linear,3.378,0.751130524,0.107564944,0.8472160719999999,True,,,
linear,3.37875,0.7511509675,0.10753243,0.847164715,True,,,
linear,3.3795,0.7511714110000001,0.107499916,0.847113358,True,,,
linear,3.38025,0.7511918545,0.10746740199999999,0.847062001,True,,,
linear,3.3810000000000002,0.751212298,0.10743488799999999,0.847010644,True,,,
linear,3.3817500000000003,0.7512327415,0.107402374,0.846959287,True,,,
linear,3.3825,0.751253185,0.10736986000000001,0.84690793,True,,,
linear,3.38325,0.7512736285,0.10733734600000001,0.8468565730000001,True,,,
linear,3.384,0.751294072,0.10730483200000002,0.846805216,True,,,
linear,3.38475,0.7513145155000001,0.107272318,0.846753859,True,,,
linear,3.3855,0.751334959,0.10723980400000001,0.846702502,True,,,
linear,3.38625,0.7513554025,0.10720729000000001,0.846651145,True,,,
linear,3.387,0.7513758460000001,0.107174776,0.846599788,True,,,
linear,3.38775,0.7513962895,0.107142262,0.846548431,True,,,
linear,3.3885,0.751416733,0.107109748,0.846497074,True,,,
linear,3.38925,0.7514371765,0.107077234,0.8464457169999999,True,,,
linear,3.39,0.75145762,0.10704472,0.84639436,True,,,
linear,3.39075,0.7514780635,0.107012206,0.846343003,True,,,
linear,3.3915,0.751498507,0.106979692,0.846291646,True,,,
linear,3.3922499999999998,0.7515189505000001,0.10694717800000002,0.846240289,True,,,
linear,3.393,0.751539394,0.10691466400000002,0.846188932,True,,,
linear,3.39375,0.7515598375,0.10688215000000001,0.846137575,True,,,
linear,3.3945,0.751580281,0.10684963600000001,0.8460862180000001,True,,,
linear,3.39525,0.7516007245,0.10681712200000001,0.846034861,True,,,
linear,3.396,0.751621168,0.106784608,0.845983504,True,,,
linear,3.39675,0.7516416115,0.106752094,0.845932147,True,,,
linear,3.3975,0.751662055,0.10671958000000001,0.84588079,True,,,
linear,3.39825,0.7516824985,0.10668706600000001,0.845829433,True,,,
linear,3.399,0.751702942,0.10665455200000001,0.845778076,True,,,
linear,3.39975,0.7517233855000001,0.106622038,0.845726719,True,,,
linear,3.4005,0.751743829,0.106589524,0.845675362,True,,,
linear,3.40125,0.7517642725,0.10655701000000001,0.845624005,True,,,
linear,3.402,0.751784716,0.106524496,0.845572648,True,,,
linear,3.40275,0.7518051595,0.106491982,0.845521291,True,,,
linear,3.4035,0.751825603,0.106459468,0.845469934,True,,,
linear,3.40425,0.7518460465,0.10642695399999999,0.845418577,True,,,
linear,3.4050000000000002,0.75186649,0.10639443999999999,0.84536722,True,,,
linear,3.40575,0.7518869335,0.10636192600000001,0.8453158630000001,True,,,
linear,3.4065,0.751907377,0.10632941200000001,0.845264506,True,,,
linear,3.40725,0.7519278205000001,0.10629689800000001,0.845213149,True,,,
linear,3.408,0.751948264,0.10626438400000002,0.845161792,True,,,
linear,3.40875,0.7519687075,0.10623187,0.845110435,True,,,
linear,3.4095,0.751989151,0.10619935600000001,0.845059078,True,,,
linear,3.41025,0.7520095945,0.10616684200000001,0.845007721,True,,,
linear,3.411,0.752030038,0.106134328,0.844956364,True,,,
linear,3.41175,0.7520504815,0.106101814,0.844905007,True,,,
linear,3.4125,0.7520709250000001,0.1060693,0.84485365,True,,,
linear,3.41325,0.7520913685,0.106036786,0.844802293,True,,,
linear,3.414,0.752111812,0.106004272,0.844750936,True,,,
linear,3.41475,0.7521322555000001,0.105971758,0.844699579,True,,,
linear,3.4155,0.752152699,0.105939244,0.844648222,True,,,
linear,3.41625,0.7521731425,0.10590673000000002,0.844596865,True,,,
linear,3.417,0.752193586,0.10587421600000002,0.8445455080000001,True,,,
linear,3.41775,0.7522140295,0.10584170200000001,0.844494151,True,,,
linear,3.4185,0.752234473,0.10580918800000001,0.844442794,True,,,
linear,3.41925,0.7522549165,0.10577667400000001,0.844391437,True,,,
linear,3.42,0.7522753600000001,0.10574416,0.84434008,True,,,
linear,3.42075,0.7522958035,0.105711646,0.844288723,True,,,
linear,3.4215,0.752316247,0.10567913200000001,0.844237366,True,,,
linear,3.42225,0.7523366905,0.105646618,0.844186009,True,,,
linear,3.423,0.752357134,0.105614104,0.844134652,True,,,
linear,3.42375,0.7523775775,0.10558159,0.844083295,True,,,
linear,3.4245,0.752398021,0.105549076,0.844031938,True,,,
linear,3.42525,0.7524184645,0.10551656200000001,0.843980581,True,,,
linear,3.426,0.752438908,0.105484048,0.843929224,True,,,
linear,3.42675,0.7524593515,0.105451534,0.843877867,True,,,
linear,3.4275,0.7524797950000001,0.10541902,0.84382651,True,,,
linear,3.4282500000000002,0.7525002385,0.10538650599999999,0.8437751529999999,True,,,
linear,3.429,0.752520682,0.10535399200000001,0.843723796,True,,,
linear,3.42975,0.7525411255,0.10532147800000001,0.843672439,True,,,
linear,3.4305,0.752561569,0.10528896400000001,0.843621082,True,,,
linear,3.43125,0.7525820125,0.10525645,0.843569725,True,,,
linear,3.432,0.752602456,0.105223936,0.843518368,True,,,
linear,3.43275,0.7526228995,0.105191422,0.843467011,True,,,
linear,3.4335,0.752643343,0.10515890800000001,0.843415654,True,,,
linear,3.43425,0.7526637865,0.10512639400000001,0.843364297,True,,,
linear,3.435,0.7526842300000001,0.10509388,0.84331294,True,,,
linear,3.43575,0.7527046735,0.105061366,0.843261583,True,,,
linear,3.4365,0.752725117,0.105028852,0.843210226,True,,,
linear,3.43725,0.7527455605,0.104996338,0.843158869,True,,,
linear,3.438,0.752766004,0.104963824,0.843107512,True,,,
linear,3.43875,0.7527864475,0.10493131,0.843056155,True,,,
linear,3.4395,0.752806891,0.10489879600000002,0.843004798,True,,,
linear,3.44025,0.7528273345000001,0.10486628200000002,0.842953441,True,,,
linear,3.441,0.752847778,0.10483376800000002,0.842902084,True,,,
linear,3.44175,0.7528682215,0.10480125400000001,0.842850727,True,,,
linear,3.4425,0.752888665,0.10476874000000001,0.84279937,True,,,
linear,3.44325,0.7529091085,0.10473622600000002,0.842748013,True,,,
linear,3.444,0.752929552,0.104703712,0.842696656,True,,,
linear,3.44475,0.7529499955,0.10467119800000001,0.842645299,True,,,
linear,3.4455,0.752970439,0.10463868400000001,0.842593942,True,,,
linear,3.44625,0.7529908825,0.10460617,0.842542585,True,,,
linear,3.447,0.753011326,0.104573656,0.842491228,True,,,
linear,3.44775,0.7530317695000001,0.104541142,0.842439871,True,,,
linear,3.4485,0.753052213,0.10450862799999999,0.842388514,True,,,
linear,3.44925,0.7530726565,0.104476114,0.842337157,True,,,
linear,3.45,0.7530931000000001,0.1044436,0.8422858,True,,,
linear,3.45075,0.7531135435,0.104411086,0.8422344429999999,True,,,
linear,3.4515000000000002,0.753133987,0.104378572,0.842183086,True,,,
linear,3.45225,0.7531544305,0.10434605800000002,0.842131729,True,,,
linear,3.453,0.753174874,0.10431354400000001,0.842080372,True,,,
linear,3.45375,0.7531953175,0.10428103000000001,0.842029015,True,,,
linear,3.4545,0.753215761,0.10424851600000001,0.841977658,True,,,
linear,3.45525,0.7532362045000001,0.104216002,0.841926301,True,,,
linear,3.456,0.753256648,0.104183488,0.841874944,True,,,
linear,3.45675,0.7532770915,0.10415097400000001,0.841823587,True,,,
linear,3.4575,0.753297535,0.10411846000000001,0.84177223,True,,,
linear,3.45825,0.7533179785,0.10408594600000001,0.841720873,True,,,
linear,3.459,0.753338422,0.104053432,0.841669516,True,,,
linear,3.45975,0.7533588655,0.104020918,0.841618159,True,,,
linear,3.4605,0.753379309,0.103988404,0.841566802,True,,,
linear,3.46125,0.7533997525,0.10395589,0.841515445,True,,,
linear,3.462,0.753420196,0.103923376,0.8414640879999999,True,,,
linear,3.4627499999999998,0.7534406395,0.10389086200000001,0.841412731,True,,,
linear,3.4635,0.753461083,0.10385834800000002,0.841361374,True,,,
linear,3.46425,0.7534815265,0.103825834,0.841310017,True,,,
linear,3.465,0.75350197,0.10379332000000001,0.84125866,True,,,
linear,3.46575,0.7535224135,0.10376080600000001,0.841207303,True,,,
linear,3.4665,0.753542857,0.10372829200000001,0.841155946,True,,,
linear,3.46725,0.7535633005,0.10369577800000002,0.841104589,True,,,
linear,3.468,0.753583744,0.103663264,0.841053232,True,,,
linear,3.46875,0.7536041875,0.10363075000000001,0.841001875,True,,,
linear,3.4695,0.753624631,0.10359823600000001,0.840950518,True,,,
linear,3.47025,0.7536450745000001,0.103565722,0.840899161,True,,,
linear,3.471,0.753665518,0.103533208,0.840847804,True,,,
linear,3.47175,0.7536859615,0.103500694,0.840796447,True,,,
linear,3.4725,0.753706405,0.10346817999999999,0.84074509,True,,,
linear,3.47325,0.7537268485,0.103435666,0.8406937329999999,True,,,
linear,3.474,0.753747292,0.103403152,0.840642376,True,,,
linear,3.4747500000000002,0.7537677355,0.103370638,0.840591019,True,,,
linear,3.4755000000000003,0.7537881790000001,0.10333812399999999,0.840539662,True,,,
linear,3.47625,0.7538086225,0.10330561000000002,0.840488305,True,,,
linear,3.477,0.753829066,0.10327309600000001,0.840436948,True,,,
linear,3.47775,0.7538495095,0.10324058200000001,0.840385591,True,,,
linear,3.4785,0.753869953,0.10320806800000001,0.840334234,True,,,
linear,3.47925,0.7538903965,0.103175554,0.840282877,True,,,
linear,3.48,0.75391084,0.10314304,0.84023152,True,,,
linear,3.48075,0.7539312835,0.10311052600000001,0.840180163,True,,,
linear,3.4815,0.753951727,0.103078012,0.840128806,True,,,
linear,3.48225,0.7539721705,0.103045498,0.840077449,True,,,
linear,3.483,0.7539926140000001,0.103012984,0.840026092,True,,,
linear,3.48375,0.7540130575,0.10298047,0.839974735,True,,,
linear,3.4845,0.754033501,0.10294795600000001,0.8399233779999999,True,,,
linear,3.48525,0.7540539445000001,0.102915442,0.839872021,True,,,
linear,3.4859999999999998,0.754074388,0.10288292800000001,0.839820664,True,,,
linear,3.48675,0.7540948315,0.10285041400000001,0.839769307,True,,,
linear,3.4875,0.754115275,0.10281790000000002,0.83971795,True,,,
linear,3.48825,0.7541357185,0.102785386,0.839666593,True,,,
linear,3.489,0.754156162,0.10275287200000001,0.839615236,True,,,
linear,3.48975,0.7541766055,0.10272035800000001,0.839563879,True,,,
linear,3.4905,0.7541970490000001,0.102687844,0.839512522,True,,,
linear,3.49125,0.7542174925,0.10265533,0.839461165,True,,,
linear,3.492,0.754237936,0.102622816,0.839409808,True,,,
linear,3.49275,0.7542583795,0.10259030200000001,0.839358451,True,,,
linear,3.4935,0.754278823,0.10255778800000001,0.839307094,True,,,
linear,3.49425,0.7542992665,0.102525274,0.839255737,True,,,
linear,3.495,0.75431971,0.10249276,0.83920438,True,,,
linear,3.49575,0.7543401535,0.102460246,0.8391530229999999,True,,,
linear,3.4965,0.754360597,0.102427732,0.839101666,True,,,
linear,3.49725,0.7543810405,0.102395218,0.839050309,True,,,
linear,3.498,0.7544014840000001,0.102362704,0.838998952,True,,,
linear,3.4987500000000002,0.7544219275,0.10233018999999999,0.8389475949999999,True,,,
linear,3.4995,0.754442371,0.10229767600000002,0.838896238,True,,,
linear,3.50025,0.7544627255,0.10226921400000001,0.838861768,True,,,
linear,3.501,0.754482902,0.10224885600000001,0.838861072,True,,,
linear,3.50175,0.7545030785,0.10222849800000001,0.838860376,True,,,
linear,3.5025,0.7545232550000001,0.10220814,0.83885968,True,,,
linear,3.50325,0.7545434315,0.102187782,0.838858984,True,,,
linear,3.504,0.754563608,0.102167424,0.838858288,True,,,
linear,3.50475,0.7545837845,0.10214706600000001,0.838857592,True,,,
linear,3.5055,0.754603961,0.10212670800000001,0.838856896,True,,,
linear,3.50625,0.7546241375,0.10210635,0.8388561999999999,True,,,
linear,3.507,0.754644314,0.102085992,0.838855504,True,,,
linear,3.50775,0.7546644905000001,0.102065634,0.838854808,True,,,
linear,3.5085,0.754684667,0.102045276,0.838854112,True,,,
linear,3.5092499999999998,0.7547048435,0.102024918,0.838853416,True,,,
linear,3.51,0.75472502,0.10200456000000001,0.83885272,True,,,
linear,3.51075,0.7547451965,0.10198420200000001,0.838852024,True,,,
linear,3.5115,0.754765373,0.10196384400000001,0.838851328,True,,,
linear,3.51225,0.7547855495,0.10194348600000001,0.838850632,True,,,
linear,3.513,0.7548057260000001,0.101923128,0.838849936,True,,,
linear,3.51375,0.7548259025,0.10190277,0.83884924,True,,,
linear,3.5145,0.754846079,0.101882412,0.838848544,True,,,
linear,3.51525,0.7548662555,0.10186205400000001,0.838847848,True,,,
linear,3.516,0.754886432,0.10184169600000001,0.838847152,True,,,
linear,3.51675,0.7549066085,0.10182133800000001,0.838846456,True,,,
linear,3.5175,0.754926785,0.10180098,0.83884576,True,,,
linear,3.51825,0.7549469615000001,0.101780622,0.838845064,True,,,
linear,3.519,0.754967138,0.101760264,0.838844368,True,,,
linear,3.51975,0.7549873145,0.101739906,0.838843672,True,,,
linear,3.5205,0.755007491,0.101719548,0.838842976,True,,,
linear,3.52125,0.7550276675,0.10169919,0.8388422799999999,True,,,
linear,3.5220000000000002,0.755047844,0.101678832,0.838841584,True,,,
linear,3.5227500000000003,0.7550680205,0.101658474,0.838840888,True,,,
linear,3.5235,0.755088197,0.10163811600000001,0.838840192,True,,,
linear,3.52425,0.7551083735,0.101617758,0.838839496,True,,,
linear,3.525,0.75512855,0.1015974,0.8388388,True,,,
linear,3.52575,0.7551487265,0.101577042,0.838838104,True,,,
linear,3.5265,0.7551689030000001,0.10155668400000001,0.838837408,True,,,
linear,3.52725,0.7551890795,0.10153632600000001,0.838836712,True,,,
linear,3.528,0.755209256,0.10151596800000001,0.838836016,True,,,
linear,3.52875,0.7552294325,0.10149561,0.8388353199999999,True,,,
linear,3.5295,0.755249609,0.101475252,0.838834624,True,,,
linear,3.53025,0.7552697855,0.101454894,0.838833928,True,,,
linear,3.531,0.755289962,0.101434536,0.838833232,True,,,
linear,3.53175,0.7553101385000001,0.10141417800000001,0.838832536,True,,,
linear,3.5324999999999998,0.755330315,0.10139382000000001,0.83883184,True,,,
linear,3.53325,0.7553504915,0.10137346200000001,0.838831144,True,,,
linear,3.534,0.755370668,0.10135310400000001,0.838830448,True,,,
linear,3.53475,0.7553908445,0.10133274600000002,0.838829752,True,,,
linear,3.5355,0.755411021,0.101312388,0.838829056,True,,,
linear,3.53625,0.7554311975,0.10129203,0.83882836,True,,,
linear,3.537,0.7554513740000001,0.10127167200000001,0.838827664,True,,,
linear,3.53775,0.7554715505,0.10125131400000001,0.838826968,True,,,
linear,3.5385,0.755491727,0.10123095600000001,0.838826272,True,,,
linear,3.53925,0.7555119035,0.101210598,0.838825576,True,,,
linear,3.54,0.75553208,0.10119024,0.83882488,True,,,
linear,3.54075,0.7555522565,0.101169882,0.838824184,True,,,
linear,3.5415,0.755572433,0.101149524,0.838823488,True,,,
linear,3.54225,0.7555926095000001,0.101129166,0.838822792,True,,,
linear,3.543,0.755612786,0.10110880800000001,0.838822096,True,,,
linear,3.54375,0.7556329625,0.10108845,0.8388213999999999,True,,,
linear,3.5445,0.755653139,0.101068092,0.838820704,True,,,
linear,3.5452500000000002,0.7556733155,0.101047734,0.838820008,True,,,
linear,3.5460000000000003,0.755693492,0.101027376,0.838819312,True,,,
linear,3.54675,0.7557136685,0.101007018,0.838818616,True,,,
linear,3.5475,0.755733845,0.10098666,0.83881792,True,,,
linear,3.54825,0.7557540215,0.10096630200000001,0.838817224,True,,,
linear,3.549,0.755774198,0.10094594400000001,0.838816528,True,,,
linear,3.54975,0.7557943745,0.10092558600000001,0.838815832,True,,,
linear,3.5505,0.7558145510000001,0.100905228,0.838815136,True,,,
linear,3.55125,0.7558347275,0.10088487,0.8388144399999999,True,,,
linear,3.552,0.755854904,0.100864512,0.838813744,True,,,
linear,3.55275,0.7558750805,0.100844154,0.838813048,True,,,
linear,3.5535,0.755895257,0.10082379600000001,0.838812352,True,,,
linear,3.55425,0.7559154335,0.100803438,0.838811656,True,,,
linear,3.555,0.75593561,0.10078308,0.83881096,True,,,
linear,3.5557499999999997,0.7559557865000001,0.10076272200000001,0.838810264,True,,,
linear,3.5564999999999998,0.755975963,0.10074236400000001,0.838809568,True,,,
linear,3.55725,0.7559961395,0.10072200600000002,0.838808872,True,,,
linear,3.558,0.756016316,0.100701648,0.838808176,True,,,
linear,3.55875,0.7560364925,0.10068129,0.83880748,True,,,
linear,3.5595,0.756056669,0.10066093200000001,0.838806784,True,,,
linear,3.56025,0.7560768455,0.10064057400000001,0.838806088,True,,,
linear,3.561,0.7560970220000001,0.10062021600000001,0.838805392,True,,,
linear,3.56175,0.7561171985,0.100599858,0.838804696,True,,,
linear,3.5625,0.756137375,0.1005795,0.838804,True,,,
linear,3.56325,0.7561575515,0.100559142,0.838803304,True,,,
linear,3.564,0.756177728,0.100538784,0.838802608,True,,,
linear,3.56475,0.7561979045,0.10051842600000001,0.838801912,True,,,
linear,3.5655,0.756218081,0.100498068,0.838801216,True,,,
linear,3.56625,0.7562382575000001,0.10047771,0.8388005199999999,True,,,
linear,3.567,0.756258434,0.100457352,0.838799824,True,,,
linear,3.56775,0.7562786105,0.100436994,0.838799128,True,,,
linear,3.5685000000000002,0.756298787,0.100416636,0.838798432,True,,,
linear,3.5692500000000003,0.7563189635,0.100396278,0.838797736,True,,,
linear,3.5700000000000003,0.75633914,0.10037592,0.83879704,True,,,
linear,3.57075,0.7563593165,0.10035556200000001,0.838796344,True,,,
linear,3.5715,0.756379493,0.10033520400000001,0.838795648,True,,,
linear,3.57225,0.7563996695,0.10031484600000001,0.838794952,True,,,
linear,3.573,0.756419846,0.100294488,0.838794256,True,,,
linear,3.57375,0.7564400225,0.10027413,0.83879356,True,,,
linear,3.5745,0.756460199,0.100253772,0.838792864,True,,,
linear,3.57525,0.7564803755,0.100233414,0.838792168,True,,,
linear,3.576,0.756500552,0.10021305600000001,0.838791472,True,,,
linear,3.57675,0.7565207285,0.100192698,0.838790776,True,,,
linear,3.5775,0.756540905,0.10017234,0.83879008,True,,,
linear,3.57825,0.7565610815,0.100151982,0.838789384,True,,,
linear,3.5789999999999997,0.756581258,0.10013162400000002,0.838788688,True,,,
linear,3.5797499999999998,0.7566014345000001,0.10011126600000002,0.838787992,True,,,
linear,3.5805,0.756621611,0.100090908,0.838787296,True,,,
linear,3.58125,0.7566417875,0.10007055000000001,0.8387866,True,,,
linear,3.582,0.756661964,0.10005019200000001,0.838785904,True,,,
linear,3.58275,0.7566821405,0.10002983400000001,0.838785208,True,,,
linear,3.5835,0.756702317,0.10000947600000001,0.838784512,True,,,
linear,3.58425,0.7567224935,0.099989118,0.838783816,True,,,
linear,3.585,0.7567426700000001,0.09996876,0.83878312,True,,,
linear,3.58575,0.7567628465,0.099948402,0.838782424,True,,,
linear,3.5865,0.756783023,0.09992804400000001,0.838781728,True,,,
linear,3.58725,0.7568031995,0.09990768600000001,0.838781032,True,,,
linear,3.588,0.756823376,0.099887328,0.838780336,True,,,
linear,3.58875,0.7568435525,0.09986697,0.8387796399999999,True,,,
linear,3.5895,0.756863729,0.099846612,0.838778944,True,,,
linear,3.59025,0.7568839055000001,0.099826254,0.838778248,True,,,
linear,3.591,0.756904082,0.099805896,0.838777552,True,,,
linear,3.59175,0.7569242585,0.099785538,0.838776856,True,,,
linear,3.5925000000000002,0.756944435,0.09976518,0.83877616,True,,,
linear,3.5932500000000003,0.7569646115,0.099744822,0.838775464,True,,,
linear,3.594,0.756984788,0.09972446400000001,0.838774768,True,,,
linear,3.59475,0.7570049645,0.09970410600000001,0.838774072,True,,,
linear,3.5955,0.757025141,0.099683748,0.838773376,True,,,
linear,3.59625,0.7570453175,0.09966339,0.83877268,True,,,
linear,3.597,0.757065494,0.099643032,0.838771984,True,,,
linear,3.59775,0.7570856705,0.09962267400000001,0.838771288,True,,,
linear,3.5985,0.757105847,0.09960231600000001,0.838770592,True,,,
linear,3.59925,0.7571260235,0.099581958,0.838769896,True,,,
linear,3.6,0.7571462,0.0995616,0.8387692,True,,,
linear,3.60075,0.7571663765000001,0.099541242,0.838768504,True,,,
linear,3.6015,0.757186553,0.099520884,0.838767808,True,,,
linear,3.60225,0.7572067295,0.099500526,0.838767112,True,,,
linear,3.6029999999999998,0.757226906,0.09948016800000001,0.838766416,True,,,
linear,3.60375,0.7572470825000001,0.09945981000000001,0.83876572,True,,,
linear,3.6045,0.757267259,0.09943945200000001,0.838765024,True,,,
linear,3.60525,0.7572874355,0.09941909400000001,0.838764328,True,,,
linear,3.606,0.757307612,0.09939873600000002,0.838763632,True,,,
linear,3.60675,0.7573277885,0.099378378,0.838762936,True,,,
linear,3.6075,0.757347965,0.09935802,0.83876224,True,,,
linear,3.60825,0.7573681415,0.09933766200000001,0.838761544,True,,,
linear,3.609,0.7573883180000001,0.09931730400000001,0.838760848,True,,,
linear,3.60975,0.7574084945,0.09929694600000001,0.838760152,True,,,
linear,3.6105,0.757428671,0.099276588,0.838759456,True,,,
linear,3.61125,0.7574488475,0.09925623,0.8387587599999999,True,,,
linear,3.612,0.757469024,0.099235872,0.838758064,True,,,
linear,3.61275,0.7574892005,0.099215514,0.838757368,True,,,
linear,3.6135,0.757509377,0.099195156,0.838756672,True,,,
linear,3.61425,0.7575295535000001,0.099174798,0.838755976,True,,,
linear,3.615,0.75754973,0.09915444,0.83875528,True,,,
linear,3.6157500000000002,0.7575699065,0.099134082,0.838754584,True,,,
linear,3.6165000000000003,0.757590083,0.099113724,0.838753888,True,,,
linear,3.61725,0.7576102595,0.09909336600000002,0.838753192,True,,,
linear,3.618,0.757630436,0.099073008,0.838752496,True,,,
linear,3.61875,0.7576506125,0.09905265,0.8387518,True,,,
linear,3.6195,0.7576707890000001,0.09903229200000001,0.838751104,True,,,
linear,3.62025,0.7576909655,0.09901193400000001,0.838750408,True,,,
linear,3.621,0.757711142,0.09899157600000001,0.838749712,True,,,
linear,3.62175,0.7577313185,0.098971218,0.838749016,True,,,
linear,3.6225,0.757751495,0.09895086,0.83874832,True,,,
linear,3.62325,0.7577716715,0.098930502,0.838747624,True,,,
linear,3.624,0.757791848,0.098910144,0.838746928,True,,,
linear,3.62475,0.7578120245000001,0.09888978600000001,0.838746232,True,,,
linear,3.6255,0.757832201,0.098869428,0.838745536,True,,,
linear,3.6262499999999998,0.7578523775,0.09884907000000001,0.83874484,True,,,
linear,3.627,0.757872554,0.09882871200000001,0.838744144,True,,,
linear,3.62775,0.7578927305000001,0.09880835400000001,0.838743448,True,,,
linear,3.6285,0.757912907,0.09878799600000002,0.838742752,True,,,
linear,3.62925,0.7579330835,0.098767638,0.838742056,True,,,
linear,3.63,0.75795326,0.09874728,0.83874136,True,,,
linear,3.63075,0.7579734365,0.09872692200000001,0.838740664,True,,,
linear,3.6315,0.757993613,0.09870656400000001,0.838739968,True,,,
linear,3.63225,0.7580137895,0.09868620600000001,0.838739272,True,,,
linear,3.633,0.7580339660000001,0.098665848,0.838738576,True,,,
linear,3.63375,0.7580541425,0.09864549,0.8387378799999999,True,,,
linear,3.6345,0.758074319,0.098625132,0.838737184,True,,,
linear,3.63525,0.7580944955,0.098604774,0.838736488,True,,,
linear,3.636,0.758114672,0.09858441600000001,0.838735792,True,,,
linear,3.63675,0.7581348485,0.098564058,0.838735096,True,,,
linear,3.6375,0.758155025,0.0985437,0.8387344,True,,,
linear,3.63825,0.7581752015000001,0.098523342,0.838733704,True,,,
linear,3.6390000000000002,0.758195378,0.098502984,0.838733008,True,,,
linear,3.6397500000000003,0.7582155545,0.098482626,0.838732312,True,,,
linear,3.6405,0.758235731,0.098462268,0.838731616,True,,,
linear,3.64125,0.7582559075,0.09844191000000001,0.83873092,True,,,
linear,3.642,0.758276084,0.09842155200000001,0.838730224,True,,,
linear,3.64275,0.7582962605,0.09840119400000001,0.838729528,True,,,
linear,3.6435,0.7583164370000001,0.09838083600000001,0.838728832,True,,,
linear,3.64425,0.7583366135,0.098360478,0.838728136,True,,,
linear,3.645,0.75835679,0.09834012,0.83872744,True,,,
linear,3.64575,0.7583769665,0.098319762,0.838726744,True,,,
linear,3.6465,0.758397143,0.098299404,0.838726048,True,,,
linear,3.64725,0.7584173195,0.09827904600000001,0.838725352,True,,,
linear,3.648,0.758437496,0.098258688,0.838724656,True,,,
linear,3.64875,0.7584576725000001,0.09823833,0.8387239599999999,True,,,
linear,3.6494999999999997,0.758477849,0.09821797200000001,0.838723264,True,,,
linear,3.6502499999999998,0.7584980255,0.09819761400000002,0.838722568,True,,,
linear,3.651,0.758518202,0.09817725600000002,0.838721872,True,,,
linear,3.65175,0.7585383785,0.098156898,0.838721176,True,,,
linear,3.6525,0.758558555,0.09813654000000001,0.83872048,True,,,
linear,3.65325,0.7585787315,0.09811618200000001,0.838719784,True,,,
linear,3.654,0.758598908,0.09809582400000001,0.838719088,True,,,
linear,3.65475,0.7586190845,0.098075466,0.838718392,True,,,
linear,3.6555,0.758639261,0.098055108,0.838717696,True,,,
linear,3.65625,0.7586594375,0.09803475,0.8387169999999999,True,,,
linear,3.657,0.7586796140000001,0.098014392,0.838716304,True,,,
linear,3.65775,0.7586997905,0.09799403400000001,0.838715608,True,,,
linear,3.6585,0.758719967,0.09797367600000001,0.838714912,True,,,
linear,3.65925,0.7587401435,0.097953318,0.838714216,True,,,
linear,3.66,0.75876032,0.09793296,0.83871352,True,,,
linear,3.66075,0.7587804965,0.097912602,0.838712824,True,,,
linear,3.6615,0.758800673,0.097892244,0.838712128,True,,,
linear,3.6622500000000002,0.7588208495000001,0.097871886,0.838711432,True,,,
linear,3.6630000000000003,0.758841026,0.097851528,0.838710736,True,,,
linear,3.6637500000000003,0.7588612025,0.09783117,0.8387100399999999,True,,,
linear,3.6645,0.758881379,0.09781081200000001,0.838709344,True,,,
linear,3.66525,0.7589015555,0.09779045400000001,0.838708648,True,,,
linear,3.666,0.758921732,0.097770096,0.838707952,True,,,
linear,3.66675,0.7589419085,0.097749738,0.838707256,True,,,
linear,3.6675,0.7589620850000001,0.09772938,0.83870656,True,,,
linear,3.66825,0.7589822615,0.097709022,0.838705864,True,,,
linear,3.669,0.759002438,0.09768866400000001,0.838705168,True,,,
linear,3.66975,0.7590226145,0.09766830600000001,0.838704472,True,,,
linear,3.6705,0.759042791,0.097647948,0.838703776,True,,,
linear,3.67125,0.7590629675,0.09762759,0.8387030799999999,True,,,
linear,3.672,0.759083144,0.097607232,0.838702384,True,,,
linear,3.6727499999999997,0.7591033205,0.09758687400000002,0.838701688,True,,,
linear,3.6734999999999998,0.759123497,0.097566516,0.838700992,True,,,
linear,3.67425,0.7591436735,0.09754615800000001,0.838700296,True,,,
linear,3.675,0.75916385,0.09752580000000001,0.8386996,True,,,
linear,3.67575,0.7591840265,0.09750544200000001,0.838698904,True,,,
linear,3.6765,0.759204203,0.09748508400000001,0.838698208,True,,,
linear,3.67725,0.7592243795,0.097464726,0.838697512,True,,,
linear,3.678,0.759244556,0.097444368,0.838696816,True,,,
linear,3.67875,0.7592647325,0.09742401,0.83869612,True,,,
linear,3.6795,0.759284909,0.09740365200000001,0.838695424,True,,,
linear,3.68025,0.7593050855,0.09738329400000001,0.838694728,True,,,
linear,3.681,0.7593252620000001,0.09736293600000001,0.838694032,True,,,
linear,3.68175,0.7593454385,0.097342578,0.838693336,True,,,
linear,3.6825,0.759365615,0.09732222,0.83869264,True,,,
linear,3.68325,0.7593857915,0.097301862,0.838691944,True,,,
linear,3.684,0.759405968,0.097281504,0.838691248,True,,,
linear,3.68475,0.7594261445,0.097261146,0.838690552,True,,,
linear,3.6855,0.759446321,0.097240788,0.838689856,True,,,
linear,3.6862500000000002,0.7594664975000001,0.09722043,0.8386891599999999,True,,,
linear,3.6870000000000003,0.759486674,0.097200072,0.838688464,True,,,
linear,3.68775,0.7595068505,0.09717971400000001,0.838687768,True,,,
linear,3.6885,0.759527027,0.097159356,0.838687072,True,,,
linear,3.68925,0.7595472035,0.097138998,0.838686376,True,,,
linear,3.69,0.75956738,0.09711864,0.83868568,True,,,
linear,3.69075,0.7595875565,0.09709828200000001,0.838684984,True,,,
linear,3.6915,0.7596077330000001,0.09707792400000001,0.838684288,True,,,
linear,3.69225,0.7596279095,0.09705756600000001,0.838683592,True,,,
linear,3.693,0.759648086,0.097037208,0.838682896,True,,,
linear,3.69375,0.7596682625,0.09701685,0.8386821999999999,True,,,
linear,3.6945,0.759688439,0.096996492,0.838681504,True,,,
linear,3.69525,0.7597086155,0.096976134,0.838680808,True,,,
linear,3.696,0.759728792,0.096955776,0.838680112,True,,,
linear,3.6967499999999998,0.7597489685,0.09693541800000001,0.838679416,True,,,
linear,3.6975,0.759769145,0.09691506000000001,0.83867872,True,,,
linear,3.69825,0.7597893215,0.09689470200000001,0.838678024,True,,,
linear,3.699,0.759809498,0.09687434400000001,0.8386773279999999,True,,,
linear,3.69975,0.7598296745,0.096853986,0.838676632,True,,,
linear,3.7005,0.759849851,0.096833628,0.838675936,True,,,
linear,3.70125,0.7598700275,0.09681327,0.83867524,True,,,
linear,3.702,0.759890204,0.09679291200000001,0.838674544,True,,,
linear,3.70275,0.7599103805,0.09677255400000001,0.838673848,True,,,
linear,3.7035,0.759930557,0.096752196,0.838673152,True,,,
linear,3.70425,0.7599507335,0.096731838,0.838672456,True,,,
linear,3.705,0.75997091,0.09671148,0.83867176,True,,,
linear,3.70575,0.7599910865,0.096691122,0.838671064,True,,,
linear,3.7065,0.760011263,0.096670764,0.8386703679999999,True,,,
linear,3.70725,0.7600314395,0.096650406,0.838669672,True,,,
linear,3.708,0.760051616,0.096630048,0.838668976,True,,,
linear,3.70875,0.7600717925,0.09660969,0.8386682799999999,True,,,
linear,3.7095000000000002,0.760091969,0.096589332,0.838667584,True,,,
linear,3.7102500000000003,0.7601121455000001,0.096568974,0.838666888,True,,,
linear,3.711,0.760132322,0.096548616,0.838666192,True,,,
linear,3.71175,0.7601524985,0.096528258,0.838665496,True,,,
linear,3.7125,0.760172675,0.09650790000000001,0.8386648,True,,,
linear,3.71325,0.7601928515,0.09648754200000001,0.838664104,True,,,
linear,3.714,0.760213028,0.09646718400000001,0.8386634079999999,True,,,
linear,3.71475,0.7602332045,0.096446826,0.838662712,True,,,
linear,3.7155,0.7602533810000001,0.096426468,0.838662016,True,,,
linear,3.71625,0.7602735575,0.09640611,0.8386613199999999,True,,,
linear,3.717,0.760293734,0.096385752,0.838660624,True,,,
linear,3.71775,0.7603139105,0.09636539400000001,0.838659928,True,,,
linear,3.7185,0.760334087,0.096345036,0.838659232,True,,,
linear,3.71925,0.7603542635,0.096324678,0.838658536,True,,,
linear,3.7199999999999998,0.76037444,0.09630432000000001,0.83865784,True,,,
linear,3.72075,0.7603946165,0.09628396200000001,0.838657144,True,,,
linear,3.7215,0.760414793,0.09626360400000002,0.8386564479999999,True,,,
linear,3.72225,0.7604349695,0.096243246,0.838655752,True,,,
linear,3.723,0.760455146,0.096222888,0.838655056,True,,,
linear,3.72375,0.7604753225,0.09620253000000001,0.83865436,True,,,
linear,3.7245,0.760495499,0.09618217200000001,0.838653664,True,,,
linear,3.72525,0.7605156755,0.09616181400000001,0.838652968,True,,,
linear,3.726,0.760535852,0.096141456,0.838652272,True,,,
linear,3.72675,0.7605560285,0.096121098,0.838651576,True,,,
linear,3.7275,0.760576205,0.09610074,0.83865088,True,,,
linear,3.72825,0.7605963815,0.096080382,0.838650184,True,,,
linear,3.729,0.760616558,0.09606002400000001,0.8386494879999999,True,,,
linear,3.72975,0.7606367345,0.096039666,0.838648792,True,,,
linear,3.7305,0.760656911,0.096019308,0.838648096,True,,,
linear,3.73125,0.7606770875000001,0.09599895,0.8386473999999999,True,,,
linear,3.732,0.760697264,0.095978592,0.838646704,True,,,
linear,3.7327500000000002,0.7607174405,0.095958234,0.838646008,True,,,
linear,3.7335000000000003,0.760737617,0.095937876,0.838645312,True,,,
linear,3.7342500000000003,0.7607577935000001,0.095917518,0.838644616,True,,,
linear,3.735,0.76077797,0.09589716000000001,0.83864392,True,,,
linear,3.73575,0.7607981465,0.09587680200000001,0.838643224,True,,,
linear,3.7365,0.760818323,0.09585644400000001,0.8386425279999999,True,,,
linear,3.73725,0.7608384995,0.095836086,0.838641832,True,,,
linear,3.738,0.760858676,0.095815728,0.838641136,True,,,
linear,3.73875,0.7608788525,0.09579537,0.8386404399999999,True,,,
linear,3.7395,0.7608990290000001,0.095775012,0.838639744,True,,,
linear,3.74025,0.7609192055,0.09575465400000001,0.838639048,True,,,
linear,3.741,0.760939382,0.095734296,0.838638352,True,,,
linear,3.74175,0.7609595585,0.095713938,0.838637656,True,,,
linear,3.7425,0.760979735,0.09569358,0.83863696,True,,,
linear,3.7432499999999997,0.7609999115,0.09567322200000002,0.838636264,True,,,
linear,3.7439999999999998,0.761020088,0.09565286400000002,0.8386355679999999,True,,,
linear,3.74475,0.7610402645,0.095632506,0.838634872,True,,,
linear,3.7455,0.761060441,0.09561214800000001,0.838634176,True,,,
linear,3.74625,0.7610806175,0.09559179000000001,0.83863348,True,,,
linear,3.747,0.761100794,0.09557143200000001,0.838632784,True,,,
linear,3.74775,0.7611209705,0.09555107400000001,0.838632088,True,,,
linear,3.7485,0.761141147,0.095530716,0.838631392,True,,,
linear,3.74925,0.7611613235,0.095510358,0.838630696,True,,,
linear,3.75,0.7611815,0.09549,0.83863,True,,,
linear,3.75075,0.7612016765,0.09546964200000001,0.838629304,True,,,
linear,3.7515,0.761221853,0.09544928400000001,0.8386286079999999,True,,,
linear,3.75225,0.7612420295,0.095428926,0.838627912,True,,,
linear,3.753,0.761262206,0.095408568,0.838627216,True,,,
linear,3.75375,0.7612823825,0.09538821,0.8386265199999999,True,,,
linear,3.7545,0.761302559,0.095367852,0.838625824,True,,,
linear,3.75525,0.7613227355000001,0.095347494,0.838625128,True,,,
linear,3.7560000000000002,0.761342912,0.09532713599999999,0.838624432,True,,,
linear,3.7567500000000003,0.7613630885,0.095306778,0.838623736,True,,,
linear,3.7575000000000003,0.761383265,0.09528642,0.83862304,True,,,
linear,3.75825,0.7614034415000001,0.09526606200000001,0.838622344,True,,,
linear,3.759,0.761423618,0.09524570400000001,0.8386216479999999,True,,,
linear,3.75975,0.7614437945,0.095225346,0.838620952,True,,,
linear,3.7605,0.761463971,0.095204988,0.838620256,True,,,
linear,3.76125,0.7614841475,0.09518463,0.83861956,True,,,
linear,3.762,0.761504324,0.09516427200000001,0.838618864,True,,,
linear,3.76275,0.7615245005,0.09514391400000001,0.838618168,True,,,
linear,3.7635,0.7615446770000001,0.095123556,0.838617472,True,,,
linear,3.76425,0.7615648535,0.095103198,0.838616776,True,,,
linear,3.765,0.76158503,0.09508284,0.83861608,True,,,
linear,3.76575,0.7616052065,0.095062482,0.838615384,True,,,
linear,3.7665,0.761625383,0.095042124,0.8386146879999999,True,,,
linear,3.7672499999999998,0.7616455595,0.09502176600000001,0.838613992,True,,,
linear,3.768,0.761665736,0.09500140800000001,0.838613296,True,,,
linear,3.76875,0.7616859125,0.09498105000000001,0.8386126,True,,,
linear,3.7695,0.761706089,0.09496069200000001,0.838611904,True,,,
linear,3.77025,0.7617262655,0.09494033400000002,0.838611208,True,,,
linear,3.771,0.761746442,0.094919976,0.838610512,True,,,
linear,3.77175,0.7617666185,0.094899618,0.838609816,True,,,
linear,3.7725,0.761786795,0.09487926,0.83860912,True,,,
linear,3.77325,0.7618069715,0.09485890200000001,0.838608424,True,,,
linear,3.774,0.7618271480000001,0.09483854400000001,0.8386077279999999,True,,,
linear,3.77475,0.7618473245,0.094818186,0.838607032,True,,,
linear,3.7755,0.761867501,0.094797828,0.838606336,True,,,
linear,3.77625,0.7618876775,0.09477747,0.8386056399999999,True,,,
linear,3.777,0.761907854,0.094757112,0.838604944,True,,,
linear,3.77775,0.7619280305,0.094736754,0.838604248,True,,,
linear,3.7785,0.761948207,0.094716396,0.838603552,True,,,
linear,3.77925,0.7619683835000001,0.094696038,0.838602856,True,,,
linear,3.7800000000000002,0.76198856,0.09467568,0.83860216,True,,,
linear,3.7807500000000003,0.7620087365,0.094655322,0.838601464,True,,,
linear,3.7815,0.762028913,0.09463496400000002,0.8386007679999999,True,,,
linear,3.78225,0.7620490895,0.094614606,0.838600072,True,,,
linear,3.783,0.762069266,0.094594248,0.838599376,True,,,
linear,3.78375,0.7620894425,0.09457389000000001,0.83859868,True,,,
linear,3.7845,0.762109619,0.09455353200000001,0.838597984,True,,,
linear,3.78525,0.7621297955,0.09453317400000001,0.838597288,True,,,
linear,3.786,0.762149972,0.094512816,0.838596592,True,,,
linear,3.78675,0.7621701485,0.094492458,0.838595896,True,,,
linear,3.7875,0.7621903250000001,0.0944721,0.8385952,True,,,
linear,3.78825,0.7622105015,0.094451742,0.838594504,True,,,
linear,3.789,0.762230678,0.09443138400000001,0.8385938079999999,True,,,
linear,3.78975,0.7622508545,0.094411026,0.838593112,True,,,
linear,3.7904999999999998,0.762271031,0.09439066800000001,0.838592416,True,,,
linear,3.79125,0.7622912075,0.09437031000000001,0.83859172,True,,,
linear,3.792,0.762311384,0.09434995200000001,0.838591024,True,,,
linear,3.79275,0.7623315605000001,0.09432959400000002,0.838590328,True,,,
linear,3.7935,0.762351737,0.094309236,0.838589632,True,,,
linear,3.79425,0.7623719135,0.094288878,0.838588936,True,,,
linear,3.795,0.76239209,0.09426852000000001,0.83858824,True,,,
linear,3.79575,0.7624122665,0.09424816200000001,0.838587544,True,,,
linear,3.7965,0.762432443,0.094227804,0.8385868479999999,True,,,
linear,3.79725,0.7624526195,0.094207446,0.838586152,True,,,
linear,3.798,0.7624727960000001,0.094187088,0.838585456,True,,,
linear,3.79875,0.7624929725,0.09416673,0.8385847599999999,True,,,
linear,3.7995,0.762513149,0.094146372,0.838584064,True,,,
linear,3.80025,0.7625333255,0.09412601400000001,0.838583368,True,,,
linear,3.801,0.762553502,0.094105656,0.838582672,True,,,
linear,3.80175,0.7625736785,0.094085298,0.838581976,True,,,
linear,3.8025,0.762593855,0.09406494,0.83858128,True,,,
linear,3.8032500000000002,0.7626140315000001,0.094044582,0.838580584,True,,,
linear,3.8040000000000003,0.762634208,0.094024224,0.8385798879999999,True,,,
linear,3.80475,0.7626543845,0.094003866,0.838579192,True,,,
linear,3.8055,0.762674561,0.09398350800000001,0.838578496,True,,,
linear,3.80625,0.7626947375,0.09396315000000001,0.8385778,True,,,
linear,3.807,0.762714914,0.09394279200000001,0.838577104,True,,,
linear,3.80775,0.7627350905,0.093922434,0.838576408,True,,,
linear,3.8085,0.762755267,0.093902076,0.838575712,True,,,
linear,3.80925,0.7627754435,0.093881718,0.838575016,True,,,
linear,3.81,0.76279562,0.09386136,0.83857432,True,,,
linear,3.81075,0.7628157965,0.093841002,0.838573624,True,,,
linear,3.8115,0.7628359730000001,0.09382064400000001,0.8385729279999999,True,,,
linear,3.81225,0.7628561495,0.093800286,0.838572232,True,,,
linear,3.813,0.762876326,0.093779928,0.838571536,True,,,
linear,3.8137499999999998,0.7628965025,0.09375957000000001,0.83857084,True,,,
linear,3.8145,0.762916679,0.09373921200000002,0.838570144,True,,,
linear,3.81525,0.7629368555,0.09371885400000002,0.838569448,True,,,
linear,3.816,0.762957032,0.093698496,0.838568752,True,,,
linear,3.81675,0.7629772085000001,0.09367813800000001,0.838568056,True,,,
linear,3.8175,0.762997385,0.09365778000000001,0.83856736,True,,,
linear,3.81825,0.7630175615,0.09363742200000001,0.838566664,True,,,
linear,3.819,0.763037738,0.093617064,0.8385659679999999,True,,,
linear,3.81975,0.7630579145,0.093596706,0.838565272,True,,,
linear,3.8205,0.763078091,0.093576348,0.838564576,True,,,
linear,3.82125,0.7630982675,0.09355599,0.8385638799999999,True,,,
linear,3.822,0.7631184440000001,0.09353563200000001,0.838563184,True,,,
linear,3.82275,0.7631386205,0.09351527400000001,0.838562488,True,,,
linear,3.8235,0.763158797,0.093494916,0.838561792,True,,,
linear,3.82425,0.7631789735,0.093474558,0.838561096,True,,,
linear,3.825,0.76319915,0.0934542,0.8385604,True,,,
linear,3.82575,0.7632193265,0.093433842,0.838559704,True,,,
linear,3.8265000000000002,0.763239503,0.093413484,0.8385590079999999,True,,,
linear,3.8272500000000003,0.7632596795000001,0.09339312599999999,0.838558312,True,,,
linear,3.8280000000000003,0.763279856,0.093372768,0.838557616,True,,,
linear,3.82875,0.7633000325,0.09335241000000001,0.83855692,True,,,
linear,3.8295,0.763320209,0.09333205200000001,0.838556224,True,,,
linear,3.83025,0.7633403855,0.093311694,0.838555528,True,,,
linear,3.831,0.763360562,0.093291336,0.838554832,True,,,
linear,3.83175,0.7633807385,0.093270978,0.838554136,True,,,
linear,3.8325,0.763400915,0.09325062,0.83855344,True,,,
linear,3.83325,0.7634210915,0.09323026200000001,0.838552744,True,,,
linear,3.834,0.763441268,0.09320990400000001,0.8385520479999999,True,,,
linear,3.83475,0.7634614445,0.093189546,0.838551352,True,,,
linear,3.8355,0.763481621,0.093169188,0.838550656,True,,,
linear,3.83625,0.7635017975,0.09314883,0.8385499599999999,True,,,
linear,3.8369999999999997,0.763521974,0.09312847200000002,0.838549264,True,,,
linear,3.8377499999999998,0.7635421505,0.093108114,0.838548568,True,,,
linear,3.8385,0.763562327,0.09308775600000001,0.838547872,True,,,
linear,3.83925,0.7635825035,0.09306739800000001,0.838547176,True,,,
linear,3.84,0.76360268,0.09304704000000001,0.83854648,True,,,
linear,3.84075,0.7636228565000001,0.09302668200000001,0.838545784,True,,,
linear,3.8415,0.763643033,0.093006324,0.8385450879999999,True,,,
linear,3.84225,0.7636632095,0.092985966,0.838544392,True,,,
linear,3.843,0.763683386,0.092965608,0.838543696,True,,,
linear,3.84375,0.7637035625,0.09294525000000001,0.838543,True,,,
linear,3.8445,0.763723739,0.09292489200000001,0.838542304,True,,,
linear,3.84525,0.7637439155,0.09290453400000001,0.838541608,True,,,
linear,3.846,0.7637640920000001,0.092884176,0.838540912,True,,,
linear,3.84675,0.7637842685,0.092863818,0.838540216,True,,,
linear,3.8475,0.763804445,0.09284346,0.83853952,True,,,
linear,3.84825,0.7638246215,0.092823102,0.838538824,True,,,
linear,3.849,0.763844798,0.09280274399999999,0.8385381279999999,True,,,
linear,3.8497500000000002,0.7638649745,0.092782386,0.838537432,True,,,
linear,3.8505000000000003,0.763885151,0.092762028,0.838536736,True,,,
linear,3.8512500000000003,0.7639053275000001,0.09274167,0.8385360399999999,True,,,
linear,3.852,0.763925504,0.09272131200000001,0.838535344,True,,,
linear,3.85275,0.7639456805,0.092700954,0.838534648,True,,,
linear,3.8535,0.763965857,0.092680596,0.838533952,True,,,
linear,3.85425,0.7639860335,0.092660238,0.838533256,True,,,
linear,3.855,0.76400621,0.09263988000000001,0.83853256,True,,,
linear,3.85575,0.7640263865,0.09261952200000001,0.838531864,True,,,
linear,3.8565,0.764046563,0.09259916400000001,0.8385311679999999,True,,,
linear,3.85725,0.7640667395,0.092578806,0.838530472,True,,,
linear,3.858,0.764086916,0.092558448,0.838529776,True,,,
linear,3.85875,0.7641070925,0.09253809,0.8385290799999999,True,,,
linear,3.8595,0.764127269,0.092517732,0.838528384,True,,,
linear,3.86025,0.7641474455,0.092497374,0.838527688,True,,,
linear,3.8609999999999998,0.764167622,0.09247701600000001,0.838526992,True,,,
linear,3.86175,0.7641877985,0.09245665800000001,0.838526296,True,,,
linear,3.8625,0.764207975,0.09243630000000001,0.8385256,True,,,
linear,3.86325,0.7642281515,0.09241594200000001,0.838524904,True,,,
linear,3.864,0.764248328,0.092395584,0.8385242079999999,True,,,
linear,3.86475,0.7642685045000001,0.092375226,0.838523512,True,,,
linear,3.8655,0.764288681,0.092354868,0.838522816,True,,,
linear,3.86625,0.7643088575,0.09233451000000001,0.83852212,True,,,
linear,3.867,0.764329034,0.09231415200000001,0.838521424,True,,,
linear,3.86775,0.7643492105,0.09229379400000001,0.838520728,True,,,
linear,3.8685,0.764369387,0.092273436,0.838520032,True,,,
linear,3.86925,0.7643895635,0.092253078,0.838519336,True,,,
linear,3.87,0.7644097400000001,0.09223272,0.83851864,True,,,
linear,3.87075,0.7644299165,0.092212362,0.838517944,True,,,
linear,3.8715,0.764450093,0.092192004,0.8385172479999999,True,,,
linear,3.87225,0.7644702695,0.092171646,0.838516552,True,,,
linear,3.873,0.764490446,0.092151288,0.838515856,True,,,
linear,3.8737500000000002,0.7645106225,0.09213093,0.8385151599999999,True,,,
linear,3.8745000000000003,0.764530799,0.092110572,0.838514464,True,,,
linear,3.87525,0.7645509755,0.092090214,0.838513768,True,,,
linear,3.876,0.764571152,0.092069856,0.838513072,True,,,
linear,3.87675,0.7645913285,0.09204949800000001,0.838512376,True,,,
linear,3.8775,0.764611505,0.09202914000000001,0.83851168,True,,,
linear,3.87825,0.7646316815,0.09200878200000001,0.838510984,True,,,
linear,3.879,0.764651858,0.091988424,0.8385102879999999,True,,,
linear,3.87975,0.7646720345,0.091968066,0.838509592,True,,,
linear,3.8805,0.7646922110000001,0.091947708,0.838508896,True,,,
linear,3.88125,0.7647123875,0.09192735,0.8385081999999999,True,,,
linear,3.882,0.764732564,0.091906992,0.838507504,True,,,
linear,3.88275,0.7647527405,0.091886634,0.838506808,True,,,
linear,3.8835,0.764772917,0.091866276,0.838506112,True,,,
linear,3.8842499999999998,0.7647930935,0.09184591800000001,0.838505416,True,,,
linear,3.885,0.76481327,0.09182556000000001,0.83850472,True,,,
linear,3.88575,0.7648334465,0.09180520200000002,0.838504024,True,,,
linear,3.8865,0.764853623,0.091784844,0.8385033279999999,True,,,
linear,3.88725,0.7648737995,0.091764486,0.838502632,True,,,
linear,3.888,0.764893976,0.09174412800000001,0.838501936,True,,,
linear,3.88875,0.7649141525,0.09172377000000001,0.83850124,True,,,
linear,3.8895,0.764934329,0.09170341200000001,0.838500544,True,,,
linear,3.89025,0.7649545055,0.091683054,0.838499848,True,,,
linear,3.891,0.764974682,0.091662696,0.838499152,True,,,
linear,3.89175,0.7649948585,0.091642338,0.838498456,True,,,
linear,3.8925,0.765015035,0.09162198,0.83849776,True,,,
linear,3.89325,0.7650352115,0.09160162200000001,0.838497064,True,,,
linear,3.894,0.7650553880000001,0.091581264,0.8384963679999999,True,,,
linear,3.89475,0.7650755645,0.091560906,0.838495672,True,,,
linear,3.8955,0.765095741,0.091540548,0.838494976,True,,,
linear,3.89625,0.7651159175,0.09152019,0.8384942799999999,True,,,
linear,3.8970000000000002,0.765136094,0.091499832,0.838493584,True,,,
linear,3.8977500000000003,0.7651562705,0.091479474,0.838492888,True,,,
linear,3.8985,0.765176447,0.09145911600000001,0.838492192,True,,,
linear,3.89925,0.7651966235,0.09143875800000001,0.838491496,True,,,
linear,3.9,0.7652168,0.09141840000000001,0.8384908,True,,,
linear,3.90075,0.7652369765,0.09139804200000001,0.838490104,True,,,
linear,3.9015,0.765257153,0.091377684,0.8384894079999999,True,,,
linear,3.90225,0.7652773295,0.091357326,0.838488712,True,,,
linear,3.903,0.765297506,0.091336968,0.838488016,True,,,
linear,3.90375,0.7653176825,0.09131661,0.8384873199999999,True,,,
linear,3.9045,0.7653378590000001,0.09129625200000001,0.838486624,True,,,
linear,3.90525,0.7653580355,0.091275894,0.838485928,True,,,
linear,3.906,0.765378212,0.091255536,0.838485232,True,,,
linear,3.90675,0.7653983885,0.091235178,0.838484536,True,,,
linear,3.9074999999999998,0.765418565,0.09121482000000002,0.83848384,True,,,
linear,3.90825,0.7654387415,0.091194462,0.838483144,True,,,
linear,3.909,0.765458918,0.091174104,0.8384824479999999,True,,,
linear,3.90975,0.7654790945,0.09115374600000001,0.838481752,True,,,
linear,3.9105,0.765499271,0.09113338800000001,0.838481056,True,,,
linear,3.91125,0.7655194475,0.09111303000000001,0.83848036,True,,,
linear,3.912,0.765539624,0.09109267200000001,0.838479664,True,,,
linear,3.91275,0.7655598005,0.091072314,0.838478968,True,,,
linear,3.9135,0.765579977,0.091051956,0.838478272,True,,,
linear,3.91425,0.7656001535,0.091031598,0.838477576,True,,,
linear,3.915,0.76562033,0.09101124000000001,0.83847688,True,,,
linear,3.91575,0.7656405065,0.09099088200000001,0.838476184,True,,,
linear,3.9165,0.765660683,0.090970524,0.8384754879999999,True,,,
linear,3.91725,0.7656808595,0.090950166,0.838474792,True,,,
linear,3.918,0.7657010360000001,0.090929808,0.838474096,True,,,
linear,3.91875,0.7657212125,0.09090945,0.8384733999999999,True,,,
linear,3.9195,0.765741389,0.090889092,0.838472704,True,,,
linear,3.9202500000000002,0.7657615655,0.090868734,0.838472008,True,,,
linear,3.9210000000000003,0.765781742,0.090848376,0.838471312,True,,,
linear,3.9217500000000003,0.7658019185,0.090828018,0.838470616,True,,,
linear,3.9225,0.765822095,0.09080766000000001,0.83846992,True,,,
linear,3.92325,0.7658422715,0.09078730200000001,0.838469224,True,,,
linear,3.924,0.765862448,0.090766944,0.8384685279999999,True,,,
linear,3.92475,0.7658826245,0.090746586,0.838467832,True,,,
linear,3.9255,0.765902801,0.090726228,0.838467136,True,,,
linear,3.92625,0.7659229775,0.09070587000000001,0.8384664399999999,True,,,
linear,3.927,0.765943154,0.09068551200000001,0.838465744,True,,,
linear,3.92775,0.7659633305,0.090665154,0.838465048,True,,,
linear,3.9285,0.7659835070000001,0.090644796,0.838464352,True,,,
linear,3.92925,0.7660036835,0.090624438,0.838463656,True,,,
linear,3.93,0.76602386,0.09060408,0.83846296,True,,,
linear,3.9307499999999997,0.7660440365,0.090583722,0.838462264,True,,,
linear,3.9314999999999998,0.766064213,0.09056336400000001,0.8384615679999999,True,,,
linear,3.93225,0.7660843895,0.09054300600000001,0.838460872,True,,,
linear,3.933,0.766104566,0.09052264800000001,0.838460176,True,,,
linear,3.93375,0.7661247425,0.09050229000000001,0.83845948,True,,,
linear,3.9345,0.766144919,0.09048193200000001,0.838458784,True,,,
linear,3.93525,0.7661650955,0.090461574,0.838458088,True,,,
linear,3.936,0.766185272,0.090441216,0.838457392,True,,,
linear,3.93675,0.7662054485,0.090420858,0.838456696,True,,,
linear,3.9375,0.766225625,0.09040050000000001,0.838456,True,,,
linear,3.93825,0.7662458015,0.090380142,0.838455304,True,,,
linear,3.939,0.766265978,0.090359784,0.8384546079999999,True,,,
linear,3.93975,0.7662861545,0.090339426,0.838453912,True,,,
linear,3.9405,0.766306331,0.090319068,0.838453216,True,,,
linear,3.94125,0.7663265075,0.09029871,0.8384525199999999,True,,,
linear,3.942,0.7663466840000001,0.090278352,0.838451824,True,,,
linear,3.94275,0.7663668605,0.090257994,0.838451128,True,,,
linear,3.9435000000000002,0.766387037,0.090237636,0.838450432,True,,,
linear,3.9442500000000003,0.7664072135,0.090217278,0.838449736,True,,,
linear,3.9450000000000003,0.76642739,0.09019692,0.83844904,True,,,
linear,3.94575,0.7664475665,0.09017656200000002,0.838448344,True,,,
linear,3.9465,0.766467743,0.090156204,0.8384476479999999,True,,,
linear,3.94725,0.7664879195000001,0.090135846,0.838446952,True,,,
linear,3.948,0.766508096,0.09011548800000001,0.838446256,True,,,
linear,3.94875,0.7665282725,0.09009513000000001,0.83844556,True,,,
linear,3.9495,0.766548449,0.090074772,0.838444864,True,,,
linear,3.95025,0.7665686255,0.090054414,0.838444168,True,,,
linear,3.951,0.766588802,0.090034056,0.838443472,True,,,
linear,3.95175,0.7666089785,0.090013698,0.838442776,True,,,
linear,3.9525,0.7666291550000001,0.08999334,0.83844208,True,,,
linear,3.95325,0.7666493315,0.089972982,0.838441384,True,,,
linear,3.954,0.766669508,0.089952624,0.8384406879999999,True,,,
linear,3.9547499999999998,0.7666896845,0.08993226600000001,0.838439992,True,,,
linear,3.9555,0.766709861,0.08991190800000001,0.838439296,True,,,
linear,3.95625,0.7667300375,0.08989155000000001,0.8384386,True,,,
linear,3.957,0.766750214,0.08987119200000002,0.838437904,True,,,
linear,3.95775,0.7667703905,0.089850834,0.838437208,True,,,
linear,3.9585,0.766790567,0.089830476,0.838436512,True,,,
linear,3.95925,0.7668107435,0.08981011800000001,0.838435816,True,,,
linear,3.96,0.76683092,0.08978976000000001,0.83843512,True,,,
linear,3.96075,0.7668510965,0.089769402,0.838434424,True,,,
linear,3.9615,0.766871273,0.089749044,0.8384337279999999,True,,,
linear,3.96225,0.7668914495,0.089728686,0.838433032,True,,,
linear,3.963,0.766911626,0.089708328,0.838432336,True,,,
linear,3.96375,0.7669318025,0.08968797,0.8384316399999999,True,,,
linear,3.9645,0.766951979,0.08966761200000001,0.838430944,True,,,
linear,3.96525,0.7669721555,0.089647254,0.838430248,True,,,
linear,3.966,0.766992332,0.089626896,0.838429552,True,,,
linear,3.96675,0.7670125085,0.089606538,0.838428856,True,,,
linear,3.9675000000000002,0.767032685,0.08958618,0.83842816,True,,,
linear,3.9682500000000003,0.7670528615,0.089565822,0.838427464,True,,,
linear,3.969,0.767073038,0.089545464,0.8384267679999999,True,,,
linear,3.96975,0.7670932145,0.08952510600000001,0.838426072,True,,,
linear,3.9705,0.767113391,0.08950474800000001,0.838425376,True,,,
linear,3.97125,0.7671335675000001,0.08948439000000001,0.83842468,True,,,
linear,3.972,0.767153744,0.089464032,0.838423984,True,,,
linear,3.97275,0.7671739205,0.089443674,0.838423288,True,,,
linear,3.9735,0.767194097,0.089423316,0.838422592,True,,,
linear,3.97425,0.7672142735,0.089402958,0.8384218959999999,True,,,
linear,3.975,0.76723445,0.0893826,0.8384212,True,,,
linear,3.97575,0.7672546265,0.08936224200000001,0.838420504,True,,,
linear,3.9765,0.7672748030000001,0.089341884,0.8384198079999999,True,,,
linear,3.97725,0.7672949795,0.089321526,0.838419112,True,,,
linear,3.9779999999999998,0.767315156,0.08930116800000001,0.838418416,True,,,
linear,3.97875,0.7673353325,0.08928081000000002,0.83841772,True,,,
linear,3.9795,0.767355509,0.08926045200000002,0.838417024,True,,,
linear,3.98025,0.7673756855,0.089240094,0.838416328,True,,,
linear,3.981,0.767395862,0.08921973600000001,0.838415632,True,,,
linear,3.98175,0.7674160385,0.08919937800000001,0.8384149359999999,True,,,
linear,3.9825,0.767436215,0.08917902000000001,0.83841424,True,,,
linear,3.98325,0.7674563915,0.089158662,0.838413544,True,,,
linear,3.984,0.767476568,0.089138304,0.8384128479999999,True,,,
linear,3.98475,0.7674967445,0.089117946,0.838412152,True,,,
linear,3.9855,0.767516921,0.089097588,0.838411456,True,,,
linear,3.98625,0.7675370975,0.08907723000000001,0.8384107599999999,True,,,
linear,3.987,0.767557274,0.08905687200000001,0.838410064,True,,,
linear,3.98775,0.7675774505,0.089036514,0.838409368,True,,,
linear,3.9885,0.767597627,0.089016156,0.838408672,True,,,
linear,3.98925,0.7676178035,0.088995798,0.8384079759999999,True,,,
linear,3.99,0.76763798,0.08897544,0.83840728,True,,,
linear,3.9907500000000002,0.7676581565,0.08895508199999999,0.838406584,True,,,
linear,3.9915000000000003,0.767678333,0.08893472399999999,0.8384058879999999,True,,,
linear,3.99225,0.7676985095,0.08891436600000001,0.838405192,True,,,
linear,3.993,0.767718686,0.08889400800000001,0.838404496,True,,,
linear,3.99375,0.7677388625,0.08887365000000001,0.8384038,True,,,
linear,3.9945,0.767759039,0.088853292,0.838403104,True,,,
linear,3.99525,0.7677792155000001,0.088832934,0.838402408,True,,,
linear,3.996,0.767799392,0.088812576,0.838401712,True,,,
linear,3.99675,0.7678195685,0.088792218,0.8384010159999999,True,,,
linear,3.9975,0.767839745,0.08877186000000001,0.83840032,True,,,
linear,3.99825,0.7678599215,0.08875150200000001,0.838399624,True,,,
linear,3.999,0.767880098,0.088731144,0.8383989279999999,True,,,
linear,3.99975,0.7679002745,0.088710786,0.838398232,True,,,
linear,4.0005,0.767909221,0.08869428100000001,0.838404236,True,,,
linear,4.00125,0.7679125525,0.08867970250000001,0.8384135899999999,True,,,
linear,4.002,0.767915884,0.08866512400000001,0.838422944,True,,,
linear,4.00275,0.7679192155,0.08865054550000001,0.838432298,True,,,
linear,4.0035,0.767922547,0.08863596700000001,0.838441652,True,,,
linear,4.00425,0.7679258785,0.08862138850000001,0.838451006,True,,,
linear,4.005,0.76792921,0.08860681000000001,0.83846036,True,,,
linear,4.00575,0.7679325415,0.08859223150000001,0.8384697139999999,True,,,
linear,4.0065,0.767935873,0.088577653,0.8384790679999999,True,,,
linear,4.00725,0.7679392045,0.0885630745,0.838488422,True,,,
linear,4.008,0.767942536,0.088548496,0.838497776,True,,,
linear,4.00875,0.7679458675,0.0885339175,0.83850713,True,,,
linear,4.0095,0.767949199,0.088519339,0.838516484,True,,,
linear,4.01025,0.7679525305,0.0885047605,0.838525838,True,,,
linear,4.011,0.767955862,0.088490182,0.8385351919999999,True,,,
linear,4.01175,0.7679591935,0.0884756035,0.838544546,True,,,
linear,4.0125,0.7679625250000001,0.088461025,0.8385539,True,,,
linear,4.01325,0.7679658565,0.0884464465,0.838563254,True,,,
linear,4.014,0.767969188,0.088431868,0.838572608,True,,,
linear,4.01475,0.7679725195,0.0884172895,0.838581962,True,,,
linear,4.0155,0.767975851,0.088402711,0.838591316,True,,,
linear,4.01625,0.7679791825,0.0883881325,0.8386006699999999,True,,,
linear,4.017,0.7679825140000001,0.08837355399999999,0.838610024,True,,,
linear,4.0177499999999995,0.7679858455,0.08835897550000002,0.838619378,True,,,
linear,4.0184999999999995,0.767989177,0.08834439700000002,0.838628732,True,,,
linear,4.0192499999999995,0.7679925085,0.08832981850000002,0.838638086,True,,,
linear,4.02,0.76799584,0.08831524000000002,0.83864744,True,,,
linear,4.02075,0.7679991715,0.08830066150000002,0.8386567939999999,True,,,
linear,4.0215,0.7680025030000001,0.08828608300000002,0.838666148,True,,,
linear,4.02225,0.7680058345,0.08827150450000001,0.838675502,True,,,
linear,4.023,0.768009166,0.08825692600000001,0.838684856,True,,,
linear,4.02375,0.7680124975,0.08824234750000001,0.83869421,True,,,
linear,4.0245,0.768015829,0.08822776900000001,0.838703564,True,,,
linear,4.02525,0.7680191605,0.08821319050000001,0.838712918,True,,,
linear,4.026,0.7680224920000001,0.08819861200000001,0.8387222719999999,True,,,
linear,4.02675,0.7680258235,0.08818403350000001,0.838731626,True,,,
linear,4.0275,0.768029155,0.08816945500000001,0.83874098,True,,,
linear,4.02825,0.7680324865,0.0881548765,0.838750334,True,,,
linear,4.029,0.768035818,0.088140298,0.838759688,True,,,
linear,4.02975,0.7680391495,0.0881257195,0.838769042,True,,,
linear,4.0305,0.768042481,0.088111141,0.8387783959999999,True,,,
linear,4.03125,0.7680458125,0.0880965625,0.8387877499999999,True,,,
linear,4.032,0.768049144,0.088081984,0.838797104,True,,,
linear,4.03275,0.7680524755,0.0880674055,0.838806458,True,,,
linear,4.0335,0.768055807,0.088052827,0.838815812,True,,,
linear,4.03425,0.7680591385,0.0880382485,0.838825166,True,,,
linear,4.035,0.76806247,0.08802367,0.83883452,True,,,
linear,4.03575,0.7680658015,0.0880090915,0.8388438739999999,True,,,
linear,4.0365,0.768069133,0.087994513,0.838853228,True,,,
linear,4.03725,0.7680724645,0.0879799345,0.838862582,True,,,
linear,4.038,0.768075796,0.087965356,0.838871936,True,,,
linear,4.03875,0.7680791275,0.0879507775,0.83888129,True,,,
linear,4.0395,0.768082459,0.08793619899999999,0.838890644,True,,,
linear,4.04025,0.7680857905,0.08792162049999999,0.838899998,True,,,
linear,4.041,0.768089122,0.08790704199999999,0.8389093519999999,True,,,
linear,4.04175,0.7680924535,0.0878924635,0.838918706,True,,,
linear,4.0425,0.768095785,0.087877885,0.83892806,True,,,
linear,4.0432500000000005,0.7680991165,0.0878633065,0.838937414,True,,,
linear,4.0440000000000005,0.768102448,0.087848728,0.838946768,True,,,
linear,4.0447500000000005,0.7681057795,0.0878341495,0.838956122,True,,,
linear,4.0455000000000005,0.768109111,0.087819571,0.8389654759999999,True,,,
linear,4.046250000000001,0.7681124425,0.0878049925,0.83897483,True,,,
linear,4.047,0.768115774,0.08779041400000001,0.838984184,True,,,
linear,4.04775,0.7681191055,0.08777583550000001,0.838993538,True,,,
linear,4.0485,0.768122437,0.08776125700000001,0.839002892,True,,,
linear,4.04925,0.7681257685,0.08774667850000001,0.839012246,True,,,
linear,4.05,0.7681291,0.08773210000000001,0.8390215999999999,True,,,
linear,4.05075,0.7681324315,0.0877175215,0.8390309539999999,True,,,
linear,4.0515,0.768135763,0.087702943,0.839040308,True,,,
linear,4.05225,0.7681390945000001,0.0876883645,0.839049662,True,,,
linear,4.053,0.768142426,0.087673786,0.839059016,True,,,
linear,4.05375,0.7681457575,0.0876592075,0.83906837,True,,,
linear,4.0545,0.768149089,0.087644629,0.839077724,True,,,
linear,4.05525,0.7681524205,0.0876300505,0.8390870779999999,True,,,
linear,4.056,0.768155752,0.087615472,0.839096432,True,,,
linear,4.05675,0.7681590835000001,0.0876008935,0.839105786,True,,,
linear,4.0575,0.768162415,0.087586315,0.83911514,True,,,
linear,4.05825,0.7681657465,0.0875717365,0.839124494,True,,,
linear,4.059,0.768169078,0.087557158,0.839133848,True,,,
linear,4.05975,0.7681724095,0.0875425795,0.839143202,True,,,
linear,4.0605,0.768175741,0.087528001,0.8391525559999999,True,,,
linear,4.06125,0.7681790725000001,0.0875134225,0.83916191,True,,,
linear,4.062,0.768182404,0.08749884399999999,0.839171264,True,,,
linear,4.06275,0.7681857355,0.0874842655,0.839180618,True,,,
linear,4.0635,0.768189067,0.087469687,0.839189972,True,,,
linear,4.0642499999999995,0.7681923985,0.08745510850000002,0.839199326,True,,,
linear,4.0649999999999995,0.76819573,0.08744053000000002,0.8392086799999999,True,,,
linear,4.0657499999999995,0.7681990615000001,0.08742595150000002,0.839218034,True,,,
linear,4.0665,0.768202393,0.08741137300000001,0.839227388,True,,,
linear,4.06725,0.7682057245,0.08739679450000001,0.839236742,True,,,
linear,4.068,0.768209056,0.08738221600000001,0.839246096,True,,,
linear,4.06875,0.7682123875,0.08736763750000001,0.83925545,True,,,
linear,4.0695,0.768215719,0.08735305900000001,0.8392648039999999,True,,,
linear,4.07025,0.7682190505000001,0.08733848050000001,0.8392741579999999,True,,,
linear,4.071,0.768222382,0.08732390200000001,0.839283512,True,,,
linear,4.07175,0.7682257135,0.08730932350000001,0.839292866,True,,,
linear,4.0725,0.768229045,0.087294745,0.83930222,True,,,
linear,4.07325,0.7682323765,0.0872801665,0.839311574,True,,,
linear,4.074,0.768235708,0.087265588,0.839320928,True,,,
linear,4.07475,0.7682390395,0.0872510095,0.8393302819999999,True,,,
linear,4.0755,0.768242371,0.087236431,0.839339636,True,,,
linear,4.07625,0.7682457025,0.0872218525,0.83934899,True,,,
linear,4.077,0.768249034,0.087207274,0.839358344,True,,,
linear,4.07775,0.7682523655,0.0871926955,0.839367698,True,,,
linear,4.0785,0.768255697,0.087178117,0.839377052,True,,,
linear,4.07925,0.7682590285,0.0871635385,0.839386406,True,,,
linear,4.08,0.76826236,0.08714896,0.8393957599999999,True,,,
linear,4.08075,0.7682656915,0.0871343815,0.839405114,True,,,
linear,4.0815,0.768269023,0.087119803,0.839414468,True,,,
linear,4.08225,0.7682723545,0.0871052245,0.839423822,True,,,
linear,4.083,0.768275686,0.087090646,0.839433176,True,,,
linear,4.08375,0.7682790175,0.0870760675,0.83944253,True,,,
linear,4.0845,0.768282349,0.087061489,0.839451884,True,,,
linear,4.08525,0.7682856805,0.0870469105,0.8394612379999999,True,,,
linear,4.086,0.768289012,0.087032332,0.839470592,True,,,
linear,4.08675,0.7682923435,0.0870177535,0.839479946,True,,,
linear,4.0875,0.7682956750000001,0.087003175,0.8394893,True,,,
linear,4.08825,0.7682990065,0.0869885965,0.839498654,True,,,
linear,4.089,0.768302338,0.086974018,0.839508008,True,,,
linear,4.08975,0.7683056695,0.0869594395,0.8395173619999999,True,,,
linear,4.0905000000000005,0.768309001,0.086944861,0.839526716,True,,,
linear,4.0912500000000005,0.7683123325,0.0869302825,0.83953607,True,,,
linear,4.0920000000000005,0.7683156640000001,0.086915704,0.839545424,True,,,
linear,4.0927500000000006,0.7683189955,0.0869011255,0.839554778,True,,,
linear,4.0935,0.768322327,0.08688654700000001,0.839564132,True,,,
linear,4.09425,0.7683256585,0.08687196850000001,0.8395734859999999,True,,,
linear,4.095,0.76832899,0.08685739,0.8395828399999999,True,,,
linear,4.09575,0.7683323215,0.0868428115,0.839592194,True,,,
linear,4.0965,0.7683356530000001,0.086828233,0.839601548,True,,,
linear,4.09725,0.7683389845,0.0868136545,0.839610902,True,,,
linear,4.098,0.768342316,0.086799076,0.839620256,True,,,
linear,4.09875,0.7683456475,0.0867844975,0.83962961,True,,,
linear,4.0995,0.768348979,0.086769919,0.8396389639999999,True,,,
linear,4.10025,0.7683523105,0.0867553405,0.839648318,True,,,
linear,4.101,0.7683556420000001,0.086740762,0.839657672,True,,,
linear,4.10175,0.7683589735,0.0867261835,0.839667026,True,,,
linear,4.1025,0.768362305,0.086711605,0.83967638,True,,,
linear,4.10325,0.7683656365,0.0866970265,0.839685734,True,,,
linear,4.104,0.768368968,0.086682448,0.839695088,True,,,
linear,4.10475,0.7683722995,0.08666786950000001,0.8397044419999999,True,,,
linear,4.1055,0.7683756310000001,0.08665329100000001,0.839713796,True,,,
linear,4.10625,0.7683789625,0.0866387125,0.83972315,True,,,
linear,4.107,0.768382294,0.086624134,0.839732504,True,,,
linear,4.10775,0.7683856255,0.0866095555,0.839741858,True,,,
linear,4.1085,0.768388957,0.086594977,0.839751212,True,,,
linear,4.10925,0.7683922885,0.0865803985,0.8397605659999999,True,,,
linear,4.11,0.7683956200000001,0.08656582,0.83976992,True,,,
linear,4.11075,0.7683989515,0.0865512415,0.839779274,True,,,
linear,4.1114999999999995,0.768402283,0.08653666300000001,0.839788628,True,,,
linear,4.1122499999999995,0.7684056145,0.08652208450000001,0.839797982,True,,,
linear,4.1129999999999995,0.768408946,0.08650750600000001,0.839807336,True,,,
linear,4.11375,0.7684122775,0.08649292750000001,0.8398166899999999,True,,,
linear,4.1145,0.768415609,0.08647834900000001,0.8398260439999999,True,,,
linear,4.11525,0.7684189405,0.08646377050000001,0.839835398,True,,,
linear,4.116,0.768422272,0.08644919200000001,0.839844752,True,,,
linear,4.11675,0.7684256035,0.08643461350000001,0.839854106,True,,,
linear,4.1175,0.768428935,0.086420035,0.83986346,True,,,
linear,4.11825,0.7684322665,0.0864054565,0.839872814,True,,,
linear,4.119,0.768435598,0.086390878,0.8398821679999999,True,,,
linear,4.11975,0.7684389295,0.0863762995,0.839891522,True,,,
linear,4.1205,0.768442261,0.086361721,0.839900876,True,,,
linear,4.12125,0.7684455925,0.0863471425,0.83991023,True,,,
linear,4.122,0.768448924,0.086332564,0.839919584,True,,,
linear,4.12275,0.7684522555,0.0863179855,0.839928938,True,,,
linear,4.1235,0.768455587,0.086303407,0.839938292,True,,,
linear,4.12425,0.7684589185,0.0862888285,0.8399476459999999,True,,,
linear,4.125,0.76846225,0.08627425,0.839957,True,,,
linear,4.12575,0.7684655815,0.08625967150000001,0.839966354,True,,,
linear,4.1265,0.768468913,0.08624509300000001,0.839975708,True,,,
linear,4.12725,0.7684722445000001,0.08623051450000001,0.839985062,True,,,
linear,4.128,0.768475576,0.086215936,0.839994416,True,,,
linear,4.12875,0.7684789075,0.0862013575,0.84000377,True,,,
linear,4.1295,0.768482239,0.086186779,0.8400131239999999,True,,,
linear,4.13025,0.7684855705,0.0861722005,0.840022478,True,,,
linear,4.131,0.768488902,0.086157622,0.840031832,True,,,
linear,4.13175,0.7684922335000001,0.0861430435,0.840041186,True,,,
linear,4.1325,0.768495565,0.086128465,0.84005054,True,,,
linear,4.13325,0.7684988965,0.0861138865,0.840059894,True,,,
linear,4.134,0.768502228,0.086099308,0.8400692479999999,True,,,
linear,4.13475,0.7685055595,0.0860847295,0.840078602,True,,,
linear,4.1355,0.768508891,0.086070151,0.840087956,True,,,
linear,4.13625,0.7685122225000001,0.0860555725,0.84009731,True,,,
linear,4.1370000000000005,0.768515554,0.086040994,0.840106664,True,,,
linear,4.1377500000000005,0.7685188855,0.0860264155,0.840116018,True,,,
linear,4.1385000000000005,0.768522217,0.086011837,0.840125372,True,,,
linear,4.1392500000000005,0.7685255485,0.08599725849999999,0.8401347259999999,True,,,
linear,4.140000000000001,0.76852888,0.08598267999999999,0.84014408,True,,,
linear,4.14075,0.7685322115000001,0.0859681015,0.840153434,True,,,
linear,4.1415,0.768535543,0.085953523,0.840162788,True,,,
linear,4.14225,0.7685388745,0.0859389445,0.840172142,True,,,
linear,4.143,0.768542206,0.085924366,0.840181496,True,,,
linear,4.14375,0.7685455375,0.0859097875,0.8401908499999999,True,,,
linear,4.1445,0.768548869,0.085895209,0.840200204,True,,,
linear,4.14525,0.7685522005000001,0.0858806305,0.840209558,True,,,
linear,4.146,0.768555532,0.085866052,0.840218912,True,,,
linear,4.14675,0.7685588635,0.08585147350000001,0.840228266,True,,,
linear,4.1475,0.768562195,0.08583689500000001,0.84023762,True,,,
linear,4.14825,0.7685655265,0.08582231650000001,0.840246974,True,,,
linear,4.149,0.768568858,0.08580773800000001,0.8402563279999999,True,,,
linear,4.14975,0.7685721895000001,0.08579315950000001,0.840265682,True,,,
linear,4.1505,0.768575521,0.085778581,0.840275036,True,,,
linear,4.15125,0.7685788525,0.0857640025,0.84028439,True,,,
linear,4.152,0.768582184,0.085749424,0.840293744,True,,,
linear,4.15275,0.7685855155,0.0857348455,0.840303098,True,,,
linear,4.1535,0.768588847,0.085720267,0.8403124519999999,True,,,
linear,4.15425,0.7685921785000001,0.0857056885,0.840321806,True,,,
linear,4.155,0.76859551,0.08569111,0.84033116,True,,,
linear,4.15575,0.7685988415,0.0856765315,0.840340514,True,,,
linear,4.1565,0.768602173,0.085661953,0.840349868,True,,,
linear,4.15725,0.7686055045,0.0856473745,0.840359222,True,,,
linear,4.1579999999999995,0.768608836,0.08563279600000001,0.8403685759999999,True,,,
linear,4.1587499999999995,0.7686121675,0.08561821750000001,0.8403779299999999,True,,,
linear,4.1594999999999995,0.768615499,0.08560363900000001,0.840387284,True,,,
linear,4.16025,0.7686188305,0.08558906050000001,0.840396638,True,,,
linear,4.161,0.768622162,0.08557448200000001,0.840405992,True,,,
linear,4.16175,0.7686254935,0.0855599035,0.840415346,True,,,
linear,4.1625,0.768628825,0.085545325,0.8404247,True,,,
linear,4.16325,0.7686321565,0.0855307465,0.8404340539999999,True,,,
linear,4.164,0.768635488,0.085516168,0.840443408,True,,,
linear,4.16475,0.7686388195,0.0855015895,0.840452762,True,,,
linear,4.1655,0.768642151,0.085487011,0.840462116,True,,,
linear,4.16625,0.7686454825,0.0854724325,0.84047147,True,,,
linear,4.167,0.7686488140000001,0.085457854,0.840480824,True,,,
linear,4.16775,0.7686521455,0.08544327550000001,0.840490178,True,,,
linear,4.1685,0.768655477,0.08542869700000001,0.8404995319999999,True,,,
linear,4.16925,0.7686588085,0.08541411850000001,0.840508886,True,,,
linear,4.17,0.76866214,0.08539954000000001,0.84051824,True,,,
linear,4.17075,0.7686654715,0.08538496150000001,0.840527594,True,,,
linear,4.1715,0.7686688030000001,0.08537038300000001,0.840536948,True,,,
linear,4.17225,0.7686721345,0.08535580450000001,0.840546302,True,,,
linear,4.173,0.768675466,0.085341226,0.8405556559999999,True,,,
linear,4.17375,0.7686787975,0.0853266475,0.84056501,True,,,
linear,4.1745,0.768682129,0.085312069,0.840574364,True,,,
linear,4.17525,0.7686854605,0.0852974905,0.840583718,True,,,
linear,4.176,0.7686887920000001,0.085282912,0.840593072,True,,,
linear,4.17675,0.7686921235,0.0852683335,0.840602426,True,,,
linear,4.1775,0.768695455,0.085253755,0.84061178,True,,,
linear,4.17825,0.7686987865,0.0852391765,0.8406211339999999,True,,,
linear,4.179,0.768702118,0.085224598,0.840630488,True,,,
linear,4.17975,0.7687054495,0.0852100195,0.840639842,True,,,
linear,4.1805,0.7687087810000001,0.085195441,0.840649196,True,,,
linear,4.18125,0.7687121125,0.0851808625,0.84065855,True,,,
linear,4.182,0.768715444,0.085166284,0.840667904,True,,,
linear,4.18275,0.7687187755,0.0851517055,0.840677258,True,,,
linear,4.1835,0.768722107,0.08513712699999999,0.8406866119999999,True,,,
linear,4.1842500000000005,0.7687254385,0.08512254849999999,0.840695966,True,,,
linear,4.1850000000000005,0.7687287700000001,0.08510796999999999,0.84070532,True,,,
linear,4.1857500000000005,0.7687321015,0.08509339149999999,0.840714674,True,,,
linear,4.1865000000000006,0.768735433,0.08507881299999999,0.840724028,True,,,
linear,4.18725,0.7687387645,0.0850642345,0.840733382,True,,,
linear,4.188,0.768742096,0.08504965600000002,0.8407427359999999,True,,,
linear,4.18875,0.7687454275,0.08503507750000001,0.84075209,True,,,
linear,4.1895,0.7687487590000001,0.08502049900000001,0.840761444,True,,,
linear,4.19025,0.7687520905,0.08500592050000001,0.840770798,True,,,
linear,4.191,0.768755422,0.08499134200000001,0.840780152,True,,,
linear,4.19175,0.7687587535,0.08497676350000001,0.840789506,True,,,
linear,4.1925,0.768762085,0.08496218500000001,0.84079886,True,,,
linear,4.19325,0.7687654165,0.08494760650000001,0.8408082139999999,True,,,
linear,4.194,0.7687687480000001,0.08493302800000001,0.840817568,True,,,
linear,4.19475,0.7687720795,0.0849184495,0.840826922,True,,,
linear,4.1955,0.768775411,0.084903871,0.840836276,True,,,
linear,4.19625,0.7687787425,0.0848892925,0.84084563,True,,,
linear,4.197,0.768782074,0.084874714,0.840854984,True,,,
linear,4.19775,0.7687854055,0.0848601355,0.8408643379999999,True,,,
linear,4.1985,0.768788737,0.084845557,0.840873692,True,,,
linear,4.19925,0.7687920685,0.0848309785,0.840883046,True,,,
linear,4.2,0.7687954,0.0848164,0.8408924,True,,,
linear,4.20075,0.7687987315,0.0848018215,0.840901754,True,,,
linear,4.2015,0.768802063,0.084787243,0.840911108,True,,,
linear,4.20225,0.7688053945000001,0.0847726645,0.840920462,True,,,
linear,4.203,0.768808726,0.084758086,0.8409298159999999,True,,,
linear,4.20375,0.7688120575,0.0847435075,0.84093917,True,,,
linear,4.2045,0.768815389,0.084728929,0.840948524,True,,,
linear,4.2052499999999995,0.7688187205,0.08471435050000001,0.840957878,True,,,
linear,4.2059999999999995,0.768822052,0.084699772,0.840967232,True,,,
linear,4.2067499999999995,0.7688253835000001,0.0846851935,0.840976586,True,,,
linear,4.2075,0.768828715,0.084670615,0.8409859399999999,True,,,
linear,4.20825,0.7688320465,0.0846560365,0.840995294,True,,,
linear,4.209,0.768835378,0.084641458,0.841004648,True,,,
linear,4.20975,0.7688387095,0.08462687950000002,0.841014002,True,,,
linear,4.2105,0.768842041,0.08461230100000001,0.841023356,True,,,
linear,4.21125,0.7688453725000001,0.08459772250000001,0.84103271,True,,,
linear,4.212,0.768848704,0.08458314400000001,0.841042064,True,,,
linear,4.21275,0.7688520355,0.08456856550000001,0.8410514179999999,True,,,
linear,4.2135,0.768855367,0.08455398700000001,0.841060772,True,,,
linear,4.21425,0.7688586985,0.08453940850000001,0.841070126,True,,,
linear,4.215,0.76886203,0.08452483000000001,0.84107948,True,,,
linear,4.21575,0.7688653615000001,0.08451025150000001,0.841088834,True,,,
linear,4.2165,0.768868693,0.08449567300000001,0.841098188,True,,,
linear,4.21725,0.7688720245,0.0844810945,0.8411075419999999,True,,,
linear,4.218,0.768875356,0.084466516,0.841116896,True,,,
linear,4.21875,0.7688786875,0.0844519375,0.84112625,True,,,
linear,4.2195,0.768882019,0.084437359,0.841135604,True,,,
linear,4.22025,0.7688853505000001,0.0844227805,0.841144958,True,,,
linear,4.221,0.768888682,0.084408202,0.841154312,True,,,
linear,4.22175,0.7688920135,0.0843936235,0.841163666,True,,,
linear,4.2225,0.768895345,0.084379045,0.8411730199999999,True,,,
linear,4.22325,0.7688986765,0.0843644665,0.841182374,True,,,
linear,4.224,0.768902008,0.084349888,0.841191728,True,,,
linear,4.22475,0.7689053395000001,0.0843353095,0.841201082,True,,,
linear,4.2255,0.768908671,0.084320731,0.841210436,True,,,
linear,4.22625,0.7689120025,0.0843061525,0.84121979,True,,,
linear,4.227,0.768915334,0.084291574,0.841229144,True,,,
linear,4.22775,0.7689186655,0.0842769955,0.841238498,True,,,
linear,4.2285,0.768921997,0.08426241699999999,0.841247852,True,,,
linear,4.22925,0.7689253285000001,0.08424783849999999,0.841257206,True,,,
linear,4.23,0.76892866,0.08423325999999999,0.84126656,True,,,
linear,4.2307500000000005,0.7689319915,0.08421868149999999,0.841275914,True,,,
linear,4.2315000000000005,0.768935323,0.08420410299999999,0.841285268,True,,,
linear,4.2322500000000005,0.7689386545,0.08418952449999999,0.8412946219999999,True,,,
linear,4.2330000000000005,0.7689419860000001,0.08417494599999999,0.841303976,True,,,
linear,4.233750000000001,0.7689453175000001,0.08416036749999999,0.84131333,True,,,
linear,4.2345,0.768948649,0.08414578900000001,0.841322684,True,,,
linear,4.23525,0.7689519805,0.08413121050000001,0.841332038,True,,,
linear,4.236,0.768955312,0.08411663200000001,0.841341392,True,,,
linear,4.23675,0.7689586435,0.08410205350000001,0.841350746,True,,,
linear,4.2375,0.768961975,0.08408747500000001,0.8413600999999999,True,,,
linear,4.23825,0.7689653065000001,0.08407289650000001,0.841369454,True,,,
linear,4.239,0.768968638,0.084058318,0.841378808,True,,,
linear,4.23975,0.7689719695,0.0840437395,0.841388162,True,,,
linear,4.2405,0.768975301,0.084029161,0.841397516,True,,,
linear,4.24125,0.7689786325,0.0840145825,0.84140687,True,,,
linear,4.242,0.7689819640000001,0.084000004,0.8414162239999999,True,,,
linear,4.24275,0.7689852955,0.0839854255,0.841425578,True,,,
linear,4.2435,0.768988627,0.083970847,0.841434932,True,,,
linear,4.24425,0.7689919585,0.0839562685,0.841444286,True,,,
linear,4.245,0.76899529,0.08394169,0.84145364,True,,,
linear,4.24575,0.7689986215,0.0839271115,0.841462994,True,,,
linear,4.2465,0.7690019530000001,0.083912533,0.841472348,True,,,
linear,4.24725,0.7690052845,0.0838979545,0.8414817019999999,True,,,
linear,4.248,0.769008616,0.083883376,0.841491056,True,,,
linear,4.24875,0.7690119475,0.0838687975,0.84150041,True,,,
linear,4.2495,0.769015279,0.083854219,0.841509764,True,,,
linear,4.25025,0.7690186105,0.08383964049999999,0.841519118,True,,,
linear,4.251,0.7690219420000001,0.08382506199999999,0.841528472,True,,,
linear,4.2517499999999995,0.7690252735,0.08381048350000002,0.8415378259999999,True,,,
linear,4.2524999999999995,0.769028605,0.08379590500000002,0.84154718,True,,,
linear,4.2532499999999995,0.7690319365,0.08378132650000002,0.841556534,True,,,
linear,4.254,0.769035268,0.08376674800000002,0.841565888,True,,,
linear,4.25475,0.7690385995,0.08375216950000001,0.841575242,True,,,
linear,4.2555,0.7690419310000001,0.08373759100000001,0.841584596,True,,,
linear,4.25625,0.7690452625,0.08372301250000001,0.84159395,True,,,
linear,4.257,0.769048594,0.08370843400000001,0.8416033039999999,True,,,
linear,4.25775,0.7690519255,0.08369385550000001,0.841612658,True,,,
linear,4.2585,0.769055257,0.08367927700000001,0.841622012,True,,,
linear,4.25925,0.7690585885,0.08366469850000001,0.841631366,True,,,
linear,4.26,0.7690619200000001,0.08365012000000001,0.84164072,True,,,
linear,4.26075,0.7690652515,0.08363554150000001,0.841650074,True,,,
linear,4.2615,0.769068583,0.083620963,0.8416594279999999,True,,,
linear,4.26225,0.7690719145,0.0836063845,0.841668782,True,,,
linear,4.263,0.769075246,0.083591806,0.841678136,True,,,
linear,4.26375,0.7690785775,0.0835772275,0.84168749,True,,,
linear,4.2645,0.7690819090000001,0.083562649,0.841696844,True,,,
linear,4.26525,0.7690852405,0.0835480705,0.841706198,True,,,
linear,4.266,0.769088572,0.083533492,0.841715552,True,,,
linear,4.26675,0.7690919035,0.0835189135,0.8417249059999999,True,,,
linear,4.2675,0.769095235,0.083504335,0.84173426,True,,,
linear,4.26825,0.7690985665,0.0834897565,0.841743614,True,,,
linear,4.269,0.7691018980000001,0.083475178,0.841752968,True,,,
linear,4.26975,0.7691052295,0.0834605995,0.841762322,True,,,
linear,4.2705,0.769108561,0.083446021,0.841771676,True,,,
linear,4.27125,0.7691118925,0.0834314425,0.84178103,True,,,
linear,4.272,0.769115224,0.083416864,0.841790384,True,,,
linear,4.27275,0.7691185555,0.08340228549999999,0.841799738,True,,,
linear,4.2735,0.7691218870000001,0.08338770699999999,0.841809092,True,,,
linear,4.27425,0.7691252185,0.08337312849999999,0.841818446,True,,,
linear,4.275,0.76912855,0.08335854999999999,0.8418278,True,,,
linear,4.27575,0.7691318815,0.08334397149999999,0.841837154,True,,,
linear,4.2765,0.769135213,0.08332939299999999,0.8418465079999999,True,,,
linear,4.27725,0.7691385445000001,0.0833148145,0.841855862,True,,,
linear,4.2780000000000005,0.7691418760000001,0.083300236,0.841865216,True,,,
linear,4.2787500000000005,0.7691452075,0.0832856575,0.84187457,True,,,
linear,4.2795000000000005,0.769148539,0.083271079,0.841883924,True,,,
linear,4.2802500000000006,0.7691518705,0.0832565005,0.841893278,True,,,
linear,4.281,0.769155202,0.08324192200000001,0.8419026319999999,True,,,
linear,4.28175,0.7691585335000001,0.08322734350000001,0.841911986,True,,,
linear,4.2825,0.7691618650000001,0.08321276500000001,0.84192134,True,,,
linear,4.28325,0.7691651965,0.08319818650000001,0.841930694,True,,,
linear,4.284,0.769168528,0.083183608,0.841940048,True,,,
linear,4.28475,0.7691718595,0.0831690295,0.841949402,True,,,
linear,4.2855,0.769175191,0.083154451,0.841958756,True,,,
linear,4.28625,0.7691785225000001,0.0831398725,0.8419681099999999,True,,,
linear,4.287,0.769181854,0.083125294,0.841977464,True,,,
linear,4.28775,0.7691851855,0.0831107155,0.841986818,True,,,
linear,4.2885,0.769188517,0.083096137,0.841996172,True,,,
linear,4.28925,0.7691918485,0.0830815585,0.842005526,True,,,
linear,4.29,0.76919518,0.08306698,0.84201488,True,,,
linear,4.29075,0.7691985115000001,0.0830524015,0.842024234,True,,,
linear,4.2915,0.769201843,0.083037823,0.8420335879999999,True,,,
linear,4.29225,0.7692051745,0.0830232445,0.842042942,True,,,
linear,4.293,0.769208506,0.083008666,0.842052296,True,,,
linear,4.29375,0.7692118375,0.0829940875,0.84206165,True,,,
linear,4.2945,0.769215169,0.08297950899999999,0.842071004,True,,,
linear,4.29525,0.7692185005000001,0.08296493049999999,0.842080358,True,,,
linear,4.296,0.769221832,0.08295035199999999,0.842089712,True,,,
linear,4.29675,0.7692251635,0.08293577349999999,0.842099066,True,,,
linear,4.2975,0.769228495,0.08292119499999999,0.84210842,True,,,
linear,4.29825,0.7692318265,0.0829066165,0.842117774,True,,,
linear,4.2989999999999995,0.769235158,0.08289203800000002,0.842127128,True,,,
linear,4.2997499999999995,0.7692384895000001,0.08287745950000001,0.842136482,True,,,
linear,4.3004999999999995,0.769241821,0.08286288100000001,0.842145836,True,,,
linear,4.30125,0.7692451525,0.08284830250000001,0.8421551899999999,True,,,
linear,4.302,0.769248484,0.08283372400000001,0.842164544,True,,,
linear,4.30275,0.7692518155,0.08281914550000001,0.842173898,True,,,
linear,4.3035,0.769255147,0.08280456700000001,0.842183252,True,,,
linear,4.30425,0.7692584785000001,0.08278998850000001,0.842192606,True,,,
linear,4.305,0.76926181,0.08277541000000001,0.84220196,True,,,
linear,4.30575,0.7692651415,0.0827608315,0.8422113139999999,True,,,
linear,4.3065,0.769268473,0.082746253,0.842220668,True,,,
linear,4.30725,0.7692718045,0.0827316745,0.842230022,True,,,
linear,4.308,0.769275136,0.082717096,0.842239376,True,,,
linear,4.30875,0.7692784675000001,0.0827025175,0.84224873,True,,,
linear,4.3095,0.769281799,0.082687939,0.842258084,True,,,
linear,4.31025,0.7692851305,0.0826733605,0.842267438,True,,,
linear,4.311,0.769288462,0.082658782,0.8422767919999999,True,,,
linear,4.31175,0.7692917935,0.0826442035,0.842286146,True,,,
linear,4.3125,0.769295125,0.082629625,0.8422955,True,,,
linear,4.31325,0.7692984565000001,0.0826150465,0.842304854,True,,,
linear,4.314,0.769301788,0.082600468,0.842314208,True,,,
linear,4.31475,0.7693051195,0.0825858895,0.842323562,True,,,
linear,4.3155,0.769308451,0.082571311,0.842332916,True,,,
linear,4.31625,0.7693117825,0.0825567325,0.84234227,True,,,
linear,4.317,0.7693151140000001,0.08254215399999999,0.842351624,True,,,
linear,4.31775,0.7693184455000001,0.08252757549999999,0.842360978,True,,,
linear,4.3185,0.769321777,0.08251299699999999,0.842370332,True,,,
linear,4.31925,0.7693251085,0.0824984185,0.842379686,True,,,
linear,4.32,0.76932844,0.08248384,0.84238904,True,,,
linear,4.32075,0.7693317715,0.0824692615,0.8423983939999999,True,,,
linear,4.3215,0.7693351030000001,0.082454683,0.842407748,True,,,
linear,4.32225,0.7693384345000001,0.0824401045,0.842417102,True,,,
linear,4.323,0.769341766,0.082425526,0.842426456,True,,,
linear,4.32375,0.7693450975,0.0824109475,0.84243581,True,,,
linear,4.3245000000000005,0.769348429,0.082396369,0.842445164,True,,,
linear,4.3252500000000005,0.7693517605,0.0823817905,0.842454518,True,,,
linear,4.3260000000000005,0.7693550920000001,0.082367212,0.842463872,True,,,
linear,4.3267500000000005,0.7693584235,0.0823526335,0.842473226,True,,,
linear,4.327500000000001,0.769361755,0.082338055,0.84248258,True,,,
linear,4.32825,0.7693650865,0.0823234765,0.842491934,True,,,
linear,4.329,0.769368418,0.082308898,0.842501288,True,,,
linear,4.32975,0.7693717495,0.0822943195,0.842510642,True,,,
linear,4.3305,0.7693750810000001,0.082279741,0.8425199959999999,True,,,
linear,4.33125,0.7693784125,0.0822651625,0.84252935,True,,,
linear,4.332,0.769381744,0.082250584,0.842538704,True,,,
linear,4.33275,0.7693850755,0.0822360055,0.842548058,True,,,
linear,4.3335,0.769388407,0.082221427,0.842557412,True,,,
linear,4.33425,0.7693917385,0.0822068485,0.842566766,True,,,
linear,4.335,0.7693950700000001,0.08219227,0.84257612,True,,,
linear,4.33575,0.7693984015,0.0821776915,0.842585474,True,,,
linear,4.3365,0.769401733,0.082163113,0.842594828,True,,,
linear,4.33725,0.7694050645,0.0821485345,0.842604182,True,,,
linear,4.338,0.769408396,0.082133956,0.842613536,True,,,
linear,4.33875,0.7694117275,0.0821193775,0.84262289,True,,,
linear,4.3395,0.7694150590000001,0.082104799,0.842632244,True,,,
linear,4.34025,0.7694183905,0.0820902205,0.8426415979999999,True,,,
linear,4.341,0.769421722,0.082075642,0.842650952,True,,,
linear,4.34175,0.7694250535,0.0820610635,0.842660306,True,,,
linear,4.3425,0.769428385,0.082046485,0.84266966,True,,,
linear,4.34325,0.7694317165,0.0820319065,0.842679014,True,,,
linear,4.344,0.7694350480000001,0.082017328,0.842688368,True,,,
linear,4.34475,0.7694383795,0.0820027495,0.842697722,True,,,
linear,4.3454999999999995,0.769441711,0.08198817100000001,0.8427070759999999,True,,,
linear,4.3462499999999995,0.7694450425,0.08197359250000001,0.84271643,True,,,
linear,4.3469999999999995,0.769448374,0.08195901400000001,0.842725784,True,,,
linear,4.34775,0.7694517055,0.08194443550000001,0.842735138,True,,,
linear,4.3485,0.7694550370000001,0.08192985700000001,0.842744492,True,,,
linear,4.34925,0.7694583685,0.08191527850000001,0.842753846,True,,,
linear,4.35,0.7694617,0.0819007,0.8427631999999999,True,,,
linear,4.35075,0.7694650315,0.0818861215,0.842772554,True,,,
linear,4.3515,0.769468363,0.081871543,0.842781908,True,,,
linear,4.35225,0.7694716945,0.0818569645,0.842791262,True,,,
linear,4.353,0.7694750260000001,0.081842386,0.842800616,True,,,
linear,4.35375,0.7694783575,0.0818278075,0.84280997,True,,,
linear,4.3545,0.769481689,0.081813229,0.842819324,True,,,
linear,4.35525,0.7694850205,0.0817986505,0.8428286779999999,True,,,
linear,4.356,0.769488352,0.081784072,0.842838032,True,,,
linear,4.35675,0.7694916835000001,0.0817694935,0.842847386,True,,,
linear,4.3575,0.7694950150000001,0.081754915,0.84285674,True,,,
linear,4.35825,0.7694983465,0.0817403365,0.842866094,True,,,
linear,4.359,0.769501678,0.081725758,0.842875448,True,,,
linear,4.35975,0.7695050095,0.0817111795,0.842884802,True,,,
linear,4.3605,0.769508341,0.08169660100000001,0.842894156,True,,,
linear,4.36125,0.7695116725000001,0.0816820225,0.84290351,True,,,
linear,4.362,0.7695150040000001,0.081667444,0.842912864,True,,,
linear,4.36275,0.7695183355,0.0816528655,0.842922218,True,,,
linear,4.3635,0.769521667,0.081638287,0.842931572,True,,,
linear,4.36425,0.7695249985,0.0816237085,0.842940926,True,,,
linear,4.365,0.76952833,0.08160913,0.8429502799999999,True,,,
linear,4.36575,0.7695316615000001,0.0815945515,0.842959634,True,,,
linear,4.3665,0.7695349930000001,0.081579973,0.842968988,True,,,
linear,4.36725,0.7695383245,0.0815653945,0.842978342,True,,,
linear,4.368,0.769541656,0.081550816,0.842987696,True,,,
linear,4.36875,0.7695449875,0.0815362375,0.84299705,True,,,
linear,4.3695,0.769548319,0.081521659,0.843006404,True,,,
linear,4.37025,0.7695516505000001,0.0815070805,0.843015758,True,,,
linear,4.371,0.769554982,0.081492502,0.843025112,True,,,
linear,4.3717500000000005,0.7695583135,0.0814779235,0.843034466,True,,,
linear,4.3725000000000005,0.769561645,0.08146334499999999,0.84304382,True,,,
linear,4.3732500000000005,0.7695649765,0.08144876649999999,0.843053174,True,,,
linear,4.3740000000000006,0.769568308,0.08143418799999999,0.843062528,True,,,
linear,4.374750000000001,0.7695716395000001,0.08141960949999999,0.843071882,True,,,
linear,4.3755,0.769574971,0.081405031,0.843081236,True,,,
linear,4.37625,0.7695783025,0.0813904525,0.84309059,True,,,
linear,4.377,0.769581634,0.081375874,0.843099944,True,,,
linear,4.37775,0.7695849655,0.0813612955,0.843109298,True,,,
linear,4.3785,0.769588297,0.081346717,0.843118652,True,,,
linear,4.37925,0.7695916285000001,0.0813321385,0.843128006,True,,,
linear,4.38,0.76959496,0.08131756,0.84313736,True,,,
linear,4.38075,0.7695982915,0.0813029815,0.843146714,True,,,
linear,4.3815,0.769601623,0.08128840300000001,0.843156068,True,,,
linear,4.38225,0.7696049545,0.08127382450000001,0.843165422,True,,,
linear,4.383,0.769608286,0.08125924600000001,0.843174776,True,,,
linear,4.38375,0.7696116175000001,0.0812446675,0.84318413,True,,,
linear,4.3845,0.769614949,0.081230089,0.8431934839999999,True,,,
linear,4.38525,0.7696182805,0.0812155105,0.843202838,True,,,
linear,4.386,0.769621612,0.081200932,0.843212192,True,,,
linear,4.38675,0.7696249435,0.0811863535,0.843221546,True,,,
linear,4.3875,0.7696282750000001,0.081171775,0.8432309,True,,,
linear,4.38825,0.7696316065000001,0.0811571965,0.843240254,True,,,
linear,4.389,0.769634938,0.081142618,0.843249608,True,,,
linear,4.38975,0.7696382695,0.0811280395,0.843258962,True,,,
linear,4.3905,0.769641601,0.081113461,0.843268316,True,,,
linear,4.39125,0.7696449325,0.0810988825,0.84327767,True,,,
linear,4.392,0.7696482640000001,0.081084304,0.843287024,True,,,
linear,4.3927499999999995,0.7696515955000001,0.08106972550000001,0.843296378,True,,,
linear,4.3934999999999995,0.769654927,0.08105514700000001,0.843305732,True,,,
linear,4.3942499999999995,0.7696582585,0.08104056850000001,0.8433150859999999,True,,,
linear,4.395,0.76966159,0.08102599,0.84332444,True,,,
linear,4.39575,0.7696649215,0.0810114115,0.843333794,True,,,
linear,4.3965,0.7696682530000001,0.080996833,0.843343148,True,,,
linear,4.39725,0.7696715845000001,0.0809822545,0.843352502,True,,,
linear,4.398,0.769674916,0.080967676,0.843361856,True,,,
linear,4.39875,0.7696782475,0.0809530975,0.84337121,True,,,
linear,4.3995,0.769681579,0.080938519,0.8433805639999999,True,,,
linear,4.40025,0.7696849105,0.0809239405,0.843389918,True,,,
linear,4.401,0.7696882420000001,0.080909362,0.843399272,True,,,
linear,4.40175,0.7696915735000001,0.0808947835,0.843408626,True,,,
linear,4.4025,0.769694905,0.08088020500000001,0.84341798,True,,,
linear,4.40325,0.7696982365,0.08086562650000001,0.843427334,True,,,
linear,4.404,0.769701568,0.08085104800000001,0.843436688,True,,,
linear,4.40475,0.7697048995,0.08083646950000001,0.843446042,True,,,
linear,4.4055,0.7697082310000001,0.080821891,0.843455396,True,,,
linear,4.40625,0.7697115625000001,0.0808073125,0.84346475,True,,,
linear,4.407,0.769714894,0.080792734,0.843474104,True,,,
linear,4.40775,0.7697182255,0.0807781555,0.843483458,True,,,
linear,4.4085,0.769721557,0.080763577,0.843492812,True,,,
linear,4.40925,0.7697248885,0.0807489985,0.8435021659999999,True,,,
linear,4.41,0.7697282200000001,0.08073442,0.84351152,True,,,
linear,4.41075,0.7697315515,0.0807198415,0.843520874,True,,,
linear,4.4115,0.769734883,0.080705263,0.843530228,True,,,
linear,4.41225,0.7697382145,0.0806906845,0.843539582,True,,,
linear,4.413,0.769741546,0.080676106,0.843548936,True,,,
linear,4.41375,0.7697448775,0.0806615275,0.84355829,True,,,
linear,4.4145,0.7697482090000001,0.080646949,0.843567644,True,,,
linear,4.41525,0.7697515405,0.0806323705,0.843576998,True,,,
linear,4.416,0.769754872,0.080617792,0.843586352,True,,,
linear,4.41675,0.7697582035,0.08060321349999999,0.843595706,True,,,
linear,4.4175,0.769761535,0.08058863499999999,0.84360506,True,,,
linear,4.4182500000000005,0.7697648665,0.08057405649999999,0.843614414,True,,,
linear,4.4190000000000005,0.7697681980000001,0.08055947799999999,0.843623768,True,,,
linear,4.4197500000000005,0.7697715295,0.08054489949999999,0.843633122,True,,,
linear,4.4205000000000005,0.769774861,0.08053032099999999,0.843642476,True,,,
linear,4.421250000000001,0.7697781925,0.08051574249999999,0.84365183,True,,,
linear,4.422,0.769781524,0.08050116400000001,0.843661184,True,,,
linear,4.42275,0.7697848555,0.08048658550000001,0.843670538,True,,,
linear,4.4235,0.7697881870000001,0.08047200700000001,0.843679892,True,,,
linear,4.42425,0.7697915185,0.08045742850000001,0.843689246,True,,,
linear,4.425,0.76979485,0.08044285000000001,0.8436986,True,,,
linear,4.42575,0.7697981815,0.08042827150000001,0.843707954,True,,,
linear,4.4265,0.769801513,0.08041369300000001,0.843717308,True,,,
linear,4.42725,0.7698048445000001,0.08039911450000001,0.843726662,True,,,
linear,4.428,0.7698081760000001,0.080384536,0.843736016,True,,,
linear,4.42875,0.7698115075,0.0803699575,0.8437453699999999,True,,,
linear,4.4295,0.769814839,0.080355379,0.843754724,True,,,
linear,4.43025,0.7698181705,0.0803408005,0.843764078,True,,,
linear,4.431,0.769821502,0.080326222,0.843773432,True,,,
linear,4.43175,0.7698248335000001,0.0803116435,0.843782786,True,,,
linear,4.4325,0.7698281650000001,0.080297065,0.84379214,True,,,
linear,4.43325,0.7698314965,0.0802824865,0.843801494,True,,,
linear,4.434,0.769834828,0.080267908,0.843810848,True,,,
linear,4.43475,0.7698381595,0.0802533295,0.843820202,True,,,
linear,4.4355,0.769841491,0.080238751,0.843829556,True,,,
linear,4.43625,0.7698448225000001,0.0802241725,0.84383891,True,,,
linear,4.437,0.7698481540000001,0.080209594,0.843848264,True,,,
linear,4.43775,0.7698514855,0.0801950155,0.843857618,True,,,
linear,4.4385,0.769854817,0.080180437,0.843866972,True,,,
linear,4.43925,0.7698581485,0.08016585849999999,0.843876326,True,,,
linear,4.4399999999999995,0.76986148,0.08015128,0.84388568,True,,,
linear,4.4407499999999995,0.7698648115000001,0.0801367015,0.843895034,True,,,
linear,4.4415,0.7698681430000001,0.080122123,0.843904388,True,,,
linear,4.44225,0.7698714745,0.0801075445,0.843913742,True,,,
linear,4.443,0.769874806,0.08009296600000002,0.843923096,True,,,
linear,4.44375,0.7698781375,0.08007838750000001,0.84393245,True,,,
linear,4.4445,0.769881469,0.08006380900000001,0.843941804,True,,,
linear,4.44525,0.7698848005000001,0.08004923050000001,0.843951158,True,,,
linear,4.446,0.7698881320000001,0.08003465200000001,0.843960512,True,,,
linear,4.44675,0.7698914635,0.08002007350000001,0.843969866,True,,,
linear,4.4475,0.769894795,0.08000549500000001,0.84397922,True,,,
linear,4.44825,0.7698981265,0.07999091650000001,0.8439885739999999,True,,,
linear,4.449,0.769901458,0.07997633800000001,0.843997928,True,,,
linear,4.44975,0.7699047895000001,0.07996175950000001,0.844007282,True,,,
linear,4.4505,0.7699081210000001,0.079947181,0.844016636,True,,,
linear,4.45125,0.7699114525,0.0799326025,0.84402599,True,,,
linear,4.452,0.769914784,0.079918024,0.844035344,True,,,
linear,4.45275,0.7699181155,0.0799034455,0.844044698,True,,,
linear,4.4535,0.769921447,0.079888867,0.8440540519999999,True,,,
linear,4.45425,0.7699247785000001,0.0798742885,0.844063406,True,,,
linear,4.455,0.76992811,0.07985971,0.84407276,True,,,
linear,4.45575,0.7699314415,0.0798451315,0.844082114,True,,,
linear,4.4565,0.769934773,0.079830553,0.844091468,True,,,
linear,4.45725,0.7699381045,0.0798159745,0.844100822,True,,,
linear,4.458,0.769941436,0.079801396,0.844110176,True,,,
linear,4.45875,0.7699447675000001,0.0797868175,0.84411953,True,,,
linear,4.4595,0.769948099,0.079772239,0.844128884,True,,,
linear,4.46025,0.7699514305,0.0797576605,0.844138238,True,,,
linear,4.461,0.769954762,0.07974308199999999,0.844147592,True,,,
linear,4.46175,0.7699580935,0.07972850349999999,0.844156946,True,,,
linear,4.4625,0.7699614250000001,0.07971392499999999,0.8441663,True,,,
linear,4.46325,0.7699647565000001,0.07969934649999999,0.844175654,True,,,
linear,4.464,0.769968088,0.07968476799999999,0.844185008,True,,,
linear,4.46475,0.7699714195,0.07967018949999999,0.844194362,True,,,
linear,4.4655000000000005,0.769974751,0.07965561099999999,0.844203716,True,,,
linear,4.4662500000000005,0.7699780825,0.07964103249999999,0.84421307,True,,,
linear,4.4670000000000005,0.7699814140000001,0.07962645399999999,0.844222424,True,,,
linear,4.4677500000000006,0.7699847455000001,0.07961187549999998,0.844231778,True,,,
linear,4.468500000000001,0.769988077,0.07959729699999998,0.844241132,True,,,
linear,4.46925,0.7699914085,0.07958271850000001,0.844250486,True,,,
linear,4.47,0.76999474,0.07956814000000001,0.84425984,True,,,
linear,4.47075,0.7699980715,0.07955356150000001,0.844269194,True,,,
linear,4.4715,0.7700014030000001,0.07953898300000001,0.844278548,True,,,
linear,4.47225,0.7700047345000001,0.0795244045,0.844287902,True,,,
linear,4.473,0.770008066,0.079509826,0.8442972559999999,True,,,
linear,4.47375,0.7700113975,0.0794952475,0.84430661,True,,,
linear,4.4745,0.770014729,0.079480669,0.844315964,True,,,
linear,4.47525,0.7700180605,0.0794660905,0.844325318,True,,,
linear,4.476,0.7700213920000001,0.079451512,0.844334672,True,,,
linear,4.47675,0.7700247235000001,0.0794369335,0.844344026,True,,,
linear,4.4775,0.770028055,0.079422355,0.84435338,True,,,
linear,4.47825,0.7700313865,0.0794077765,0.844362734,True,,,
linear,4.479,0.770034718,0.079393198,0.844372088,True,,,
linear,4.47975,0.7700380495,0.0793786195,0.844381442,True,,,
linear,4.4805,0.7700413810000001,0.079364041,0.844390796,True,,,
linear,4.48125,0.7700447125000001,0.0793494625,0.84440015,True,,,
linear,4.482,0.770048044,0.079334884,0.844409504,True,,,
linear,4.48275,0.7700513755,0.0793203055,0.844418858,True,,,
linear,4.4835,0.770054707,0.07930572699999999,0.844428212,True,,,
linear,4.48425,0.7700580385,0.07929114849999999,0.844437566,True,,,
linear,4.485,0.7700613700000001,0.07927656999999999,0.84444692,True,,,
linear,4.48575,0.7700647015000001,0.07926199149999999,0.844456274,True,,,
linear,4.4864999999999995,0.770068033,0.07924741300000002,0.844465628,True,,,
linear,4.4872499999999995,0.7700713645,0.07923283450000002,0.844474982,True,,,
linear,4.4879999999999995,0.770074696,0.07921825600000001,0.844484336,True,,,
linear,4.48875,0.7700780275,0.07920367750000001,0.84449369,True,,,
linear,4.4895,0.7700813590000001,0.07918909900000001,0.844503044,True,,,
linear,4.49025,0.7700846905000001,0.07917452050000001,0.844512398,True,,,
linear,4.491,0.770088022,0.07915994200000001,0.844521752,True,,,
linear,4.49175,0.7700913535,0.07914536350000001,0.844531106,True,,,
linear,4.4925,0.770094685,0.07913078500000001,0.8445404599999999,True,,,
linear,4.49325,0.7700980165,0.07911620650000001,0.844549814,True,,,
linear,4.494,0.7701013480000001,0.07910162800000001,0.844559168,True,,,
linear,4.49475,0.7701046795000001,0.0790870495,0.844568522,True,,,
linear,4.4955,0.770108011,0.079072471,0.844577876,True,,,
linear,4.49625,0.7701113425,0.0790578925,0.84458723,True,,,
linear,4.497,0.770114674,0.079043314,0.844596584,True,,,
linear,4.49775,0.7701180055,0.0790287355,0.844605938,True,,,
linear,4.4985,0.7701213370000001,0.079014157,0.844615292,True,,,
linear,4.49925,0.7701246685,0.0789995785,0.844624646,True,,,
linear,4.5,0.770128,0.078985,0.844634,True,,,
linear_summary,,,,,True,2001.0,2001.0,0.0029451872431920934
pchip,3.0,0.740827,0.123952,0.8731,True,,,
pchip,3.00075,0.7408475768010643,0.12391341502402049,0.8730233135715508,True,,,
pchip,3.0015,0.7408681532042494,0.1238748441086587,0.8729466295080816,True,,,
pchip,3.00225,0.7408887292095431,0.12383628727277976,0.8728699481424089,True,,,
pchip,3.003,0.740909304816934,0.12379774453524876,0.8727932698073502,True,,,
pchip,3.00375,0.7409298800264099,0.12375921591493082,0.8727165948357223,True,,,
pchip,3.0045,0.7409504548379592,0.12372070143069105,0.8726399235603423,True,,,
pchip,3.00525,0.7409710292515699,0.12368220110139458,0.872563256314027,True,,,
pchip,3.006,0.7409916032672301,0.12364371494590654,0.8724865934295938,True,,,
pchip,3.00675,0.7410121768849283,0.12360524298309199,0.8724099352398593,True,,,
pchip,3.0075,0.7410327501046522,0.12356678523181605,0.8723332820776408,True,,,
pchip,3.00825,0.7410533229263904,0.12352834171094389,0.8722566342757553,True,,,
pchip,3.009,0.7410738953501307,0.12348991243934056,0.8721799921670197,True,,,
pchip,3.00975,0.7410944673758613,0.12345149743587121,0.8721033560842509,True,,,
pchip,3.0105,0.7411150390035705,0.12341309671940091,0.8720267263602662,True,,,
pchip,3.01125,0.7411356102332465,0.12337471030879484,0.8719501033278826,True,,,
pchip,3.012,0.7411561810648771,0.12333633822291808,0.871873487319917,True,,,
pchip,3.01275,0.7411767514984509,0.12329798048063573,0.8717968786691863,True,,,
pchip,3.0135,0.7411973215339558,0.12325963710081293,0.8717202777085077,True,,,
pchip,3.01425,0.7412178911713798,0.12322130810231476,0.8716436847706982,True,,,
pchip,3.015,0.7412384604107114,0.12318299350400636,0.8715671001885749,True,,,
pchip,3.01575,0.7412590292519387,0.12314469332475282,0.8714905242949545,True,,,
pchip,3.0165,0.7412795976950497,0.1231064075834193,0.8714139574226545,True,,,
pchip,3.01725,0.7413001657400325,0.12306813629887085,0.8713373999044914,True,,,
pchip,3.018,0.7413207333868755,0.12302987948997265,0.8712608520732825,True,,,
pchip,3.01875,0.7413413006355667,0.12299163717558977,0.871184314261845,True,,,
pchip,3.0195,0.7413618674860942,0.1229534093745873,0.8711077868029955,True,,,
pchip,3.02025,0.7413824339384463,0.12291519610583042,0.8710312700295512,True,,,
pchip,3.021,0.7414029999926111,0.12287699738818418,0.8709547642743293,True,,,
pchip,3.02175,0.7414235656485766,0.12283881324051374,0.8708782698701465,True,,,
pchip,3.0225,0.7414441309063311,0.1228006436816842,0.8708017871498199,True,,,
pchip,3.02325,0.7414646957658628,0.12276248873056064,0.8707253164461667,True,,,
pchip,3.024,0.7414852602271599,0.12272434840600822,0.8706488580920039,True,,,
pchip,3.02475,0.7415058242902104,0.12268622272689203,0.8705724124201482,True,,,
pchip,3.0255,0.7415263879550024,0.12264811171207718,0.8704959797634169,True,,,
pchip,3.02625,0.7415469512215243,0.1226100153804288,0.870419560454627,True,,,
pchip,3.027,0.741567514089764,0.12257193375081199,0.8703431548265954,True,,,
pchip,3.02775,0.7415880765597097,0.12253386684209189,0.8702667632121394,True,,,
pchip,3.0285,0.7416086386313498,0.12249581467313356,0.8701903859440756,True,,,
pchip,3.02925,0.741629200304672,0.12245777726280216,0.8701140233552213,True,,,
pchip,3.03,0.741649761579665,0.12241975462996278,0.8700376757783934,True,,,
pchip,3.03075,0.7416703224563166,0.12238174679348054,0.869961343546409,True,,,
pchip,3.0315,0.741690882934615,0.12234375377222056,0.869885026992085,True,,,
pchip,3.03225,0.7417114430145484,0.12230577558504796,0.8698087264482386,True,,,
pchip,3.033,0.7417320026961048,0.12226781225082782,0.8697324422476866,True,,,
pchip,3.03375,0.7417525619792726,0.12222986378842526,0.8696561747232463,True,,,
pchip,3.0345,0.74177312086404,0.12219193021670542,0.8695799242077344,True,,,
pchip,3.03525,0.7417936793503949,0.1221540115545334,0.8695036910339682,True,,,
pchip,3.036,0.7418142374383254,0.12211610782077433,0.8694274755347645,True,,,
pchip,3.03675,0.7418347951278199,0.12207821903429329,0.8693512780429404,True,,,
pchip,3.0375,0.7418553524188665,0.1220403452139554,0.8692750988913129,True,,,
pchip,3.03825,0.7418759093114533,0.12200248637862579,0.8691989384126991,True,,,
pchip,3.039,0.7418964658055686,0.12196464254716957,0.8691227969399159,True,,,
pchip,3.03975,0.7419170219012002,0.12192681373845184,0.8690466748057806,True,,,
pchip,3.0405,0.7419375775983367,0.12188899997133774,0.8689705723431097,True,,,
pchip,3.04125,0.7419581328969657,0.12185120126469237,0.8688944898847206,True,,,
pchip,3.042,0.7419786877970759,0.12181341763738085,0.8688184277634302,True,,,
pchip,3.04275,0.7419992422986552,0.12177564910826824,0.8687423863120556,True,,,
pchip,3.0435,0.7420197964016919,0.12173789569621972,0.8686663658634137,True,,,
pchip,3.04425,0.7420403501061738,0.12170015742010036,0.8685903667503216,True,,,
pchip,3.045,0.7420609034120894,0.12166243429877531,0.8685143893055963,True,,,
pchip,3.04575,0.7420814563194268,0.12162472635110967,0.8684384338620547,True,,,
pchip,3.0465,0.7421020088281741,0.12158703359596855,0.8683625007525141,True,,,
pchip,3.04725,0.7421225609383195,0.12154935605221703,0.8682865903097913,True,,,
pchip,3.048,0.742143112649851,0.12151169373872027,0.8682107028667033,True,,,
pchip,3.04875,0.7421636639627568,0.12147404667434337,0.8681348387560672,True,,,
pchip,3.0495,0.7421842148770253,0.12143641487795145,0.8680589983107,True,,,
pchip,3.05025,0.7422047653926445,0.12139879836840962,0.8679831818634188,True,,,
pchip,3.051,0.7422253155096024,0.12136119716458298,0.8679073897470405,True,,,
pchip,3.05175,0.7422458652278873,0.12132361128533665,0.8678316222943822,True,,,
pchip,3.0525,0.7422664145474872,0.12128604074953574,0.8677558798382609,True,,,
pchip,3.05325,0.7422869634683906,0.12124848557604541,0.8676801627114935,True,,,
pchip,3.054,0.7423075119905853,0.12121094578373068,0.867604471246897,True,,,
pchip,3.05475,0.7423280601140597,0.12117342139145672,0.8675288057772887,True,,,
pchip,3.0555,0.7423486078388019,0.12113591241808866,0.8674531666354854,True,,,
pchip,3.05625,0.7423691551647997,0.12109841888249158,0.8673775541543042,True,,,
pchip,3.057,0.7423897020920418,0.1210609408035306,0.867301968666562,True,,,
pchip,3.05775,0.7424102486205161,0.12102347820007084,0.8672264105050758,True,,,
pchip,3.0585,0.7424307947502107,0.1209860310909774,0.8671508800026628,True,,,
pchip,3.05925,0.7424513404811138,0.1209485994951154,0.8670753774921399,True,,,
pchip,3.06,0.7424718858132136,0.12091118343134998,0.8669999033063243,True,,,
pchip,3.06075,0.7424924307464982,0.12087378291854622,0.8669244577780327,True,,,
pchip,3.0615,0.7425129752809557,0.12083639797556925,0.8668490412400823,True,,,
pchip,3.06225,0.7425335194165746,0.12079902862128417,0.8667736540252902,True,,,
pchip,3.063,0.7425540631533426,0.1207616748745561,0.8666982964664732,True,,,
pchip,3.06375,0.7425746064912481,0.12072433675425016,0.8666229688964484,True,,,
pchip,3.0645,0.742595149430279,0.12068701427923147,0.8665476716480331,True,,,
pchip,3.06525,0.7426156919704238,0.1206497074683651,0.8664724050540439,True,,,
pchip,3.066,0.7426362341116705,0.12061241634051623,0.866397169447298,True,,,
pchip,3.06675,0.7426567758540072,0.12057514091454989,0.8663219651606124,True,,,
pchip,3.0675,0.742677317197422,0.12053788120933127,0.8662467925268041,True,,,
pchip,3.06825,0.7426978581419034,0.12050063724372544,0.8661716518786903,True,,,
pchip,3.069,0.7427183986874392,0.12046340903659751,0.8660965435490877,True,,,
pchip,3.06975,0.7427389388340175,0.12042619660681265,0.8660214678708135,True,,,
pchip,3.0705,0.7427594785816269,0.12038899997323592,0.8659464251766846,True,,,
pchip,3.07125,0.7427800179302552,0.12035181915473242,0.8658714157995182,True,,,
pchip,3.072,0.7428005568798904,0.12031465417016732,0.8657964400721313,True,,,
pchip,3.07275,0.7428210954305211,0.12027750503840569,0.8657214983273408,True,,,
pchip,3.0735,0.7428416335821352,0.12024037177831265,0.8656465908979637,True,,,
pchip,3.07425,0.742862171334721,0.12020325440875333,0.8655717181168172,True,,,
pchip,3.075,0.7428827086882662,0.12016615294859283,0.865496880316718,True,,,
pchip,3.07575,0.7429032456427596,0.12012906741669625,0.8654220778304835,True,,,
pchip,3.0765,0.7429237821981889,0.12009199783192877,0.8653473109909305,True,,,
pchip,3.07725,0.7429443183545424,0.1200549442131554,0.8652725801308759,True,,,
pchip,3.078,0.7429648541118083,0.12001790657924132,0.865197885583137,True,,,
pchip,3.07875,0.7429853894699748,0.11998088494905162,0.8651232276805307,True,,,
pchip,3.0795,0.7430059244290298,0.11994387934145144,0.865048606755874,True,,,
pchip,3.08025,0.7430264589889617,0.11990688977530588,0.8649740231419839,True,,,
pchip,3.081,0.7430469931497586,0.11986991626948001,0.8648994771716775,True,,,
pchip,3.08175,0.7430675269114085,0.11983295884283901,0.8648249691777719,True,,,
pchip,3.0825,0.7430880602738998,0.11979601751424797,0.8647504994930837,True,,,
pchip,3.08325,0.7431085932372203,0.11975909230257198,0.8646760684504302,True,,,
pchip,3.084,0.7431291258013587,0.11972218322667619,0.8646016763826285,True,,,
pchip,3.08475,0.7431496579663027,0.11968529030542567,0.8645273236224955,True,,,
pchip,3.0855,0.7431701897320406,0.11964841355768557,0.8644530105028483,True,,,
pchip,3.08625,0.7431907210985607,0.11961155300232099,0.8643787373565038,True,,,
pchip,3.087,0.7432112520658507,0.11957470865819705,0.864304504516279,True,,,
pchip,3.08775,0.7432317826338991,0.11953788054417887,0.8642303123149913,True,,,
pchip,3.0885,0.7432523128026941,0.11950106867913154,0.864156161085457,True,,,
pchip,3.08925,0.7432728425722238,0.11946427308192019,0.8640820511604939,True,,,
pchip,3.09,0.7432933719424762,0.1194274937714099,0.8640079828729185,True,,,
pchip,3.09075,0.7433139009134395,0.11939073076646584,0.8639339565555479,True,,,
pchip,3.0915,0.7433344294851022,0.11935398408595307,0.8638599725411993,True,,,
pchip,3.09225,0.743354957657452,0.11931725374873674,0.8637860311626895,True,,,
pchip,3.093,0.7433754854304773,0.11928053977368194,0.8637121327528356,True,,,
pchip,3.09375,0.7433960128041661,0.11924384217965382,0.8636382776444548,True,,,
pchip,3.0945,0.7434165397785065,0.11920716098551745,0.8635644661703639,True,,,
pchip,3.09525,0.743437066353487,0.11917049621013795,0.8634906986633799,True,,,
pchip,3.096,0.7434575925290955,0.11913384787238046,0.8634169754563199,True,,,
pchip,3.09675,0.7434781183053202,0.11909721599111006,0.863343296882001,True,,,
pchip,3.0975,0.7434986436821492,0.1190606005851919,0.8632696632732401,True,,,
pchip,3.09825,0.7435191686595708,0.11902400167349106,0.8631960749628541,True,,,
pchip,3.099,0.7435396932375729,0.11898741927487266,0.8631225322836603,True,,,
pchip,3.0997500000000002,0.7435602174161439,0.11895085340820184,0.8630490355684756,True,,,
pchip,3.1005,0.7435807411952718,0.1189143040923437,0.862975585150117,True,,,
pchip,3.10125,0.7436012645749449,0.11887777134616333,0.8629021813614015,True,,,
pchip,3.102,0.7436217875551513,0.11884125518852585,0.8628288245351461,True,,,
pchip,3.10275,0.743642310135879,0.11880475563829639,0.8627555150041678,True,,,
pchip,3.1035,0.7436628323171164,0.11876827271434007,0.8626822531012838,True,,,
pchip,3.10425,0.7436833540988513,0.11873180643552196,0.8626090391593109,True,,,
pchip,3.105,0.7437038754810724,0.11869535682070723,0.8625358735110661,True,,,
pchip,3.10575,0.7437243964637673,0.11865892388876095,0.8624627564893667,True,,,
pchip,3.1065,0.7437449170469245,0.11862250765854826,0.8623896884270295,True,,,
pchip,3.10725,0.743765437230532,0.11858610814893425,0.8623166696568715,True,,,
pchip,3.108,0.743785957014578,0.11854972537878405,0.8622437005117097,True,,,
pchip,3.10875,0.7438064763990506,0.11851335936696276,0.8621707813243613,True,,,
pchip,3.1095,0.7438269953839383,0.11847701013233553,0.8620979124276432,True,,,
pchip,3.11025,0.7438475139692285,0.11844067769376741,0.8620250941543723,True,,,
pchip,3.111,0.7438680321549102,0.11840436207012356,0.861952326837366,True,,,
pchip,3.11175,0.743888549940971,0.11836806328026911,0.861879610809441,True,,,
pchip,3.1125,0.7439090673273991,0.11833178134306913,0.8618069464034143,True,,,
pchip,3.11325,0.743929584314183,0.11829551627738874,0.861734333952103,True,,,
pchip,3.114,0.7439501009013104,0.11825926810209307,0.8616617737883241,True,,,
pchip,3.11475,0.7439706170887698,0.1182230368360472,0.8615892662448946,True,,,
pchip,3.1155,0.7439911328765494,0.11818682249811628,0.8615168116546316,True,,,
pchip,3.11625,0.744011648264637,0.11815062510716542,0.8614444103503521,True,,,
pchip,3.117,0.744032163253021,0.11811444468205971,0.861372062664873,True,,,
pchip,3.11775,0.7440526778416893,0.1180782812416643,0.8612997689310115,True,,,
pchip,3.1185,0.7440731920306305,0.11804213480484428,0.8612275294815843,True,,,
pchip,3.11925,0.7440937058198325,0.11800600539046474,0.8611553446494088,True,,,
pchip,3.12,0.7441142192092833,0.11796989301739083,0.861083214767302,True,,,
pchip,3.12075,0.7441347321989714,0.11793379770448766,0.8610111401680806,True,,,
pchip,3.1215,0.7441552447888846,0.11789771947062033,0.8609391211845617,True,,,
pchip,3.12225,0.7441757569790112,0.11786165833465395,0.8608671581495626,True,,,
pchip,3.123,0.7441962687693394,0.11782561431545363,0.8607952513959001,True,,,
pchip,3.12375,0.7442167801598575,0.11778958743188454,0.8607234012563912,True,,,
pchip,3.1245,0.7442372911505533,0.11775357770281171,0.8606516080638529,True,,,
pchip,3.12525,0.744257801741415,0.11771758514710029,0.8605798721511024,True,,,
pchip,3.126,0.7442783119324312,0.1176816097836154,0.8605081938509566,True,,,
pchip,3.12675,0.7442988217235895,0.11764565163122213,0.8604365734962324,True,,,
pchip,3.1275,0.7443193311148785,0.11760971070878565,0.8603650114197469,True,,,
pchip,3.12825,0.744339840106286,0.117573787035171,0.8602935079543171,True,,,
pchip,3.129,0.7443603486978003,0.11753788062924334,0.8602220634327603,True,,,
pchip,3.12975,0.7443808568894095,0.11750199150986776,0.8601506781878931,True,,,
pchip,3.1305,0.7444013646811019,0.11746611969590938,0.8600793525525328,True,,,
pchip,3.13125,0.7444218720728656,0.11743026520623334,0.8600080868594963,True,,,
pchip,3.132,0.7444423790646887,0.11739442805970471,0.8599368814416006,True,,,
pchip,3.13275,0.7444628856565593,0.11735860827518863,0.8598657366316628,True,,,
pchip,3.1335,0.7444833918484656,0.1173228058715502,0.8597946527624997,True,,,
pchip,3.13425,0.7445038976403958,0.11728702086765454,0.8597236301669287,True,,,
pchip,3.135,0.744524403032338,0.1172512532823668,0.8596526691777665,True,,,
pchip,3.13575,0.7445449080242805,0.11721550313455201,0.8595817701278302,True,,,
pchip,3.1365,0.7445654126162113,0.11717977044307533,0.8595109333499369,True,,,
pchip,3.13725,0.7445859168081185,0.1171440552268019,0.8594401591769035,True,,,
pchip,3.138,0.7446064205999903,0.11710835750459679,0.8593694479415472,True,,,
pchip,3.13875,0.7446269239918151,0.11707267729532513,0.8592987999766848,True,,,
pchip,3.1395,0.7446474269835808,0.11703701461785201,0.8592282156151335,True,,,
pchip,3.14025,0.7446679295752755,0.11700136949104259,0.8591576951897102,True,,,
pchip,3.141,0.7446884317668874,0.11696574193376195,0.8590872390332318,True,,,
pchip,3.14175,0.7447089335584048,0.11693013196487523,0.8590168474785158,True,,,
pchip,3.1425,0.7447294349498158,0.11689453960324751,0.8589465208583786,True,,,
pchip,3.14325,0.7447499359411085,0.11685896486774391,0.8588762595056376,True,,,
pchip,3.144,0.7447704365322712,0.11682340777722956,0.8588060637531096,True,,,
pchip,3.14475,0.7447909367232917,0.11678786835056956,0.8587359339336119,True,,,
pchip,3.1455,0.7448114365141584,0.11675234660662905,0.8586658703799613,True,,,
pchip,3.14625,0.7448319359048595,0.11671684256427312,0.8585958734249748,True,,,
pchip,3.147,0.7448524348953831,0.11668135624236688,0.8585259434014696,True,,,
pchip,3.14775,0.7448729334857173,0.11664588765977545,0.8584560806422624,True,,,
pchip,3.1485,0.7448934316758502,0.11661043683536391,0.8583862854801706,True,,,
pchip,3.14925,0.7449139294657703,0.11657500378799743,0.8583165582480109,True,,,
pchip,3.15,0.7449344268554653,0.11653958853654109,0.8582468992786005,True,,,
pchip,3.15075,0.7449549238449237,0.11650419109986002,0.8581773089047565,True,,,
pchip,3.1515,0.7449754204341333,0.11646881149681933,0.8581077874592958,True,,,
pchip,3.15225,0.7449959166230826,0.1164334497462841,0.8580383352750354,True,,,
pchip,3.153,0.7450164124117595,0.11639810586711949,0.8579689526847921,True,,,
pchip,3.15375,0.7450369078001524,0.11636277987819059,0.8578996400213833,True,,,
pchip,3.1545,0.7450574027882493,0.11632747179836252,0.857830397617626,True,,,
pchip,3.15525,0.7450778973760384,0.11629218164650039,0.857761225806337,True,,,
pchip,3.156,0.7450983915635079,0.1162569094414693,0.8576921249203333,True,,,
pchip,3.15675,0.7451188853506455,0.11622165520213439,0.8576230952924321,True,,,
pchip,3.1575,0.7451393787374402,0.11618641894736076,0.8575541372554502,True,,,
pchip,3.15825,0.7451598717238794,0.11615120069601355,0.857485251142205,True,,,
pchip,3.159,0.7451803643099516,0.11611600046695782,0.8574164372855131,True,,,
pchip,3.15975,0.745200856495645,0.1160808182790587,0.8573476960181917,True,,,
pchip,3.1605,0.7452213482809475,0.11604565415118133,0.8572790276730579,True,,,
pchip,3.16125,0.7452418396658476,0.1160105081021908,0.8572104325829285,True,,,
pchip,3.162,0.745262330650333,0.11597538015095223,0.8571419110806207,True,,,
pchip,3.16275,0.7452828212343924,0.11594027031633071,0.8570734634989514,True,,,
pchip,3.1635,0.7453033114180135,0.11590517861719139,0.8570050901707377,True,,,
pchip,3.16425,0.7453238012011846,0.11587010507239938,0.8569367914287965,True,,,
pchip,3.165,0.7453442905838938,0.11583504970081981,0.856868567605945,True,,,
pchip,3.16575,0.7453647795661296,0.11580001252131773,0.8568004190350001,True,,,
pchip,3.1665,0.7453852681478796,0.11576499355275828,0.856732346048779,True,,,
pchip,3.16725,0.7454057563291324,0.1157299928140066,0.8566643489800985,True,,,
pchip,3.168,0.7454262441098758,0.11569501032392779,0.8565964281617756,True,,,
pchip,3.16875,0.7454467314900983,0.11566004610138697,0.8565285839266273,True,,,
pchip,3.1695,0.7454672184697879,0.11562510016524921,0.8564608166074709,True,,,
pchip,3.1702500000000002,0.7454877050489328,0.11559017253437967,0.8563931265371232,True,,,
pchip,3.171,0.745508191227521,0.11555526322764349,0.8563255140484013,True,,,
pchip,3.17175,0.7455286770055407,0.11552037226390569,0.8562579794741221,True,,,
pchip,3.1725,0.7455491623829802,0.11548549966203145,0.8561905231471026,True,,,
pchip,3.17325,0.7455696473598276,0.11545064544088586,0.85612314540016,True,,,
pchip,3.174,0.7455901319360709,0.11541580961933405,0.8560558465661112,True,,,
pchip,3.17475,0.7456106161116983,0.11538099221624111,0.8559886269777732,True,,,
pchip,3.1755,0.7456310998866981,0.11534619325047221,0.8559214869679632,True,,,
pchip,3.17625,0.7456515832610585,0.11531141274089238,0.855854426869498,True,,,
pchip,3.177,0.7456720662347674,0.11527665070636679,0.8557874470151946,True,,,
pchip,3.17775,0.7456925488078132,0.11524190716576053,0.8557205477378702,True,,,
pchip,3.1785,0.7457130309801838,0.11520718213793875,0.8556537293703417,True,,,
pchip,3.17925,0.7457335127518676,0.11517247564176651,0.8555869922454261,True,,,
pchip,3.18,0.7457539941228526,0.11513778769610894,0.8555203366959405,True,,,
pchip,3.18075,0.7457744750931269,0.11510311831983118,0.8554537630547019,True,,,
pchip,3.1814999999999998,0.745794955662679,0.11506846753179834,0.8553872716545272,True,,,
pchip,3.18225,0.7458154358314966,0.11503383535087548,0.8553208628282337,True,,,
pchip,3.183,0.7458359155995682,0.11499922179592777,0.8552545369086381,True,,,
pchip,3.18375,0.7458563949668816,0.11496462688582029,0.8551882942285576,True,,,
pchip,3.1845,0.7458768739334253,0.11493005063941818,0.8551221351208091,True,,,
pchip,3.18525,0.7458973524991873,0.11489549307558655,0.8550560599182098,True,,,
pchip,3.186,0.7459178306641557,0.11486095421319048,0.8549900689535765,True,,,
pchip,3.18675,0.7459383084283189,0.11482643407109512,0.8549241625597265,True,,,
pchip,3.1875,0.7459587857916646,0.11479193266816558,0.8548583410694763,True,,,
pchip,3.18825,0.7459792627541816,0.11475745002326694,0.8547926048156436,True,,,
pchip,3.189,0.7459997393158575,0.11472298615526436,0.8547269541310448,True,,,
pchip,3.18975,0.7460202154766806,0.11468854108302293,0.8546613893484973,True,,,
pchip,3.1905,0.7460406912366392,0.11465411482540774,0.8545959108008181,True,,,
pchip,3.19125,0.7460611665957212,0.11461970740128394,0.854530518820824,True,,,
pchip,3.192,0.746081641553915,0.11458531882951663,0.8544652137413322,True,,,
pchip,3.19275,0.7461021161112087,0.11455094912897092,0.8543999958951597,True,,,
pchip,3.1935000000000002,0.7461225902675903,0.11451659831851194,0.8543348656151233,True,,,
pchip,3.19425,0.7461430640230482,0.11448226641700479,0.8542698232340404,True,,,
pchip,3.195,0.7461635373775702,0.11444795344331458,0.8542048690847277,True,,,
pchip,3.19575,0.7461840103311449,0.11441365941630643,0.8541400035000024,True,,,
pchip,3.1965,0.7462044828837601,0.11437938435484543,0.8540752268126813,True,,,
pchip,3.19725,0.746224955035404,0.11434512827779672,0.8540105393555818,True,,,
pchip,3.198,0.746245426786065,0.1143108912040254,0.8539459414615206,True,,,
pchip,3.19875,0.746265898135731,0.11427667315239662,0.8538814334633147,True,,,
pchip,3.1995,0.7462863690843902,0.11424247414177544,0.8538170156937813,True,,,
pchip,3.20025,0.7463068396320308,0.11420829419102699,0.8537526884857374,True,,,
pchip,3.201,0.7463273097786411,0.1141741333190164,0.8536884521719998,True,,,
pchip,3.20175,0.7463477795242089,0.11413999154460874,0.8536243070853858,True,,,
pchip,3.2025,0.7463682488687228,0.1141058688866692,0.8535602535587122,True,,,
pchip,3.20325,0.7463887178121703,0.11407176536406284,0.8534962919247963,True,,,
pchip,3.204,0.7464091863545402,0.11403768099565477,0.8534324225164547,True,,,
pchip,3.20475,0.7464296544958205,0.11400361580031013,0.8533686456665047,True,,,
pchip,3.2055,0.7464501222359993,0.11396956979689402,0.8533049617077633,True,,,
pchip,3.20625,0.7464705895750645,0.11393554300427153,0.8532413709730474,True,,,
pchip,3.207,0.7464910565130046,0.11390153544130781,0.8531778737951742,True,,,
pchip,3.20775,0.7465115230498075,0.11386754712686795,0.8531144705069605,True,,,
pchip,3.2085,0.7465319891854617,0.11383357807981709,0.8530511614412235,True,,,
pchip,3.20925,0.7465524549199549,0.1137996283190203,0.8529879469307802,True,,,
pchip,3.21,0.7465729202532757,0.11376569786334273,0.8529248273084474,True,,,
pchip,3.21075,0.7465933851854119,0.11373178673164948,0.8528618029070425,True,,,
pchip,3.2115,0.7466138497163518,0.11369789494280566,0.852798874059382,True,,,
pchip,3.21225,0.7466343138460836,0.11366402251567638,0.8527360410982836,True,,,
pchip,3.213,0.7466547775745954,0.11363016946912678,0.8526733043565636,True,,,
pchip,3.21375,0.7466752409018753,0.11359633582202196,0.8526106641670396,True,,,
pchip,3.2145,0.7466957038279116,0.113562521593227,0.8525481208625282,True,,,
pchip,3.21525,0.7467161663526923,0.11352872680160705,0.8524856747758467,True,,,
pchip,3.216,0.7467366284762056,0.11349495146602723,0.852423326239812,True,,,
pchip,3.21675,0.7467570901984398,0.11346119560535263,0.852361075587241,True,,,
pchip,3.2175,0.7467775515193827,0.11342745923844838,0.8522989231509511,True,,,
pchip,3.21825,0.7467980124390229,0.11339374238417957,0.8522368692637589,True,,,
pchip,3.219,0.7468184729573482,0.11336004506141134,0.8521749142584815,True,,,
pchip,3.21975,0.7468389330743469,0.11332636728900877,0.8521130584679361,True,,,
pchip,3.2205,0.7468593927900071,0.11329270908583701,0.8520513022249395,True,,,
pchip,3.22125,0.7468798521043172,0.11325907047076114,0.8519896458623089,True,,,
pchip,3.222,0.7469003110172648,0.1132254514626463,0.8519280897128613,True,,,
pchip,3.22275,0.7469207695288387,0.1131918520803576,0.8518666341094135,True,,,
pchip,3.2235,0.7469412276390266,0.11315827234276014,0.8518052793847829,True,,,
pchip,3.22425,0.7469616853478168,0.11312471226871904,0.8517440258717861,True,,,
pchip,3.225,0.7469821426551976,0.11309117187709941,0.8516828739032404,True,,,
pchip,3.22575,0.7470025995611568,0.11305765118676636,0.8516218238119627,True,,,
pchip,3.2265,0.747023056065683,0.11302415021658503,0.8515608759307701,True,,,
pchip,3.22725,0.747043512168764,0.1129906689854205,0.8515000305924796,True,,,
pchip,3.228,0.7470639678703881,0.1129572075121379,0.8514392881299082,True,,,
pchip,3.22875,0.7470844231705434,0.11292376581560236,0.8513786488758729,True,,,
pchip,3.2295,0.7471048780692181,0.11289034391467895,0.8513181131631907,True,,,
pchip,3.23025,0.7471253325664003,0.1128569418282328,0.8512576813246786,True,,,
pchip,3.231,0.7471457866620782,0.11282355957512905,0.8511973536931537,True,,,
pchip,3.23175,0.74716624035624,0.11279019717423276,0.8511371306014329,True,,,
pchip,3.2325,0.7471866936488738,0.11275685464440911,0.8510770123823335,True,,,
pchip,3.23325,0.7472071465399678,0.11272353200452316,0.8510169993686721,True,,,
pchip,3.234,0.7472275990295099,0.11269022927344005,0.8509570918932661,True,,,
pchip,3.23475,0.7472480511174886,0.11265694647002489,0.8508972902889321,True,,,
pchip,3.2355,0.7472685028038919,0.11262368361314277,0.8508375948884874,True,,,
pchip,3.23625,0.7472889540887079,0.11259044072165884,0.8507780060247492,True,,,
pchip,3.237,0.7473094049719249,0.11255721781443818,0.8507185240305342,True,,,
pchip,3.23775,0.7473298554535307,0.11252401491034593,0.8506591492386595,True,,,
pchip,3.2385,0.747350305533514,0.1124908320282472,0.8505998819819421,True,,,
pchip,3.23925,0.7473707552118627,0.11245766918700706,0.8505407225931991,True,,,
pchip,3.24,0.7473912044885649,0.11242452640549068,0.8504816714052474,True,,,
pchip,3.24075,0.7474116533636087,0.11239140370256318,0.8504227287509042,True,,,
pchip,3.2415,0.7474321018369824,0.11235830109708962,0.8503638949629863,True,,,
pchip,3.24225,0.747452549908674,0.11232521860793514,0.8503051703743109,True,,,
pchip,3.243,0.7474729975786719,0.11229215625396485,0.8502465553176948,True,,,
pchip,3.24375,0.7474934448469641,0.11225911405404386,0.8501880501259552,True,,,
pchip,3.2445,0.7475138917135387,0.11222609202703727,0.8501296551319093,True,,,
pchip,3.24525,0.7475343381783838,0.11219309019181024,0.8500713706683738,True,,,
pchip,3.246,0.7475547842414877,0.11216010856722786,0.8500131970681658,True,,,
pchip,3.24675,0.7475752299028385,0.11212714717215522,0.8499551346641021,True,,,
pchip,3.2475,0.7475956751624245,0.11209420602545746,0.8498971837890001,True,,,
pchip,3.24825,0.7476161200202337,0.11206128514599965,0.8498393447756768,True,,,
pchip,3.249,0.7476365644762542,0.11202838455264698,0.849781617956949,True,,,
pchip,3.24975,0.7476570085304742,0.1119955042642645,0.8497240036656337,True,,,
pchip,3.2505,0.747677452182882,0.11196264429971736,0.849666502234548,True,,,
pchip,3.25125,0.7476978954334655,0.11192980467787064,0.849609113996509,True,,,
pchip,3.252,0.7477183382822131,0.11189698541758951,0.8495518392843336,True,,,
pchip,3.25275,0.7477387807291127,0.11186418653773901,0.8494946784308389,True,,,
pchip,3.2535,0.7477592227741527,0.11183140805718428,0.849437631768842,True,,,
pchip,3.25425,0.7477796644173212,0.11179864999479044,0.8493806996311597,True,,,
pchip,3.255,0.7478001056586062,0.11176591236942261,0.8493238823506091,True,,,
pchip,3.25575,0.7478205464979961,0.11173319519994591,0.8492671802600072,True,,,
pchip,3.2565,0.7478409869354787,0.11170049850522543,0.8492105936921712,True,,,
pchip,3.25725,0.7478614269710425,0.11166782230412628,0.8491541229799179,True,,,
pchip,3.258,0.7478818666046756,0.1116351666155136,0.8490977684560644,True,,,
pchip,3.25875,0.7479023058363661,0.11160253145825248,0.8490415304534277,True,,,
pchip,3.2595,0.7479227446661019,0.11156991685120805,0.8489854093048248,True,,,
pchip,3.26025,0.7479431830938715,0.11153732281324541,0.8489294053430728,True,,,
pchip,3.261,0.7479636211196629,0.11150474936322971,0.8488735189009886,True,,,
pchip,3.26175,0.7479840587434643,0.11147219652002599,0.8488177503113895,True,,,
pchip,3.2625,0.7480044959652637,0.11143966430249944,0.848762099907092,True,,,
pchip,3.26325,0.7480249327850497,0.11140715272951511,0.8487065680209135,True,,,
pchip,3.2640000000000002,0.74804536920281,0.11137466181993817,0.848651154985671,True,,,
pchip,3.26475,0.7480658052185328,0.1113421915926337,0.8485958611341814,True,,,
pchip,3.2655,0.7480862408322064,0.11130974206646682,0.8485406867992618,True,,,
pchip,3.26625,0.748106676043819,0.11127731326030263,0.8484856323137291,True,,,
pchip,3.267,0.7481271108533586,0.11124490519300625,0.8484306980104005,True,,,
pchip,3.26775,0.7481475452608135,0.1112125178834428,0.8483758842220929,True,,,
pchip,3.2685,0.7481679792661715,0.1111801513504774,0.8483211912816233,True,,,
pchip,3.26925,0.7481884128694213,0.11114780561297516,0.8482666195218088,True,,,
pchip,3.27,0.7482088460705506,0.11111548068980119,0.8482121692754663,True,,,
pchip,3.27075,0.7482292788695479,0.11108317659982059,0.848157840875413,True,,,
pchip,3.2715,0.7482497112664012,0.1110508933618985,0.8481036346544657,True,,,
pchip,3.27225,0.7482701432610983,0.11101863099489999,0.8480495509454415,True,,,
pchip,3.273,0.748290574853628,0.11098638951769021,0.8479955900811575,True,,,
pchip,3.27375,0.7483110060439782,0.11095416894913428,0.8479417523944307,True,,,
pchip,3.2745,0.7483314368321368,0.1109219693080973,0.8478880382180781,True,,,
pchip,3.2752499999999998,0.7483518672180922,0.11088979061344441,0.8478344478849167,True,,,
pchip,3.276,0.7483722972018324,0.11085763288404064,0.8477809817277635,True,,,
pchip,3.27675,0.7483927267833459,0.11082549613875117,0.8477276400794355,True,,,
pchip,3.2775,0.7484131559626205,0.11079338039644111,0.8476744232727497,True,,,
pchip,3.27825,0.7484335847396445,0.11076128567597557,0.8476213316405232,True,,,
pchip,3.279,0.748454013114406,0.11072921199621964,0.847568365515573,True,,,
pchip,3.27975,0.748474441086893,0.11069715937603847,0.847515525230716,True,,,
pchip,3.2805,0.748494868657094,0.11066512783429713,0.8474628111187695,True,,,
pchip,3.28125,0.748515295824997,0.11063311738986079,0.8474102235125504,True,,,
pchip,3.282,0.7485357225905901,0.1106011280615945,0.8473577627448754,True,,,
pchip,3.28275,0.7485561489538616,0.11056915986836342,0.8473054291485618,True,,,
pchip,3.2835,0.7485765749147992,0.11053721282903263,0.8472532230564268,True,,,
pchip,3.28425,0.7485970004733917,0.11050528696246728,0.847201144801287,True,,,
pchip,3.285,0.7486174256296267,0.11047338228753247,0.8471491947159597,True,,,
pchip,3.28575,0.748637850383493,0.11044149882309327,0.8470973731332618,True,,,
pchip,3.2865,0.748658274734978,0.11040963658801486,0.8470456803860105,True,,,
pchip,3.2872500000000002,0.7486786986840703,0.11037779560116232,0.8469941168070225,True,,,
pchip,3.2880000000000003,0.748699122230758,0.11034597588140076,0.8469426827291151,True,,,
pchip,3.28875,0.7487195453750292,0.11031417744759532,0.8468913784851053,True,,,
pchip,3.2895,0.748739968116872,0.11028240031861107,0.8468402044078099,True,,,
pchip,3.29025,0.7487603904562747,0.11025064451331316,0.8467891608300461,True,,,
pchip,3.291,0.7487808123932255,0.11021891005056669,0.8467382480846308,True,,,
pchip,3.29175,0.7488012339277121,0.11018719694923676,0.8466874665043811,True,,,
pchip,3.2925,0.7488216550597232,0.1101555052281885,0.846636816422114,True,,,
pchip,3.29325,0.7488420757892468,0.11012383490628702,0.8465862981706466,True,,,
pchip,3.294,0.748862496116271,0.11009218600239744,0.8465359120827957,True,,,
pchip,3.29475,0.7488829160407838,0.11006055853538486,0.8464856584913785,True,,,
pchip,3.2955,0.7489033355627736,0.11002895252411439,0.8464355377292121,True,,,
pchip,3.29625,0.7489237546822283,0.10999736798745116,0.8463855501291132,True,,,
pchip,3.297,0.7489441733991363,0.10996580494426027,0.846335696023899,True,,,
pchip,3.29775,0.7489645917134858,0.10993426341340684,0.8462859757463866,True,,,
pchip,3.2984999999999998,0.7489850096252646,0.10990274341375601,0.8462363896293931,True,,,
pchip,3.29925,0.7490054271344612,0.10987124496417285,0.8461869380057351,True,,,
pchip,3.3,0.7490258442410634,0.10983976808352248,0.8461376212082301,True,,,
pchip,3.30075,0.7490462609450599,0.10980831279067002,0.8460884395696947,True,,,
pchip,3.3015,0.7490666772464384,0.1097768791044806,0.8460393934229462,True,,,
pchip,3.30225,0.7490870931451871,0.1097454670438193,0.8459904831008015,True,,,
pchip,3.303,0.7491075086412943,0.10971407662755125,0.8459417089360777,True,,,
pchip,3.30375,0.749127923734748,0.1096827078745416,0.8458930712615917,True,,,
pchip,3.3045,0.7491483384255365,0.10965136080365538,0.8458445704101607,True,,,
pchip,3.30525,0.749168752713648,0.10962003543375778,0.8457962067146017,True,,,
pchip,3.306,0.7491891665990704,0.10958873178371388,0.8457479805077313,True,,,
pchip,3.30675,0.7492095800817921,0.10955744987238879,0.8456998921223671,True,,,
pchip,3.3075,0.7492299931618011,0.10952618971864764,0.8456519418913256,True,,,
pchip,3.30825,0.7492504058390856,0.10949495134135555,0.8456041301474243,True,,,
pchip,3.309,0.7492708181136338,0.10946373475937758,0.8455564572234798,True,,,
pchip,3.30975,0.7492912299854338,0.10943253999157891,0.8455089234523093,True,,,
pchip,3.3105,0.7493116414544738,0.10940136705682461,0.84546152916673,True,,,
pchip,3.3112500000000002,0.7493320525207419,0.1093702159739798,0.8454142746995587,True,,,
pchip,3.312,0.7493524631842262,0.10933908676190965,0.8453671603836124,True,,,
pchip,3.31275,0.749372873444915,0.10930797943947917,0.8453201865517082,True,,,
pchip,3.3135,0.7493932833027964,0.10927689402555356,0.845273353536663,True,,,
pchip,3.31425,0.7494136927578586,0.10924583053899788,0.845226661671294,True,,,
pchip,3.315,0.7494341018100895,0.10921478899867727,0.8451801112884181,True,,,
pchip,3.31575,0.7494545104594776,0.10918376942345684,0.8451337027208524,True,,,
pchip,3.3165,0.7494749187060109,0.10915277183220169,0.8450874363014138,True,,,
pchip,3.31725,0.7494953265496775,0.10912179624377694,0.8450413123629195,True,,,
pchip,3.318,0.7495157339904658,0.1090908426770477,0.8449953312381863,True,,,
pchip,3.31875,0.7495361410283634,0.10905991115087914,0.8449494932600312,True,,,
pchip,3.3195,0.749556547663359,0.10902900168413629,0.8449037987612714,True,,,
pchip,3.32025,0.7495769538954407,0.10899811429568429,0.844858248074724,True,,,
pchip,3.321,0.7495973597245963,0.10896724900438827,0.8448128415332058,True,,,
pchip,3.3217499999999998,0.7496177651508142,0.10893640582911335,0.844767579469534,True,,,
pchip,3.3225,0.7496381701740826,0.10890558478872459,0.8447224622165252,True,,,
pchip,3.32325,0.7496585747943896,0.10887478590208716,0.844677490106997,True,,,
pchip,3.324,0.7496789790117233,0.10884400918806615,0.8446326634737661,True,,,
pchip,3.32475,0.749699382826072,0.10881325466552667,0.8445879826496494,True,,,
pchip,3.3255,0.7497197862374236,0.10878252235333384,0.8445434479674642,True,,,
pchip,3.32625,0.7497401892457664,0.10875181227035277,0.8444990597600274,True,,,
pchip,3.327,0.7497605918510886,0.10872112443544858,0.8444548183601559,True,,,
pchip,3.32775,0.7497809940533782,0.10869045886748639,0.8444107241006669,True,,,
pchip,3.3285,0.7498013958526236,0.1086598155853313,0.8443667773143774,True,,,
pchip,3.32925,0.7498217972488127,0.10862919460784841,0.8443229783341042,True,,,
pchip,3.33,0.7498421982419338,0.10859859595390285,0.8442793274926647,True,,,
pchip,3.33075,0.749862598831975,0.10856801964235975,0.8442358251228755,True,,,
pchip,3.3315,0.7498829990189246,0.10853746569208421,0.844192471557554,True,,,
pchip,3.33225,0.7499033988027706,0.10850693412194132,0.8441492671295169,True,,,
pchip,3.333,0.749923798183501,0.10847642495079622,0.8441062121715812,True,,,
pchip,3.33375,0.7499441971611043,0.108445938197514,0.8440633070165643,True,,,
pchip,3.3345000000000002,0.7499645957355684,0.10841547388095979,0.844020551997283,True,,,
pchip,3.33525,0.7499849939068816,0.10838503201999873,0.8439779474465543,True,,,
pchip,3.336,0.7500053916750319,0.10835461263349588,0.8439354936971951,True,,,
pchip,3.33675,0.7500257890400076,0.10832421574031639,0.8438931910820227,True,,,
pchip,3.3375,0.7500461860017967,0.10829384135932535,0.8438510399338538,True,,,
pchip,3.33825,0.7500665825603876,0.10826348950938791,0.8438090405855057,True,,,
pchip,3.339,0.7500869787157683,0.10823316020936914,0.8437671933697951,True,,,
pchip,3.33975,0.7501073744679269,0.10820285347813416,0.8437254986195394,True,,,
pchip,3.3405,0.7501277698168516,0.10817256933454811,0.8436839566675554,True,,,
pchip,3.34125,0.7501481647625308,0.10814230779747608,0.84364256784666,True,,,
pchip,3.342,0.7501685593049521,0.10811206888578319,0.8436013324896705,True,,,
pchip,3.34275,0.7501889534441041,0.10808185261833456,0.8435602509294038,True,,,
pchip,3.3435,0.7502093471799748,0.10805165901399529,0.8435193234986768,True,,,
pchip,3.34425,0.7502297405125524,0.10802148809163051,0.8434785505303066,True,,,
pchip,3.345,0.7502501334418251,0.1079913398701053,0.8434379323571103,True,,,
pchip,3.34575,0.7502705259677809,0.10796121436828485,0.843397469311905,True,,,
pchip,3.3465,0.750290918090408,0.10793111160503417,0.8433571617275073,True,,,
pchip,3.34725,0.7503113098096947,0.10790103159921845,0.8433170099367346,True,,,
pchip,3.348,0.7503317011256291,0.10787097436970278,0.8432770142724038,True,,,
pchip,3.34875,0.7503520920381992,0.10784093993535224,0.8432371750673319,True,,,
pchip,3.3495,0.7503724825473933,0.107810928315032,0.843197492654336,True,,,
pchip,3.35025,0.7503928726531995,0.10778093952760713,0.8431579673662329,True,,,
pchip,3.351,0.750413262355606,0.10775097359194277,0.8431185995358399,True,,,
pchip,3.35175,0.7504336516546009,0.10772103052690403,0.8430793894959738,True,,,
pchip,3.3525,0.7504540405501723,0.10769111035135599,0.8430403375794518,True,,,
pchip,3.35325,0.7504744290423083,0.1076612130841638,0.8430014441190908,True,,,
pchip,3.354,0.7504948171309975,0.10763133874419258,0.8429627094477079,True,,,
pchip,3.35475,0.7505152048162276,0.10760148735030742,0.84292413389812,True,,,
pchip,3.3555,0.7505355920979869,0.10757165892137344,0.8428857178031441,True,,,
pchip,3.35625,0.7505559789762636,0.10754185347625575,0.8428474614955975,True,,,
pchip,3.357,0.7505763654510456,0.10751207103381946,0.8428093653082968,True,,,
pchip,3.3577500000000002,0.7505967515223213,0.10748231161292969,0.8427714295740594,True,,,
pchip,3.3585,0.7506171371900789,0.10745257523245158,0.8427336546257019,True,,,
pchip,3.35925,0.7506375224543065,0.10742286191125018,0.8426960407960419,True,,,
pchip,3.36,0.7506579073149922,0.10739317166819067,0.8426585884178959,True,,,
pchip,3.36075,0.7506782917721239,0.10736350452213811,0.8426212978240811,True,,,
pchip,3.3615,0.7506986758256902,0.10733386049195763,0.8425841693474145,True,,,
pchip,3.36225,0.7507190594756791,0.10730423959651436,0.8425472033207133,True,,,
pchip,3.363,0.7507394427220787,0.1072746418546734,0.8425104000767941,True,,,
pchip,3.36375,0.7507598255648772,0.10724506728529987,0.8424737599484744,True,,,
pchip,3.3645,0.7507802080040625,0.10721551590725886,0.8424372832685708,True,,,
pchip,3.36525,0.7508005900396232,0.10718598773941553,0.8424009703699006,True,,,
pchip,3.366,0.7508209716715474,0.10715648280063494,0.8423648215852808,True,,,
pchip,3.36675,0.7508413528998228,0.10712700110978225,0.8423288372475283,True,,,
pchip,3.3675,0.750861733724438,0.10709754268572254,0.8422930176894602,True,,,
pchip,3.36825,0.750882114145381,0.10706810754732093,0.8422573632438934,True,,,
pchip,3.3689999999999998,0.7509024941626398,0.10703869571344257,0.842221874243645,True,,,
pchip,3.36975,0.7509228737762028,0.10700930720295251,0.842186551021532,True,,,
pchip,3.3705,0.750943252986058,0.1069799420347159,0.8421513939103715,True,,,
pchip,3.37125,0.7509636317921937,0.10695060022759785,0.8421164032429803,True,,,
pchip,3.372,0.7509840101945978,0.10692128180046347,0.8420815793521758,True,,,
pchip,3.37275,0.7510043881932589,0.10689198677217787,0.8420469225707745,True,,,
pchip,3.3735,0.7510247657881647,0.10686271516160617,0.8420124332315939,True,,,
pchip,3.37425,0.7510451429793036,0.10683346698761348,0.8419781116674508,True,,,
pchip,3.375,0.7510655197666636,0.10680424226906492,0.8419439582111622,True,,,
pchip,3.37575,0.751085896150233,0.10677504102482559,0.8419099731955452,True,,,
pchip,3.3765,0.7511062721299998,0.10674586327376062,0.8418761569534167,True,,,
pchip,3.37725,0.7511266477059523,0.10671670903473511,0.8418425098175937,True,,,
pchip,3.378,0.7511470228780787,0.10668757832661417,0.8418090321208934,True,,,
pchip,3.37875,0.7511673976463669,0.10665847116826294,0.8417757241961328,True,,,
pchip,3.3795,0.7511877720108052,0.10662938757854648,0.8417425863761288,True,,,
pchip,3.38025,0.7512081459713817,0.10660032757632996,0.8417096189936984,True,,,
pchip,3.3810000000000002,0.7512285195280847,0.10657129118047848,0.8416768223816588,True,,,
pchip,3.3817500000000003,0.7512488926809023,0.10654227840985711,0.8416441968728269,True,,,
pchip,3.3825,0.7512692654298226,0.10651328928333104,0.8416117428000196,True,,,
pchip,3.38325,0.7512896377748338,0.1064843238197653,0.841579460496054,True,,,
pchip,3.384,0.7513100097159239,0.10645538203802507,0.8415473502937472,True,,,
pchip,3.38475,0.7513303812530813,0.10642646395697543,0.8415154125259161,True,,,
pchip,3.3855,0.751350752386294,0.10639756959548151,0.841483647525378,True,,,
pchip,3.38625,0.7513711231155501,0.10636869897240837,0.8414520556249495,True,,,
pchip,3.387,0.751391493440838,0.1063398521066212,0.8414206371574479,True,,,
pchip,3.38775,0.7514118633621454,0.10631102901698508,0.8413893924556901,True,,,
pchip,3.3885,0.751432232879461,0.10628222972236513,0.841358321852493,True,,,
pchip,3.38925,0.7514526019927726,0.10625345424162644,0.841327425680674,True,,,
pchip,3.39,0.7514729707020685,0.10622470259363415,0.8412967042730498,True,,,
pchip,3.39075,0.7514933390073368,0.10619597479725335,0.8412661579624375,True,,,
pchip,3.3915,0.7515137069085658,0.10616727087134915,0.8412357870816541,True,,,
pchip,3.3922499999999998,0.7515340744057433,0.10613859083478673,0.8412055919635169,True,,,
pchip,3.393,0.7515544414988576,0.10610993470643111,0.8411755729408423,True,,,
pchip,3.39375,0.7515748081878971,0.10608130250514747,0.8411457303464479,True,,,
pchip,3.3945,0.7515951744728498,0.10605269424980088,0.8411160645131505,True,,,
pchip,3.39525,0.7516155403537037,0.10602410995925649,0.8410865757737669,True,,,
pchip,3.396,0.7516359058304471,0.10599554965237938,0.8410572644611145,True,,,
pchip,3.39675,0.7516562709030682,0.10596701334803468,0.8410281309080101,True,,,
pchip,3.3975,0.7516766355715551,0.1059385010650875,0.8409991754472708,True,,,
pchip,3.39825,0.7516969998358958,0.10591001282240295,0.8409703984117134,True,,,
pchip,3.399,0.7517173636960788,0.10588154863884618,0.8409418001341553,True,,,
pchip,3.39975,0.7517377271520919,0.10585310853328224,0.8409133809474132,True,,,
pchip,3.4005,0.7517580902039234,0.10582469252457628,0.8408851411843042,True,,,
pchip,3.40125,0.7517784528515615,0.10579630063159341,0.8408570811776457,True,,,
pchip,3.402,0.7517988150949944,0.10576793287319874,0.8408292012602541,True,,,
pchip,3.40275,0.7518191769342101,0.1057395892682574,0.8408015017649465,True,,,
pchip,3.4035,0.7518395383691967,0.10571126983563446,0.8407739830245403,True,,,
pchip,3.40425,0.7518598993999425,0.10568297459419508,0.8407466453718524,True,,,
pchip,3.4050000000000002,0.7518802600264357,0.10565470356280435,0.8407194891396996,True,,,
pchip,3.40575,0.7519006202486644,0.10562645676032742,0.8406925146608993,True,,,
pchip,3.4065,0.7519209800666167,0.10559823420562933,0.8406657222682681,True,,,
pchip,3.40725,0.7519413394802806,0.10557003591757524,0.8406391122946232,True,,,
pchip,3.408,0.7519616984896447,0.10554186191503025,0.8406126850727815,True,,,
pchip,3.40875,0.7519820570946968,0.10551371221685951,0.8405864409355602,True,,,
pchip,3.4095,0.7520024152954251,0.10548558684192809,0.8405603802157763,True,,,
pchip,3.41025,0.752022773091818,0.10545748580910111,0.8405345032462468,True,,,
pchip,3.411,0.7520431304838631,0.10542940913724369,0.8405088103597886,True,,,
pchip,3.41175,0.7520634874715492,0.10540135684522094,0.8404833018892188,True,,,
pchip,3.4125,0.7520838440548641,0.10537332895189798,0.8404579781673543,True,,,
pchip,3.41325,0.752104200233796,0.10534532547613991,0.8404328395270124,True,,,
pchip,3.414,0.7521245560083331,0.10531734643681188,0.8404078863010099,True,,,
pchip,3.41475,0.7521449113784634,0.10528939185277897,0.840383118822164,True,,,
pchip,3.4155,0.7521652663441752,0.10526146174290629,0.8403585374232915,True,,,
pchip,3.41625,0.7521856209054566,0.10523355612605899,0.8403341424372093,True,,,
pchip,3.417,0.7522059750622959,0.10520567502110212,0.8403099341967348,True,,,
pchip,3.41775,0.7522263288146811,0.10517781844690084,0.8402859130346849,True,,,
pchip,3.4185,0.7522466821626003,0.10514998642232028,0.8402620792838764,True,,,
pchip,3.41925,0.7522670351060419,0.1051221789662255,0.8402384332771266,True,,,
pchip,3.42,0.7522873876449938,0.10509439609748163,0.8402149753472523,True,,,
pchip,3.42075,0.7523077397794442,0.1050666378349538,0.8401917058270707,True,,,
pchip,3.4215,0.7523280915093815,0.10503890419750712,0.8401686250493987,True,,,
pchip,3.42225,0.7523484428347934,0.10501119520400669,0.8401457333470533,True,,,
pchip,3.423,0.7523687937556685,0.10498351087331764,0.8401230310528516,True,,,
pchip,3.42375,0.7523891442719947,0.10495585122430508,0.8401005184996106,True,,,
pchip,3.4245,0.7524094943837603,0.10492821627583412,0.8400781960201472,True,,,
pchip,3.42525,0.7524298440909533,0.10490060604676986,0.8400560639472786,True,,,
pchip,3.426,0.7524501933935619,0.10487302055597743,0.8400341226138218,True,,,
pchip,3.42675,0.7524705422915742,0.10484545982232196,0.8400123723525937,True,,,
pchip,3.4275,0.7524908907849784,0.10481792386466852,0.8399908134964114,True,,,
pchip,3.4282500000000002,0.7525112388737629,0.10479041270188225,0.8399694463780918,True,,,
pchip,3.429,0.7525315865579156,0.10476292635282827,0.8399482713304519,True,,,
pchip,3.42975,0.7525519338374246,0.10473546483637167,0.839927288686309,True,,,
pchip,3.4305,0.7525722807122781,0.10470802817137757,0.8399064987784799,True,,,
pchip,3.43125,0.7525926271824644,0.1046806163767111,0.8398859019397816,True,,,
pchip,3.432,0.7526129732479716,0.10465322947123734,0.8398654985030312,True,,,
pchip,3.43275,0.7526333189087877,0.10462586747382145,0.8398452888010457,True,,,
pchip,3.4335,0.7526536641649011,0.1045985304033285,0.8398252731666421,True,,,
pchip,3.43425,0.7526740090162997,0.10457121827862363,0.8398054519326373,True,,,
pchip,3.435,0.7526943534629718,0.10454393111857195,0.8397858254318488,True,,,
pchip,3.43575,0.7527146975049055,0.10451666894203857,0.839766393997093,True,,,
pchip,3.4365,0.7527350411420889,0.1044894317678886,0.8397471579611872,True,,,
pchip,3.43725,0.7527553843745103,0.10446221961498713,0.8397281176569483,True,,,
pchip,3.438,0.7527757272021578,0.10443503250219932,0.8397092734171936,True,,,
pchip,3.43875,0.7527960696250195,0.10440787044839024,0.8396906255747398,True,,,
pchip,3.4395,0.7528164116430837,0.10438073347242507,0.8396721744624042,True,,,
pchip,3.44025,0.7528367532563384,0.10435362159316884,0.8396539204130036,True,,,
pchip,3.441,0.7528570944647717,0.1043265348294867,0.8396358637593551,True,,,
pchip,3.44175,0.7528774352683718,0.10429947320024377,0.8396180048342755,True,,,
pchip,3.4425,0.752897775667127,0.10427243672430515,0.8396003439705823,True,,,
pchip,3.44325,0.7529181156610255,0.10424542542053598,0.8395828815010921,True,,,
pchip,3.444,0.7529384552500552,0.10421843930780134,0.839565617758622,True,,,
pchip,3.44475,0.7529587944342044,0.10419147840496636,0.8395485530759892,True,,,
pchip,3.4455,0.7529791332134611,0.10416454273089613,0.8395316877860104,True,,,
pchip,3.44625,0.7529994715878136,0.10413763230445583,0.839515022221503,True,,,
pchip,3.447,0.75301980955725,0.10411074714451049,0.8394985567152837,True,,,
pchip,3.44775,0.7530401471217586,0.10408388726992526,0.8394822916001697,True,,,
pchip,3.4485,0.7530604842813274,0.10405705269956526,0.839466227208978,True,,,
pchip,3.44925,0.7530808210359445,0.1040302434522956,0.8394503638745255,True,,,
pchip,3.45,0.7531011573855982,0.10400345954698138,0.8394347019296294,True,,,
pchip,3.45075,0.7531214933302766,0.10397670100248774,0.8394192417071066,True,,,
pchip,3.4515000000000002,0.7531418288699679,0.10394996783767976,0.839403983539774,True,,,
pchip,3.45225,0.7531621640046602,0.1039232600714226,0.8393889277604489,True,,,
pchip,3.453,0.7531824987343414,0.10389657772258132,0.8393740747019481,True,,,
pchip,3.45375,0.7532028330590002,0.10386992081002104,0.8393594246970887,True,,,
pchip,3.4545,0.7532231669786243,0.10384328935260692,0.8393449780786876,True,,,
pchip,3.45525,0.7532435004932022,0.10381668336920401,0.839330735179562,True,,,
pchip,3.456,0.7532638336027218,0.10379010287867747,0.8393166963325289,True,,,
pchip,3.45675,0.7532841663071713,0.10376354789989241,0.8393028618704051,True,,,
pchip,3.4575,0.7533044986065387,0.10373701845171393,0.8392892321260079,True,,,
pchip,3.45825,0.7533248305008124,0.10371051455300713,0.8392758074321542,True,,,
pchip,3.459,0.7533451619899807,0.10368403622263714,0.8392625881216609,True,,,
pchip,3.45975,0.7533654930740313,0.10365758347946907,0.8392495745273452,True,,,
pchip,3.4605,0.7533858237529528,0.10363115634236805,0.839236766982024,True,,,
pchip,3.46125,0.7534061540267328,0.10360475483019918,0.8392241658185143,True,,,
pchip,3.462,0.7534264838953602,0.10357837896182756,0.8392117713696333,True,,,
pchip,3.4627499999999998,0.7534468133588226,0.10355202875611833,0.8391995839681978,True,,,
pchip,3.4635,0.7534671424171083,0.10352570423193659,0.839187603947025,True,,,
pchip,3.46425,0.7534874710702055,0.10349940540814744,0.8391758316389317,True,,,
pchip,3.465,0.7535077993181021,0.10347313230361599,0.8391642673767351,True,,,
pchip,3.46575,0.7535281271607867,0.1034468849372074,0.8391529114932523,True,,,
pchip,3.4665,0.753548454598247,0.10342066332778671,0.8391417643213002,True,,,
pchip,3.46725,0.7535687816304716,0.1033944674942191,0.8391308261936956,True,,,
pchip,3.468,0.7535891082574484,0.10336829745536966,0.8391200974432558,True,,,
pchip,3.46875,0.7536094344791655,0.10334215323010348,0.8391095784027978,True,,,
pchip,3.4695,0.7536297602956111,0.10331603483728571,0.8390992694051385,True,,,
pchip,3.47025,0.7536500857067735,0.10328994229578145,0.839089170783095,True,,,
pchip,3.471,0.7536704107126406,0.10326387562445581,0.8390792828694842,True,,,
pchip,3.47175,0.7536907353132009,0.10323783484217391,0.8390696059971232,True,,,
pchip,3.4725,0.7537110595084421,0.10321181996780085,0.839060140498829,True,,,
pchip,3.47325,0.7537313832983528,0.10318583102020173,0.8390508867074188,True,,,
pchip,3.474,0.7537517066829208,0.10315986801824172,0.8390418449557093,True,,,
pchip,3.4747500000000002,0.7537720296621345,0.10313393098078587,0.8390330155765178,True,,,
pchip,3.4755000000000003,0.753792352235982,0.10310801992669934,0.8390243989026611,True,,,
pchip,3.47625,0.7538126744044513,0.10308213487484723,0.8390159952669564,True,,,
pchip,3.477,0.7538329961675307,0.10305627584409462,0.8390078050022205,True,,,
pchip,3.47775,0.7538533175252085,0.10303044285330666,0.8389998284412706,True,,,
pchip,3.4785,0.7538736384774725,0.10300463592134847,0.8389920659169238,True,,,
pchip,3.47925,0.753893959024311,0.10297885506708511,0.8389845177619968,True,,,
pchip,3.48,0.7539142791657124,0.10295310030938176,0.8389771843093069,True,,,
pchip,3.48075,0.7539345989016644,0.1029273716671035,0.8389700658916709,True,,,
pchip,3.4815,0.7539549182321554,0.10290166915911543,0.8389631628419061,True,,,
pchip,3.48225,0.7539752371571737,0.1028759928042827,0.8389564754928293,True,,,
pchip,3.483,0.7539955556767072,0.10285034262147037,0.8389500041772575,True,,,
pchip,3.48375,0.7540158737907442,0.10282471862954362,0.8389437492280077,True,,,
pchip,3.4845,0.7540361914992727,0.10279912084736753,0.8389377109778973,True,,,
pchip,3.48525,0.754056508802281,0.10277354929380719,0.8389318897597428,True,,,
pchip,3.4859999999999998,0.7540768256997573,0.10274800398772777,0.8389262859063615,True,,,
pchip,3.48675,0.7540971421916897,0.10272248494799432,0.8389208997505704,True,,,
pchip,3.4875,0.7541174582780662,0.10269699219347198,0.8389157316251864,True,,,
pchip,3.48825,0.754137773958875,0.10267152574302586,0.8389107818630267,True,,,
pchip,3.489,0.7541580892341044,0.1026460856155211,0.838906050796908,True,,,
pchip,3.48975,0.7541784041037427,0.10262067182982278,0.8389015387596477,True,,,
pchip,3.4905,0.7541987185677776,0.10259528440479604,0.8388972460840626,True,,,
pchip,3.49125,0.7542190326261975,0.10256992335930597,0.8388931731029698,True,,,
pchip,3.492,0.7542393462789906,0.10254458871221768,0.8388893201491862,True,,,
pchip,3.49275,0.7542596595261449,0.10251928048239631,0.838885687555529,True,,,
pchip,3.4935,0.7542799723676488,0.10249399868870696,0.838882275654815,True,,,
pchip,3.49425,0.7543002848034902,0.10246874335001473,0.8388790847798614,True,,,
pchip,3.495,0.7543205968336575,0.10244351448518475,0.838876115263485,True,,,
pchip,3.49575,0.7543409084581384,0.10241831211308214,0.8388733674385032,True,,,
pchip,3.4965,0.7543612196769216,0.10239313625257197,0.8388708416377327,True,,,
pchip,3.49725,0.754381530489995,0.1023679869225194,0.8388685381939907,True,,,
pchip,3.498,0.7544018408973467,0.10234286414178953,0.838866457440094,True,,,
pchip,3.4987500000000002,0.754422150898965,0.10231776792924747,0.8388645997088596,True,,,
pchip,3.4995,0.754442460494838,0.10229269830375837,0.838862965333105,True,,,
pchip,3.50025,0.7544627720717226,0.1022676548040513,0.8388615423139355,True,,,
pchip,3.501,0.7544831166003049,0.10224263119638281,0.8388601705733854,True,,,
pchip,3.50175,0.754503503448595,0.10221762554519657,0.8388588008094958,True,,,
pchip,3.5025,0.7545239324232037,0.10219263783276997,0.8388574330225181,True,,,
pchip,3.50325,0.7545444033307412,0.10216766804138037,0.8388560672127034,True,,,
pchip,3.504,0.7545649159778184,0.10214271615330518,0.8388547033803031,True,,,
pchip,3.50475,0.7545854701710458,0.10211778215082173,0.8388533415255685,True,,,
pchip,3.5055,0.7546060657170339,0.10209286601620747,0.8388519816487505,True,,,
pchip,3.50625,0.7546267024223933,0.10206796773173972,0.8388506237501009,True,,,
pchip,3.507,0.7546473800937347,0.1020430872796959,0.8388492678298706,True,,,
pchip,3.50775,0.7546680985376684,0.10201822464235337,0.8388479138883109,True,,,
pchip,3.5085,0.7546888575608052,0.1019933798019895,0.8388465619256734,True,,,
pchip,3.5092499999999998,0.7547096569697556,0.10196855274088172,0.8388452119422088,True,,,
pchip,3.51,0.7547304965711301,0.10194374344130737,0.8388438639381689,True,,,
pchip,3.51075,0.7547513761715395,0.10191895188554383,0.8388425179138047,True,,,
pchip,3.5115,0.7547722955775942,0.10189417805586848,0.8388411738693674,True,,,
pchip,3.51225,0.7547932545959047,0.10186942193455874,0.8388398318051086,True,,,
pchip,3.513,0.7548142530330819,0.10184468350389192,0.8388384917212792,True,,,
pchip,3.51375,0.754835290695736,0.10181996274614548,0.8388371536181306,True,,,
pchip,3.5145,0.7548563673904778,0.10179525964359676,0.8388358174959142,True,,,
pchip,3.51525,0.7548774829239179,0.10177057417852313,0.8388344833548811,True,,,
pchip,3.516,0.7548986371026665,0.101745906333202,0.8388331511952826,True,,,
pchip,3.51675,0.7549198297333346,0.10172125608991071,0.83883182101737,True,,,
pchip,3.5175,0.7549410606225327,0.1016966234309267,0.8388304928213945,True,,,
pchip,3.51825,0.7549623295768713,0.10167200833852731,0.8388291666076074,True,,,
pchip,3.519,0.754983636402961,0.10164741079498993,0.8388278423762601,True,,,
pchip,3.51975,0.7550049809074122,0.10162283078259193,0.8388265201276038,True,,,
pchip,3.5205,0.7550263628968357,0.10159826828361072,0.8388251998618896,True,,,
pchip,3.52125,0.7550477821778421,0.10157372328032364,0.8388238815793689,True,,,
pchip,3.5220000000000002,0.7550692385570418,0.1015491957550081,0.8388225652802932,True,,,
pchip,3.5227500000000003,0.7550907318410454,0.1015246856899415,0.8388212509649132,True,,,
pchip,3.5235,0.7551122618364634,0.10150019306740118,0.8388199386334807,True,,,
pchip,3.52425,0.7551338283499068,0.10147571786966453,0.8388186282862468,True,,,
pchip,3.525,0.7551554311879857,0.10145126007900893,0.8388173199234626,True,,,
pchip,3.52575,0.755177070157311,0.10142681967771178,0.8388160135453795,True,,,
pchip,3.5265,0.7551987450644929,0.10140239664805045,0.838814709152249,True,,,
pchip,3.52725,0.7552204557161423,0.10137799097230231,0.8388134067443218,True,,,
pchip,3.528,0.7552422019188697,0.10135360263274475,0.8388121063218497,True,,,
pchip,3.52875,0.7552639834792857,0.10132923161165516,0.8388108078850838,True,,,
pchip,3.5295,0.7552858002040006,0.10130487789131089,0.8388095114342752,True,,,
pchip,3.53025,0.7553076518996255,0.10128054145398938,0.8388082169696753,True,,,
pchip,3.531,0.7553295383727705,0.10125622228196796,0.8388069244915356,True,,,
pchip,3.53175,0.7553514594300463,0.10123192035752401,0.838805634000107,True,,,
pchip,3.5324999999999998,0.7553734148780636,0.10120763566293496,0.8388043454956409,True,,,
pchip,3.53325,0.7553954045234329,0.10118336818047813,0.8388030589783885,True,,,
pchip,3.534,0.7554174281727647,0.10115911789243091,0.8388017744486012,True,,,
pchip,3.53475,0.7554394856326697,0.10113488478107074,0.8388004919065303,True,,,
pchip,3.5355,0.7554615767097583,0.10111066882867493,0.8387992113524269,True,,,
pchip,3.53625,0.7554837012106413,0.10108647001752091,0.8387979327865422,True,,,
pchip,3.537,0.7555058589419292,0.10106228832988604,0.838796656209128,True,,,
pchip,3.53775,0.7555280497102325,0.10103812374804767,0.8387953816204349,True,,,
pchip,3.5385,0.7555502733221618,0.10101397625428325,0.8387941090207144,True,,,
pchip,3.53925,0.7555725295843277,0.10098984583087012,0.838792838410218,True,,,
pchip,3.54,0.7555948183033407,0.10096573246008565,0.8387915697891968,True,,,
pchip,3.54075,0.7556171392858116,0.10094163612420726,0.8387903031579018,True,,,
pchip,3.5415,0.7556394923383508,0.10091755680551227,0.8387890385165848,True,,,
pchip,3.54225,0.7556618772675686,0.10089349448627813,0.8387877758654966,True,,,
pchip,3.543,0.7556842938800762,0.10086944914878218,0.8387865152048888,True,,,
pchip,3.54375,0.7557067419824838,0.10084542077530181,0.8387852565350125,True,,,
pchip,3.5445,0.7557292213814018,0.1008214093481144,0.8387839998561188,True,,,
pchip,3.5452500000000002,0.755751731883441,0.10079741484949731,0.8387827451684593,True,,,
pchip,3.5460000000000003,0.7557742732952122,0.10077343726172797,0.8387814924722852,True,,,
pchip,3.54675,0.7557968454233256,0.10074947656708375,0.8387802417678476,True,,,
pchip,3.5475,0.7558194480743918,0.10072553274784198,0.8387789930553978,True,,,
pchip,3.54825,0.7558420810550216,0.1007016057862801,0.8387777463351872,True,,,
pchip,3.549,0.7558647441718254,0.10067769566467544,0.838776501607467,True,,,
pchip,3.54975,0.7558874372314138,0.10065380236530541,0.8387752588724885,True,,,
pchip,3.5505,0.7559101600403977,0.1006299258704474,0.8387740181305029,True,,,
pchip,3.55125,0.755932912405387,0.10060606616237878,0.8387727793817615,True,,,
pchip,3.552,0.7559556941329928,0.10058222322337693,0.8387715426265155,True,,,
pchip,3.55275,0.7559785050298257,0.10055839703571923,0.8387703078650164,True,,,
pchip,3.5535,0.7560013449024957,0.10053458758168303,0.8387690750975151,True,,,
pchip,3.55425,0.7560242135576141,0.10051079484354579,0.8387678443242632,True,,,
pchip,3.555,0.7560471108017911,0.10048701880358481,0.8387666155455119,True,,,
pchip,3.5557499999999997,0.7560700364416373,0.10046325944407755,0.8387653887615123,True,,,
pchip,3.5564999999999998,0.7560929902837632,0.10043951674730131,0.8387641639725157,True,,,
pchip,3.55725,0.7561159721347797,0.1004157906955335,0.8387629411787736,True,,,
pchip,3.558,0.7561389818012969,0.10039208127105151,0.838761720380537,True,,,
pchip,3.55875,0.7561620190899258,0.10036838845613272,0.8387605015780573,True,,,
pchip,3.5595,0.7561850838072768,0.10034471223305452,0.8387592847715857,True,,,
pchip,3.56025,0.7562081757599604,0.10032105258409428,0.8387580699613736,True,,,
pchip,3.561,0.7562312947545873,0.10029740949152936,0.8387568571476722,True,,,
pchip,3.56175,0.7562544405977679,0.10027378293763718,0.8387556463307326,True,,,
pchip,3.5625,0.7562776130961129,0.10025017290469511,0.8387544375108062,True,,,
pchip,3.56325,0.756300812056233,0.1002265793749805,0.8387532306881444,True,,,
pchip,3.564,0.7563240372847387,0.10020300233077077,0.8387520258629984,True,,,
pchip,3.56475,0.7563472885882404,0.10017944175434328,0.8387508230356193,True,,,
pchip,3.5655,0.7563705657733487,0.1001558976279754,0.8387496222062586,True,,,
pchip,3.56625,0.7563938686466745,0.10013236993394455,0.8387484233751673,True,,,
pchip,3.567,0.7564171970148279,0.1001088586545281,0.8387472265425969,True,,,
pchip,3.56775,0.75644055068442,0.10008536377200339,0.8387460317087986,True,,,
pchip,3.5685000000000002,0.7564639294620609,0.10006188526864784,0.8387448388740235,True,,,
pchip,3.5692500000000003,0.7564873331543612,0.10003842312673882,0.8387436480385232,True,,,
pchip,3.5700000000000003,0.7565107615679321,0.10001497732855372,0.8387424592025489,True,,,
pchip,3.57075,0.7565342145093833,0.0999915478563699,0.8387412723663515,True,,,
pchip,3.5715,0.756557691785326,0.09996813469246477,0.8387400875301826,True,,,
pchip,3.57225,0.7565811932023705,0.09994473781911568,0.8387389046942934,True,,,
pchip,3.573,0.7566047185671274,0.09992135721860004,0.8387377238589352,True,,,
pchip,3.57375,0.7566282676862074,0.0998979928731952,0.8387365450243591,True,,,
pchip,3.5745,0.756651840366221,0.09987464476517856,0.8387353681908166,True,,,
pchip,3.57525,0.7566754364137787,0.0998513128768275,0.8387341933585589,True,,,
pchip,3.576,0.7566990556354911,0.0998279971904194,0.8387330205278372,True,,,
pchip,3.57675,0.756722697837969,0.09980469768823165,0.8387318496989028,True,,,
pchip,3.5775,0.7567463628278225,0.09978141435254159,0.8387306808720069,True,,,
pchip,3.57825,0.7567700504116627,0.09975814716562667,0.8387295140474008,True,,,
pchip,3.5789999999999997,0.7567937603960999,0.09973489610976422,0.8387283492253359,True,,,
pchip,3.5797499999999998,0.7568174925877446,0.09971166116723162,0.8387271864060634,True,,,
pchip,3.5805,0.7568412467932075,0.09968844232030628,0.8387260255898344,True,,,
pchip,3.58125,0.7568650228190993,0.09966523955126555,0.8387248667769005,True,,,
pchip,3.582,0.7568888204720302,0.09964205284238684,0.8387237099675126,True,,,
pchip,3.58275,0.7569126395586112,0.0996188821759475,0.8387225551619221,True,,,
pchip,3.5835,0.7569364798854527,0.09959572753422494,0.8387214023603805,True,,,
pchip,3.58425,0.7569603412591651,0.09957258889949654,0.8387202515631387,True,,,
pchip,3.585,0.7569842234863592,0.09954946625403965,0.8387191027704483,True,,,
pchip,3.58575,0.7570081263736455,0.09952635958013167,0.8387179559825603,True,,,
pchip,3.5865,0.7570320497276345,0.09950326886005,0.8387168111997261,True,,,
pchip,3.58725,0.757055993354937,0.09948019407607199,0.8387156684221969,True,,,
pchip,3.588,0.7570799570621634,0.09945713521047504,0.8387145276502241,True,,,
pchip,3.58875,0.7571039406559242,0.09943409224553652,0.8387133888840588,True,,,
pchip,3.5895,0.7571279439428302,0.0994110651635338,0.8387122521239524,True,,,
pchip,3.59025,0.7571519667294919,0.09938805394674431,0.838711117370156,True,,,
pchip,3.591,0.7571760088225196,0.09936505857744538,0.838709984622921,True,,,
pchip,3.59175,0.7572000700285243,0.09934207903791441,0.8387088538824988,True,,,
pchip,3.5925000000000002,0.7572241501541164,0.09931911531042878,0.8387077251491404,True,,,
pchip,3.5932500000000003,0.7572482490059061,0.09929616737726586,0.8387065984230972,True,,,
pchip,3.594,0.7572723663905048,0.09927323522070305,0.8387054737046207,True,,,
pchip,3.59475,0.7572965021145223,0.09925031882301773,0.8387043509939615,True,,,
pchip,3.5955,0.7573206559845694,0.09922741816648727,0.8387032302913714,True,,,
pchip,3.59625,0.757344827807257,0.09920453323338904,0.8387021115971017,True,,,
pchip,3.597,0.7573690173891954,0.09918166400600044,0.8387009949114035,True,,,
pchip,3.59775,0.757393224536995,0.09915881046659883,0.838699880234528,True,,,
pchip,3.5985,0.7574174490572667,0.09913597259746164,0.8386987675667267,True,,,
pchip,3.59925,0.7574416907566209,0.0991131503808662,0.8386976569082506,True,,,
pchip,3.6,0.7574659494416682,0.0990903437990899,0.838696548259351,True,,,
pchip,3.60075,0.7574902249190193,0.09906755283441016,0.8386954416202794,True,,,
pchip,3.6015,0.7575145169952846,0.09904477746910427,0.8386943369912869,True,,,
pchip,3.60225,0.7575388254770747,0.09902201768544971,0.8386932343726248,True,,,
pchip,3.6029999999999998,0.7575631501710003,0.09899927346572385,0.8386921337645444,True,,,
pchip,3.60375,0.7575874908836718,0.09897654479220401,0.8386910351672968,True,,,
pchip,3.6045,0.7576118474217,0.0989538316471676,0.8386899385811335,True,,,
pchip,3.60525,0.7576362195916952,0.09893113401289201,0.8386888440063057,True,,,
pchip,3.606,0.7576606072002681,0.0989084518716546,0.8386877514430645,True,,,
pchip,3.60675,0.7576850100540294,0.0988857852057328,0.8386866608916614,True,,,
pchip,3.6075,0.7577094279595896,0.09886313399740393,0.8386855723523476,True,,,
pchip,3.60825,0.7577338607235591,0.09884049822894542,0.8386844858253744,True,,,
pchip,3.609,0.7577583081525487,0.09881787788263462,0.8386834013109928,True,,,
pchip,3.60975,0.7577827700531689,0.09879527294074888,0.8386823188094544,True,,,
pchip,3.6105,0.7578072462320301,0.09877268338556568,0.8386812383210103,True,,,
pchip,3.61125,0.7578317364957432,0.09875010919936231,0.8386801598459118,True,,,
pchip,3.612,0.7578562406509187,0.0987275503644162,0.8386790833844102,True,,,
pchip,3.61275,0.7578807585041669,0.09870500686300471,0.8386780089367567,True,,,
pchip,3.6135,0.7579052898620986,0.0986824786774052,0.8386769365032026,True,,,
pchip,3.61425,0.7579298345313245,0.0986599657898951,0.8386758660839994,True,,,
pchip,3.615,0.7579543923184547,0.09863746818275176,0.8386747976793978,True,,,
pchip,3.6157500000000002,0.7579789630301003,0.09861498583825257,0.8386737312896496,True,,,
pchip,3.6165000000000003,0.7580035464728716,0.09859251873867492,0.838672666915006,True,,,
pchip,3.61725,0.7580281424533791,0.09857006686629617,0.8386716045557178,True,,,
pchip,3.618,0.7580527507782336,0.0985476302033937,0.838670544212037,True,,,
pchip,3.61875,0.7580773712540457,0.0985252087322449,0.8386694858842142,True,,,
pchip,3.6195,0.7581020036874258,0.09850280243512717,0.838668429572501,True,,,
pchip,3.62025,0.7581266478849845,0.09848041129431785,0.8386673752771487,True,,,
pchip,3.621,0.7581513036533324,0.09845803529209436,0.8386663229984085,True,,,
pchip,3.62175,0.7581759707990801,0.09843567441073406,0.8386652727365315,True,,,
pchip,3.6225,0.7582006491288381,0.09841332863251434,0.8386642244917693,True,,,
pchip,3.62325,0.758225338449217,0.09839099793971257,0.8386631782643728,True,,,
pchip,3.624,0.7582500385668275,0.09836868231460615,0.8386621340545936,True,,,
pchip,3.62475,0.75827474928828,0.09834638173947244,0.8386610918626828,True,,,
pchip,3.6255,0.7582994704201853,0.0983240961965888,0.8386600516888917,True,,,
pchip,3.6262499999999998,0.7583242017691536,0.09830182566823267,0.8386590135334714,True,,,
pchip,3.627,0.7583489431417958,0.09827957013668141,0.8386579773966736,True,,,
pchip,3.62775,0.7583736943447225,0.09825732958421238,0.8386569432787491,True,,,
pchip,3.6285,0.758398455184544,0.09823510399310298,0.8386559111799494,True,,,
pchip,3.62925,0.758423225467871,0.09821289334563058,0.8386548811005258,True,,,
pchip,3.63,0.7584480050013142,0.09819069762407254,0.8386538530407294,True,,,
pchip,3.63075,0.758472793591484,0.09816851681070629,0.8386528270008116,True,,,
pchip,3.6315,0.758497591044991,0.09814635088780918,0.8386518029810237,True,,,
pchip,3.63225,0.758522397168446,0.0981241998376586,0.8386507809816168,True,,,
pchip,3.633,0.7585472117684592,0.09810206364253193,0.8386497610028423,True,,,
pchip,3.63375,0.7585720346516416,0.09807994228470654,0.8386487430449514,True,,,
pchip,3.6345,0.7585968656246033,0.09805783574645982,0.8386477271081955,True,,,
pchip,3.63525,0.7586217044939552,0.09803574401006918,0.8386467131928256,True,,,
pchip,3.636,0.7586465510663079,0.09801366705781195,0.8386457012990933,True,,,
pchip,3.63675,0.7586714051482717,0.09799160487196552,0.8386446914272496,True,,,
pchip,3.6375,0.7586962665464573,0.09796955743480729,0.8386436835775459,True,,,
pchip,3.63825,0.7587211350674755,0.09794752472861465,0.8386426777502335,True,,,
pchip,3.6390000000000002,0.7587460105179367,0.09792550673566496,0.8386416739455635,True,,,
pchip,3.6397500000000003,0.7587708927044512,0.0979035034382356,0.8386406721637873,True,,,
pchip,3.6405,0.7587957814336301,0.09788151481860398,0.8386396724051564,True,,,
pchip,3.64125,0.7588206765120836,0.09785954085904744,0.8386386746699215,True,,,
pchip,3.642,0.7588455777464225,0.09783758154184335,0.8386376789583343,True,,,
pchip,3.64275,0.7588704849432573,0.09781563684926917,0.8386366852706459,True,,,
pchip,3.6435,0.7588953979091984,0.0977937067636022,0.8386356936071075,True,,,
pchip,3.64425,0.7589203164508564,0.09777179126711986,0.8386347039679708,True,,,
pchip,3.645,0.7589452403748422,0.09774989034209952,0.8386337163534864,True,,,
pchip,3.64575,0.758970169487766,0.09772800397081856,0.8386327307639062,True,,,
pchip,3.6465,0.7589951035962387,0.09770613213555437,0.8386317471994811,True,,,
pchip,3.64725,0.7590200425068706,0.09768427481858434,0.8386307656604622,True,,,
pchip,3.648,0.7590449860262725,0.09766243200218583,0.8386297861471014,True,,,
pchip,3.64875,0.7590699339610547,0.09764060366863621,0.8386288086596494,True,,,
pchip,3.6494999999999997,0.759094886117828,0.09761878980021291,0.8386278331983575,True,,,
pchip,3.6502499999999998,0.7591198423032028,0.09759699037919324,0.8386268597634774,True,,,
pchip,3.651,0.75914480232379,0.09757520538785464,0.83862588835526,True,,,
pchip,3.65175,0.7591697659861998,0.09755343480847448,0.8386249189739566,True,,,
pchip,3.6525,0.759194733097043,0.09753167862333012,0.8386239516198185,True,,,
pchip,3.65325,0.7592197034629301,0.09750993681469895,0.8386229862930972,True,,,
pchip,3.654,0.7592446768904717,0.09748820936485836,0.8386220229940434,True,,,
pchip,3.65475,0.7592696531862781,0.09746649625608572,0.838621061722909,True,,,
pchip,3.6555,0.7592946321569605,0.09744479747065843,0.838620102479945,True,,,
pchip,3.65625,0.759319613609129,0.09742311299085385,0.8386191452654025,True,,,
pchip,3.657,0.7593445973493942,0.09740144279894936,0.838618190079533,True,,,
pchip,3.65775,0.7593695831843668,0.09737978687722233,0.8386172369225878,True,,,
pchip,3.6585,0.7593945709206573,0.09735814520795018,0.838616285794818,True,,,
pchip,3.65925,0.7594195603648761,0.09733651777341029,0.8386153366964749,True,,,
pchip,3.66,0.7594445513236343,0.09731490455587999,0.8386143896278098,True,,,
pchip,3.66075,0.7594695436035421,0.09729330553763671,0.8386134445890739,True,,,
pchip,3.6615,0.7594945370112101,0.0972717207009578,0.8386125015805186,True,,,
pchip,3.6622500000000002,0.7595195313532488,0.09725015002812065,0.8386115606023953,True,,,
pchip,3.6630000000000003,0.7595445264362689,0.09722859350140267,0.8386106216549547,True,,,
pchip,3.6637500000000003,0.7595695220668809,0.0972070511030812,0.8386096847384487,True,,,
pchip,3.6645,0.7595945180516955,0.09718552281543365,0.8386087498531283,True,,,
pchip,3.66525,0.7596195141973232,0.09716400862073737,0.8386078169992447,True,,,
pchip,3.666,0.7596445103103746,0.09714250850126976,0.8386068861770491,True,,,
pchip,3.66675,0.7596695061974602,0.0971210224393082,0.8386059573867931,True,,,
pchip,3.6675,0.7596945016651906,0.09709955041713007,0.8386050306287278,True,,,
pchip,3.66825,0.7597194965201763,0.09707809241701276,0.8386041059031043,True,,,
pchip,3.669,0.7597444905690282,0.09705664842123364,0.8386031832101741,True,,,
pchip,3.66975,0.7597694836183565,0.09703521841207008,0.8386022625501884,True,,,
pchip,3.6705,0.7597944754747719,0.09701380237179948,0.8386013439233984,True,,,
pchip,3.67125,0.759819465944885,0.09699240028269922,0.8386004273300555,True,,,
pchip,3.672,0.7598444548353065,0.09697101212704667,0.8385995127704107,True,,,
pchip,3.6727499999999997,0.7598694419526467,0.09694963788711924,0.8385986002447156,True,,,
pchip,3.6734999999999998,0.7598944271035163,0.09692827754519426,0.8385976897532214,True,,,
pchip,3.67425,0.759919410094526,0.09690693108354914,0.838596781296179,True,,,
pchip,3.675,0.7599443907322861,0.09688559848446127,0.8385958748738401,True,,,
pchip,3.67575,0.7599693688234075,0.09686427973020802,0.8385949704864558,True,,,
pchip,3.6765,0.7599943441745005,0.09684297480306675,0.8385940681342774,True,,,
pchip,3.67725,0.7600193165921759,0.09682168368531488,0.8385931678175563,True,,,
pchip,3.678,0.7600442858830442,0.09680040635922978,0.8385922695365434,True,,,
pchip,3.67875,0.7600692518537158,0.09677914280708881,0.8385913732914902,True,,,
pchip,3.6795,0.7600942143108014,0.09675789301116935,0.8385904790826482,True,,,
pchip,3.68025,0.7601191730609117,0.09673665695374883,0.8385895869102682,True,,,
pchip,3.681,0.760144127910657,0.09671543461710458,0.8385886967746017,True,,,
pchip,3.68175,0.7601690786666482,0.09669422598351399,0.8385878086759,True,,,
pchip,3.6825,0.7601940251354956,0.09667303103525446,0.8385869226144144,True,,,
pchip,3.68325,0.76021896712381,0.09665184975460336,0.8385860385903959,True,,,
pchip,3.684,0.7602439044382018,0.09663068212383806,0.8385851566040963,True,,,
pchip,3.68475,0.7602688368852816,0.09660952812523596,0.8385842766557663,True,,,
pchip,3.6855,0.76029376427166,0.09658838774107442,0.8385833987456573,True,,,
pchip,3.6862500000000002,0.7603186864039475,0.09656726095363084,0.8385825228740209,True,,,
pchip,3.6870000000000003,0.7603436030887549,0.09654614774518261,0.838581649041108,True,,,
pchip,3.68775,0.7603685141326926,0.09652504809800709,0.83858077724717,True,,,
pchip,3.6885,0.7603934193423711,0.09650396199438167,0.8385799074924581,True,,,
pchip,3.68925,0.7604183185244013,0.0964828894165837,0.8385790397772238,True,,,
pchip,3.69,0.7604432114853933,0.0964618303468906,0.8385781741017181,True,,,
pchip,3.69075,0.760468098031958,0.09644078476757975,0.8385773104661924,True,,,
pchip,3.6915,0.760492977970706,0.0964197526609285,0.838576448870898,True,,,
pchip,3.69225,0.7605178511082478,0.09639873400921425,0.838575589316086,True,,,
pchip,3.693,0.7605427172511938,0.0963777287947144,0.8385747318020079,True,,,
pchip,3.69375,0.7605675762061549,0.09635673699970632,0.8385738763289148,True,,,
pchip,3.6945,0.7605924277797412,0.09633575860646734,0.8385730228970579,True,,,
pchip,3.69525,0.7606172717785639,0.09631479359727492,0.8385721715066887,True,,,
pchip,3.696,0.760642108009233,0.09629384195440639,0.8385713221580582,True,,,
pchip,3.6967499999999998,0.7606669362783596,0.09627290366013917,0.8385704748514179,True,,,
pchip,3.6975,0.7606917563925538,0.0962519786967506,0.8385696295870191,True,,,
pchip,3.69825,0.7607165681584264,0.09623106704651806,0.8385687863651128,True,,,
pchip,3.699,0.7607413713825878,0.09621016869171897,0.8385679451859505,True,,,
pchip,3.69975,0.760766165871649,0.09618928361463068,0.8385671060497834,True,,,
pchip,3.7005,0.7607909514322202,0.09616841179753058,0.8385662689568626,True,,,
pchip,3.70125,0.760815727870912,0.09614755322269607,0.8385654339074397,True,,,
pchip,3.702,0.760840494994335,0.09612670787240447,0.8385646009017655,True,,,
pchip,3.70275,0.7608652526091,0.09610587572893324,0.8385637699400917,True,,,
pchip,3.7035,0.7608900005218172,0.09608505677455971,0.8385629410226696,True,,,
pchip,3.70425,0.7609147385390975,0.09606425099156128,0.83856211414975,True,,,
pchip,3.705,0.7609394664675514,0.09604345836221533,0.8385612893215847,True,,,
pchip,3.70575,0.7609641841137892,0.09602267886879923,0.8385604665384246,True,,,
pchip,3.7065,0.7609888912844219,0.09600191249359036,0.8385596458005211,True,,,
pchip,3.70725,0.7610135877860599,0.09598115921886612,0.8385588271081255,True,,,
pchip,3.708,0.7610382734253134,0.09596041902690387,0.838558010461489,True,,,
pchip,3.70875,0.7610629480087936,0.09593969189998101,0.8385571958608629,True,,,
pchip,3.7095000000000002,0.7610876113431108,0.09591897782037491,0.8385563833064984,True,,,
pchip,3.7102500000000003,0.7611122632348754,0.09589827677036294,0.8385555727986469,True,,,
pchip,3.711,0.7611369034906982,0.0958775887322225,0.8385547643375596,True,,,
pchip,3.71175,0.7611615319171897,0.09585691368823099,0.8385539579234876,True,,,
pchip,3.7125,0.7611861483209605,0.09583625162066572,0.8385531535566827,True,,,
pchip,3.71325,0.7612107525086212,0.09581560251180415,0.8385523512373955,True,,,
pchip,3.714,0.7612353442867822,0.09579496634392361,0.8385515509658775,True,,,
pchip,3.71475,0.7612599234620544,0.09577434309930151,0.8385507527423803,True,,,
pchip,3.7155,0.761284489841048,0.0957537327602152,0.8385499565671547,True,,,
pchip,3.71625,0.761309043230374,0.0957331353089421,0.8385491624404523,True,,,
pchip,3.717,0.7613335834366426,0.09571255072775955,0.8385483703625243,True,,,
pchip,3.71775,0.7613581102664645,0.09569197899894497,0.8385475803336216,True,,,
pchip,3.7185,0.7613826235264501,0.0956714201047757,0.8385467923539959,True,,,
pchip,3.71925,0.7614071230232105,0.09565087402752916,0.8385460064238985,True,,,
pchip,3.7199999999999998,0.7614316085633558,0.09563034074948272,0.8385452225435804,True,,,
pchip,3.72075,0.7614560799534966,0.09560982025291376,0.8385444407132929,True,,,
pchip,3.7215,0.7614805370002437,0.09558931252009964,0.8385436609332876,True,,,
pchip,3.72225,0.7615049795102075,0.09556881753331775,0.8385428832038153,True,,,
pchip,3.723,0.7615294072899985,0.09554833527484548,0.8385421075251274,True,,,
pchip,3.72375,0.7615538201462276,0.09552786572696022,0.8385413338974754,True,,,
pchip,3.7245,0.7615782178855052,0.09550740887193933,0.8385405623211104,True,,,
pchip,3.72525,0.7616026003144417,0.09548696469206021,0.8385397927962835,True,,,
pchip,3.726,0.761626967239648,0.09546653316960022,0.8385390253232464,True,,,
pchip,3.72675,0.7616513184677344,0.09544611428683675,0.83853825990225,True,,,
pchip,3.7275,0.7616756538053114,0.0954257080260472,0.8385374965335458,True,,,
pchip,3.72825,0.76169997305899,0.09540531436950891,0.8385367352173848,True,,,
pchip,3.729,0.7617242760353804,0.09538493329949932,0.8385359759540184,True,,,
pchip,3.72975,0.7617485625410934,0.09536456479829575,0.8385352187436981,True,,,
pchip,3.7305,0.7617728323827393,0.0953442088481756,0.8385344635866747,True,,,
pchip,3.73125,0.7617970853669291,0.09532386543141627,0.8385337104831998,True,,,
pchip,3.732,0.7618213213002729,0.09530353453029512,0.8385329594335247,True,,,
pchip,3.7327500000000002,0.7618455399893815,0.09528321612708955,0.8385322104379004,True,,,
pchip,3.7335000000000003,0.7618697412408657,0.09526291020407694,0.8385314634965784,True,,,
pchip,3.7342500000000003,0.7618939248613357,0.09524261674353464,0.8385307186098099,True,,,
pchip,3.735,0.7619180906574021,0.09522233572774007,0.8385299757778462,True,,,
pchip,3.73575,0.7619422384356757,0.09520206713897059,0.8385292350009383,True,,,
pchip,3.7365,0.7619663680027671,0.09518181095950358,0.838528496279338,True,,,
pchip,3.73725,0.7619904791652865,0.09516156717161643,0.8385277596132961,True,,,
pchip,3.738,0.7620145717298449,0.09514133575758649,0.838527025003064,True,,,
pchip,3.73875,0.7620386455030526,0.0951211166996912,0.8385262924488931,True,,,
pchip,3.7395,0.7620627002915202,0.0951009099802079,0.8385255619510344,True,,,
pchip,3.74025,0.7620867359018585,0.09508071558141397,0.8385248335097395,True,,,
pchip,3.741,0.7621107521406778,0.0950605334855868,0.8385241071252596,True,,,
pchip,3.74175,0.7621347488145889,0.09504036367500378,0.8385233827978457,True,,,
pchip,3.7425,0.7621587257302022,0.09502020613194224,0.8385226605277492,True,,,
pchip,3.7432499999999997,0.7621826826941284,0.09500006083867966,0.8385219403152214,True,,,
pchip,3.7439999999999998,0.762206619512978,0.09497992777749335,0.8385212221605136,True,,,
pchip,3.74475,0.7622305359933613,0.0949598069306607,0.8385205060638771,True,,,
pchip,3.7455,0.7622544319418895,0.09493969828045909,0.838519792025563,True,,,
pchip,3.74625,0.7622783071651729,0.0949196018091659,0.8385190800458228,True,,,
pchip,3.747,0.7623021614698217,0.09489951749905852,0.8385183701249075,True,,,
pchip,3.74775,0.762325994662447,0.09487944533241432,0.8385176622630688,True,,,
pchip,3.7485,0.762349806549659,0.09485938529151071,0.8385169564605574,True,,,
pchip,3.74925,0.7623735969380685,0.09483933735862503,0.8385162527176249,True,,,
pchip,3.75,0.7623973656342861,0.09481930151603468,0.8385155510345225,True,,,
pchip,3.75075,0.7624211124449223,0.09479927774601704,0.8385148514115014,True,,,
pchip,3.7515,0.7624448371765874,0.09477926603084952,0.838514153848813,True,,,
pchip,3.75225,0.7624685396358926,0.09475926635280944,0.8385134583467087,True,,,
pchip,3.753,0.7624922196294479,0.09473927869417423,0.8385127649054394,True,,,
pchip,3.75375,0.7625158769638639,0.09471930303722127,0.8385120735252566,True,,,
pchip,3.7545,0.7625395114457517,0.09469933936422789,0.8385113842064115,True,,,
pchip,3.75525,0.7625631228817215,0.09467938765747153,0.8385106969491555,True,,,
pchip,3.7560000000000002,0.7625867110783836,0.09465944789922955,0.8385100117537396,True,,,
pchip,3.7567500000000003,0.7626102758423491,0.09463952007177932,0.8385093286204153,True,,,
pchip,3.7575000000000003,0.7626338169802284,0.09461960415739823,0.8385086475494337,True,,,
pchip,3.75825,0.7626573342986318,0.09459970013836368,0.8385079685410463,True,,,
pchip,3.759,0.7626808276041702,0.09457980799695301,0.8385072915955041,True,,,
pchip,3.75975,0.7627042967034543,0.09455992771544362,0.8385066167130584,True,,,
pchip,3.7605,0.7627277414030942,0.0945400592761129,0.8385059438939608,True,,,
pchip,3.76125,0.7627511615097008,0.09452020266123824,0.8385052731384621,True,,,
pchip,3.762,0.7627745568298846,0.09450035785309698,0.8385046044468139,True,,,
pchip,3.76275,0.7627979271702561,0.09448052483396653,0.8385039378192674,True,,,
pchip,3.7635,0.762821272337426,0.09446070358612428,0.8385032732560737,True,,,
pchip,3.76425,0.7628445921380049,0.09444089409184758,0.8385026107574842,True,,,
pchip,3.765,0.7628678863786031,0.09442109633341385,0.8385019503237504,True,,,
pchip,3.76575,0.7628911548658316,0.09440131029310043,0.8385012919551231,True,,,
pchip,3.7665,0.7629143974063006,0.09438153595318471,0.8385006356518538,True,,,
pchip,3.7672499999999998,0.762937613806621,0.09436177329594413,0.8384999814141939,True,,,
pchip,3.768,0.762960803873403,0.09434202230365599,0.8384993292423945,True,,,
pchip,3.76875,0.7629839674132574,0.09432228295859771,0.8384986791367067,True,,,
pchip,3.7695,0.7630071042327948,0.09430255524304666,0.8384980310973823,True,,,
pchip,3.77025,0.7630302141386258,0.09428283913928022,0.838497385124672,True,,,
pchip,3.771,0.7630532969373608,0.09426313462957578,0.8384967412188273,True,,,
pchip,3.77175,0.7630763524356104,0.09424344169621073,0.8384960993800996,True,,,
pchip,3.7725,0.7630993804399854,0.09422376032146242,0.8384954596087401,True,,,
pchip,3.77325,0.7631223807570959,0.09420409048760825,0.8384948219049997,True,,,
pchip,3.774,0.7631453531935531,0.09418443217692558,0.8384941862691303,True,,,
pchip,3.77475,0.7631682975559672,0.09416478537169184,0.8384935527013827,True,,,
pchip,3.7755,0.7631912136509488,0.09414515005418439,0.8384929212020082,True,,,
pchip,3.77625,0.7632141012851086,0.09412552620668059,0.8384922917712584,True,,,
pchip,3.777,0.7632369602650569,0.09410591381145783,0.8384916644093842,True,,,
pchip,3.77775,0.7632597903974047,0.09408631285079351,0.8384910391166369,True,,,
pchip,3.7785,0.7632825914887621,0.09406672330696496,0.8384904158932682,True,,,
pchip,3.77925,0.7633053633457402,0.09404714516224962,0.8384897947395288,True,,,
pchip,3.7800000000000002,0.763328105774949,0.09402757839892484,0.8384891756556703,True,,,
pchip,3.7807500000000003,0.7633508185829996,0.09400802299926803,0.8384885586419438,True,,,
pchip,3.7815,0.7633735015765022,0.09398847894555654,0.8384879436986008,True,,,
pchip,3.78225,0.7633961545620674,0.09396894622006774,0.8384873308258923,True,,,
pchip,3.783,0.763418777346306,0.09394942480507902,0.8384867200240698,True,,,
pchip,3.78375,0.7634413697358285,0.09392991468286781,0.8384861112933842,True,,,
pchip,3.7845,0.7634639315372455,0.09391041583571143,0.8384855046340873,True,,,
pchip,3.78525,0.7634864625571673,0.0938909282458873,0.8384849000464301,True,,,
pchip,3.786,0.7635089626022048,0.09387145189567275,0.8384842975306637,True,,,
pchip,3.78675,0.7635314314789685,0.09385198676734523,0.8384836970870396,True,,,
pchip,3.7875,0.7635538689940689,0.09383253284318208,0.8384830987158088,True,,,
pchip,3.78825,0.7635762749541166,0.09381309010546067,0.838482502417223,True,,,
pchip,3.789,0.7635986491657221,0.09379365853645841,0.8384819081915332,True,,,
pchip,3.78975,0.7636209914354961,0.09377423811845267,0.8384813160389906,True,,,
pchip,3.7904999999999998,0.7636433015700491,0.09375482883372083,0.8384807259598466,True,,,
pchip,3.79125,0.7636655793759918,0.09373543066454026,0.8384801379543524,True,,,
pchip,3.792,0.7636878246599346,0.09371604359318837,0.8384795520227593,True,,,
pchip,3.79275,0.7637100372284883,0.09369666760194252,0.8384789681653185,True,,,
pchip,3.7935,0.7637322168882631,0.09367730267308008,0.8384783863822814,True,,,
pchip,3.79425,0.7637543634458699,0.09365794878887845,0.8384778066738993,True,,,
pchip,3.795,0.7637764767079193,0.093638605931615,0.8384772290404232,True,,,
pchip,3.79575,0.7637985564810215,0.09361927408356711,0.8384766534821047,True,,,
pchip,3.7965,0.7638206025717874,0.09359995322701219,0.8384760799991948,True,,,
pchip,3.79725,0.7638426147868276,0.09358064334422758,0.8384755085919449,True,,,
pchip,3.798,0.7638645929327526,0.09356134441749067,0.8384749392606062,True,,,
pchip,3.79875,0.7638865368161728,0.09354205642907887,0.83847437200543,True,,,
pchip,3.7995,0.763908446243699,0.09352277936126953,0.8384738068266676,True,,,
pchip,3.80025,0.7639303210219416,0.09350351319634005,0.8384732437245702,True,,,
pchip,3.801,0.7639521609575115,0.09348425791656781,0.8384726826993891,True,,,
pchip,3.80175,0.7639739658570188,0.09346501350423017,0.8384721237513756,True,,,
pchip,3.8025,0.7639957355270744,0.09344577994160451,0.8384715668807811,True,,,
pchip,3.8032500000000002,0.764017469774289,0.09342655721096824,0.8384710120878565,True,,,
pchip,3.8040000000000003,0.7640391684052726,0.09340734529459874,0.8384704593728532,True,,,
pchip,3.80475,0.7640608312266364,0.09338814417477337,0.8384699087360229,True,,,
pchip,3.8055,0.7640824580449906,0.09336895383376952,0.8384693601776162,True,,,
pchip,3.80625,0.7641040486669458,0.09334977425386456,0.8384688136978847,True,,,
pchip,3.807,0.7641256028991129,0.09333060541733587,0.8384682692970798,True,,,
pchip,3.80775,0.7641471205481022,0.09331144730646085,0.8384677269754527,True,,,
pchip,3.8085,0.7641686014205242,0.09329229990351687,0.8384671867332543,True,,,
pchip,3.80925,0.7641900453229897,0.09327316319078131,0.8384666485707364,True,,,
pchip,3.81,0.764211452062109,0.09325403715053157,0.8384661124881497,True,,,
pchip,3.81075,0.7642328214444931,0.09323492176504498,0.8384655784857462,True,,,
pchip,3.8115,0.7642541532767521,0.09321581701659899,0.8384650465637765,True,,,
pchip,3.81225,0.7642754473654969,0.09319672288747094,0.8384645167224921,True,,,
pchip,3.813,0.7642967035173378,0.09317763935993821,0.8384639889621445,True,,,
pchip,3.8137499999999998,0.7643179215388858,0.09315856641627822,0.8384634632829845,True,,,
pchip,3.8145,0.7643391012367511,0.09313950403876826,0.8384629396852636,True,,,
pchip,3.81525,0.7643602424175443,0.0931204522096858,0.8384624181692334,True,,,
pchip,3.816,0.7643813448878761,0.0931014109113082,0.8384618987351447,True,,,
pchip,3.81675,0.764402408454357,0.09308238012591281,0.8384613813832488,True,,,
pchip,3.8175,0.7644234329235976,0.09306335983577706,0.8384608661137973,True,,,
pchip,3.81825,0.7644444181022085,0.09304435002317828,0.8384603529270411,True,,,
pchip,3.819,0.7644653637968004,0.09302535067039387,0.8384598418232316,True,,,
pchip,3.81975,0.7644862698139836,0.09300636175970123,0.8384593328026204,True,,,
pchip,3.8205,0.7645071359603689,0.09298738327337772,0.8384588258654582,True,,,
pchip,3.82125,0.7645279620425667,0.09296841519370073,0.8384583210119965,True,,,
pchip,3.822,0.7645487478671875,0.09294945750294764,0.8384578182424868,True,,,
pchip,3.82275,0.7645694932408423,0.09293051018339582,0.8384573175571799,True,,,
pchip,3.8235,0.7645901979701414,0.09291157321732267,0.8384568189563276,True,,,
pchip,3.82425,0.7646108618616952,0.09289264658700555,0.8384563224401808,True,,,
pchip,3.825,0.7646314847221145,0.09287373027472186,0.8384558280089908,True,,,
pchip,3.82575,0.7646520663580099,0.09285482426274898,0.8384553356630089,True,,,
pchip,3.8265000000000002,0.7646726065759918,0.09283592853336428,0.8384548454024866,True,,,
pchip,3.8272500000000003,0.764693105182671,0.09281704306884513,0.8384543572276749,True,,,
pchip,3.8280000000000003,0.7647135619846579,0.09279816785146892,0.8384538711388251,True,,,
pchip,3.82875,0.764733976788563,0.09277930286351307,0.8384533871361886,True,,,
pchip,3.8295,0.7647543494009972,0.09276044808725492,0.8384529052200165,True,,,
pchip,3.83025,0.7647746796285708,0.09274160350497183,0.8384524253905601,True,,,
pchip,3.831,0.7647949672778943,0.09272276909894123,0.8384519476480708,True,,,
pchip,3.83175,0.7648152121555787,0.09270394485144046,0.8384514719927997,True,,,
pchip,3.8325,0.7648354140682342,0.09268513074474694,0.8384509984249982,True,,,
pchip,3.83325,0.7648555728224713,0.09266632676113802,0.8384505269449175,True,,,
pchip,3.834,0.7648756882249009,0.09264753288289111,0.8384500575528089,True,,,
pchip,3.83475,0.7648957600821334,0.09262874909228355,0.8384495902489235,True,,,
pchip,3.8355,0.7649157882007794,0.09260997537159275,0.838449125033513,True,,,
pchip,3.83625,0.7649357723874495,0.0925912117030961,0.8384486619068282,True,,,
pchip,3.8369999999999997,0.7649557124487542,0.09257245806907098,0.8384482008691205,True,,,
pchip,3.8377499999999998,0.7649756081913041,0.09255371445179472,0.8384477419206413,True,,,
pchip,3.8385,0.7649954594217099,0.09253498083354475,0.8384472850616418,True,,,
pchip,3.83925,0.7650152659465819,0.09251625719659845,0.8384468302923733,True,,,
pchip,3.84,0.765035027572531,0.09249754352323318,0.8384463776130869,True,,,
pchip,3.84075,0.7650547441061675,0.09247883979572634,0.8384459270240341,True,,,
pchip,3.8415,0.765074415354102,0.0924601459963553,0.838445478525466,True,,,
pchip,3.84225,0.7650940411229454,0.09244146210739744,0.838445032117634,True,,,
pchip,3.843,0.7651136212193079,0.09242278811113012,0.8384445878007891,True,,,
pchip,3.84375,0.7651331554498002,0.09240412398983078,0.838444145575183,True,,,
pchip,3.8445,0.7651526436210331,0.09238546972577674,0.8384437054410666,True,,,
pchip,3.84525,0.7651720855396168,0.09236682530124543,0.8384432673986913,True,,,
pchip,3.846,0.7651914810121618,0.09234819069851419,0.8384428314483084,True,,,
pchip,3.84675,0.7652108298452793,0.09232956589986041,0.8384423975901691,True,,,
pchip,3.8475,0.7652301318455794,0.0923109508875615,0.8384419658245246,True,,,
pchip,3.84825,0.7652493868196726,0.09229234564389481,0.8384415361516265,True,,,
pchip,3.849,0.7652685945741697,0.09227375015113773,0.8384411085717257,True,,,
pchip,3.8497500000000002,0.7652877549156814,0.09225516439156765,0.8384406830850735,True,,,
pchip,3.8505000000000003,0.7653068676508179,0.09223658834746194,0.8384402596919215,True,,,
pchip,3.8512500000000003,0.7653259325861899,0.09221802200109795,0.8384398383925206,True,,,
pchip,3.852,0.7653449495284083,0.09219946533475315,0.8384394191871222,True,,,
pchip,3.85275,0.765363918284083,0.09218091833070484,0.8384390020759775,True,,,
pchip,3.8535,0.7653828386598254,0.09216238097123043,0.8384385870593379,True,,,
pchip,3.85425,0.7654017104622454,0.0921438532386073,0.8384381741374546,True,,,
pchip,3.855,0.7654205334979538,0.09212533511511281,0.8384377633105791,True,,,
pchip,3.85575,0.7654393075735614,0.09210682658302437,0.8384373545789621,True,,,
pchip,3.8565,0.7654580324956785,0.09208832762461935,0.8384369479428553,True,,,
pchip,3.85725,0.7654767080709156,0.09206983822217513,0.8384365434025101,True,,,
pchip,3.858,0.7654953341058838,0.0920513583579691,0.8384361409581772,True,,,
pchip,3.85875,0.7655139104071931,0.09203288801427861,0.8384357406101084,True,,,
pchip,3.8595,0.765532436781454,0.09201442717338108,0.8384353423585549,True,,,
pchip,3.86025,0.7655509130352778,0.09199597581755388,0.8384349462037677,True,,,
pchip,3.8609999999999998,0.7655693389752745,0.09197753392907439,0.8384345521459982,True,,,
pchip,3.86175,0.7655877144080545,0.09195910149021998,0.8384341601854978,True,,,
pchip,3.8625,0.765606039140229,0.09194067848326802,0.8384337703225173,True,,,
pchip,3.86325,0.7656243129784082,0.09192226489049592,0.8384333825573087,True,,,
pchip,3.864,0.7656425357292025,0.09190386069418105,0.8384329968901229,True,,,
pchip,3.86475,0.765660707199223,0.09188546587660079,0.8384326133212108,True,,,
pchip,3.8655,0.7656788271950798,0.09186708042003253,0.8384322318508243,True,,,
pchip,3.86625,0.7656968955233837,0.09184870430675363,0.8384318524792144,True,,,
pchip,3.867,0.7657149119907453,0.09183033751904146,0.8384314752066322,True,,,
pchip,3.86775,0.765732876403775,0.09181198003917346,0.8384311000333292,True,,,
pchip,3.8685,0.7657507885690834,0.09179363184942697,0.8384307269595566,True,,,
pchip,3.86925,0.7657686482932813,0.09177529293207937,0.8384303559855656,True,,,
pchip,3.87,0.7657864553829791,0.09175696326940805,0.8384299871116077,True,,,
pchip,3.87075,0.7658042096447872,0.09173864284369038,0.8384296203379338,True,,,
pchip,3.8715,0.7658219108853166,0.09172033163720374,0.8384292556647953,True,,,
pchip,3.87225,0.7658395589111775,0.09170202963222553,0.8384288930924438,True,,,
pchip,3.873,0.7658571535289806,0.09168373681103312,0.8384285326211302,True,,,
pchip,3.8737500000000002,0.7658746945453366,0.0916654531559039,0.8384281742511057,True,,,
pchip,3.8745000000000003,0.765892181766856,0.09164717864911522,0.8384278179826219,True,,,
pchip,3.87525,0.7659096150001493,0.09162891327294449,0.8384274638159299,True,,,
pchip,3.876,0.7659269940518272,0.0916106570096691,0.8384271117512808,True,,,
pchip,3.87675,0.7659443187284999,0.0915924098415664,0.8384267617889263,True,,,
pchip,3.8775,0.7659615888367786,0.09157417175091379,0.8384264139291171,True,,,
pchip,3.87825,0.7659788041832734,0.09155594271998865,0.838426068172105,True,,,
pchip,3.879,0.7659959645745948,0.09153772273106833,0.838425724518141,True,,,
pchip,3.87975,0.7660130698173538,0.09151951176643028,0.8384253829674763,True,,,
pchip,3.8805,0.7660301197181608,0.09150130980835182,0.8384250435203623,True,,,
pchip,3.88125,0.7660471140836262,0.09148311683911035,0.8384247061770503,True,,,
pchip,3.882,0.7660640527203608,0.09146493284098324,0.8384243709377915,True,,,
pchip,3.88275,0.7660809354349751,0.09144675779624789,0.838424037802837,True,,,
pchip,3.8835,0.7660977620340796,0.09142859168718168,0.8384237067724385,True,,,
pchip,3.8842499999999998,0.7661145323242851,0.09141043449606198,0.8384233778468468,True,,,
pchip,3.885,0.7661312461122018,0.09139228620516618,0.8384230510263135,True,,,
pchip,3.88575,0.7661479032044405,0.09137414679677165,0.8384227263110898,True,,,
pchip,3.8865,0.7661645034076119,0.09135601625315577,0.8384224037014268,True,,,
pchip,3.88725,0.7661810465283264,0.09133789455659592,0.8384220831975759,True,,,
pchip,3.888,0.7661975323731945,0.09131978168936951,0.8384217647997885,True,,,
pchip,3.88875,0.7662139607488271,0.0913016776337539,0.8384214485083156,True,,,
pchip,3.8895,0.7662303314618344,0.09128358237202645,0.8384211343234085,True,,,
pchip,3.89025,0.7662466443188269,0.09126549588646457,0.8384208222453187,True,,,
pchip,3.891,0.7662628991264158,0.09124741815934562,0.8384205122742971,True,,,
pchip,3.89175,0.7662790956912111,0.091229349172947,0.8384202044105954,True,,,
pchip,3.8925,0.7662952338198235,0.09121128890954609,0.8384198986544646,True,,,
pchip,3.89325,0.7663113133188637,0.09119323735142028,0.838419595006156,True,,,
pchip,3.894,0.7663273339949422,0.09117519448084692,0.8384192934659209,True,,,
pchip,3.89475,0.7663432956546695,0.0911571602801034,0.8384189940340107,True,,,
pchip,3.8955,0.7663591981046564,0.0911391347314671,0.8384186967106763,True,,,
pchip,3.89625,0.7663750411515133,0.09112111781721542,0.8384184014961692,True,,,
pchip,3.8970000000000002,0.7663908246018507,0.09110310951962575,0.8384181083907407,True,,,
pchip,3.8977500000000003,0.7664065482622794,0.09108510982097542,0.8384178173946419,True,,,
pchip,3.8985,0.7664222119394097,0.09106711870354187,0.8384175285081246,True,,,
pchip,3.89925,0.7664378154398523,0.09104913614960242,0.8384172417314394,True,,,
pchip,3.9,0.766453358570218,0.0910311621414345,0.8384169570648377,True,,,
pchip,3.90075,0.7664688411371171,0.09101319666131547,0.8384166745085712,True,,,
pchip,3.9015,0.7664842629471601,0.0909952396915227,0.8384163940628906,True,,,
pchip,3.90225,0.7664996238069579,0.09097729121433362,0.8384161157280474,True,,,
pchip,3.903,0.7665149235231208,0.09095935121202556,0.8384158395042932,True,,,
pchip,3.90375,0.7665301619022594,0.09094141966687588,0.8384155653918788,True,,,
pchip,3.9045,0.7665453387509845,0.09092349656116204,0.8384152933910556,True,,,
pchip,3.90525,0.7665604538759065,0.09090558187716138,0.8384150235020749,True,,,
pchip,3.906,0.766575507083636,0.09088767559715127,0.838414755725188,True,,,
pchip,3.90675,0.7665904981807835,0.09086977770340908,0.8384144900606461,True,,,
pchip,3.9074999999999998,0.7666054269739596,0.09085188817821227,0.8384142265087007,True,,,
pchip,3.90825,0.766620293269775,0.09083400700383812,0.8384139650696025,True,,,
pchip,3.909,0.7666350968748402,0.09081613416256407,0.8384137057436034,True,,,
pchip,3.90975,0.7666498375957657,0.09079826963666747,0.8384134485309545,True,,,
pchip,3.9105,0.7666645152391621,0.09078041340842571,0.8384131934319067,True,,,
pchip,3.91125,0.7666791296116402,0.09076256546011618,0.8384129404467117,True,,,
pchip,3.912,0.7666936805198102,0.09074472577401627,0.8384126895756207,True,,,
pchip,3.91275,0.7667081677702831,0.09072689433240334,0.8384124408188848,True,,,
pchip,3.9135,0.766722591169669,0.0907090711175548,0.8384121941767552,True,,,
pchip,3.91425,0.7667369505245787,0.09069125611174798,0.8384119496494835,True,,,
pchip,3.915,0.7667512456416229,0.0906734492972603,0.8384117072373207,True,,,
pchip,3.91575,0.7667654763274122,0.09065565065636913,0.8384114669405182,True,,,
pchip,3.9165,0.7667796423885568,0.09063786017135186,0.8384112287593272,True,,,
pchip,3.91725,0.7667937436316675,0.09062007782448586,0.838410992693999,True,,,
pchip,3.918,0.7668077798633551,0.09060230359804854,0.8384107587447847,True,,,
pchip,3.91875,0.7668217508902297,0.0905845374743172,0.8384105269119358,True,,,
pchip,3.9195,0.7668356565189023,0.09056677943556932,0.8384102971957036,True,,,
pchip,3.9202500000000002,0.7668494965559833,0.09054902946408222,0.8384100695963391,True,,,
pchip,3.9210000000000003,0.7668632708080833,0.09053128754213331,0.8384098441140939,True,,,
pchip,3.9217500000000003,0.7668769790818127,0.09051355365199996,0.838409620749219,True,,,
pchip,3.9225,0.7668906211837825,0.09049582777595955,0.8384093995019658,True,,,
pchip,3.92325,0.7669041969206026,0.09047810989628945,0.8384091803725855,True,,,
pchip,3.924,0.7669177060988844,0.09046039999526706,0.8384089633613293,True,,,
pchip,3.92475,0.7669311485252379,0.09044269805516975,0.8384087484684486,True,,,
pchip,3.9255,0.7669445240062738,0.0904250040582749,0.8384085356941947,True,,,
pchip,3.92625,0.7669578323486027,0.0904073179868599,0.8384083250388187,True,,,
pchip,3.927,0.7669710733588352,0.09038963982320214,0.8384081165025721,True,,,
pchip,3.92775,0.7669842468435817,0.09037196954957895,0.8384079100857058,True,,,
pchip,3.9285,0.7669973526094531,0.09035430714826777,0.8384077057884715,True,,,
pchip,3.92925,0.76701039046306,0.09033665260154596,0.8384075036111203,True,,,
pchip,3.93,0.7670233602110124,0.0903190058916909,0.8384073035539032,True,,,
pchip,3.9307499999999997,0.7670362616599214,0.09030136700097996,0.8384071056170719,True,,,
pchip,3.9314999999999998,0.7670490946163974,0.09028373591169053,0.8384069098008774,True,,,
pchip,3.93225,0.767061858887051,0.0902661126061,0.838406716105571,True,,,
pchip,3.933,0.7670745542784929,0.09024849706648574,0.8384065245314041,True,,,
pchip,3.93375,0.7670871805973334,0.09023088927512514,0.8384063350786279,True,,,
pchip,3.9345,0.7670997376501831,0.09021328921429558,0.8384061477474934,True,,,
pchip,3.93525,0.7671122252436531,0.0901956968662744,0.8384059625382523,True,,,
pchip,3.936,0.7671246431843532,0.09017811221333906,0.8384057794511557,True,,,
pchip,3.93675,0.7671369912788945,0.09016053523776688,0.8384055984864548,True,,,
pchip,3.9375,0.7671492693338874,0.09014296592183527,0.8384054196444009,True,,,
pchip,3.93825,0.7671614771559424,0.09012540424782157,0.8384052429252453,True,,,
pchip,3.939,0.7671736145516703,0.09010785019800321,0.8384050683292391,True,,,
pchip,3.93975,0.7671856813276815,0.09009030375465754,0.8384048958566338,True,,,
pchip,3.9405,0.7671976772905866,0.09007276490006197,0.8384047255076806,True,,,
pchip,3.94125,0.7672096022469963,0.09005523361649385,0.8384045572826307,True,,,
pchip,3.942,0.767221456003521,0.09003770988623058,0.8384043911817355,True,,,
pchip,3.94275,0.7672332383667713,0.09002019369154952,0.8384042272052463,True,,,
pchip,3.9435000000000002,0.7672449491433578,0.09000268501472808,0.838404065353414,True,,,
pchip,3.9442500000000003,0.7672565881398912,0.08998518383804363,0.8384039056264903,True,,,
pchip,3.9450000000000003,0.7672681551629817,0.08996769014377354,0.8384037480247263,True,,,
pchip,3.94575,0.7672796500192405,0.08995020391419521,0.838403592548373,True,,,
pchip,3.9465,0.7672910725152776,0.089932725131586,0.838403439197682,True,,,
pchip,3.94725,0.7673024224577037,0.08991525377822329,0.8384032879729048,True,,,
pchip,3.948,0.7673136996531298,0.08989778983638448,0.838403138874292,True,,,
pchip,3.94875,0.7673249039081659,0.08988033328834696,0.8384029919020952,True,,,
pchip,3.9495,0.7673360350294228,0.08986288411638807,0.838402847056566,True,,,
pchip,3.95025,0.7673470928235111,0.08984544230278523,0.8384027043379552,True,,,
pchip,3.951,0.7673580770970414,0.0898280078298158,0.8384025637465142,True,,,
pchip,3.95175,0.7673689876566242,0.08981058067975714,0.8384024252824943,True,,,
pchip,3.9525,0.7673798243088701,0.08979316083488668,0.8384022889461467,True,,,
pchip,3.95325,0.7673905868603897,0.08977574827748178,0.838402154737723,True,,,
pchip,3.954,0.7674012751177937,0.08975834298981981,0.8384020226574739,True,,,
pchip,3.9547499999999998,0.7674118888876924,0.08974094495417818,0.8384018927056509,True,,,
pchip,3.9555,0.7674224279766966,0.08972355415283421,0.8384017648825056,True,,,
pchip,3.95625,0.7674328921914165,0.08970617056806535,0.8384016391882888,True,,,
pchip,3.957,0.7674432813384632,0.08968879418214895,0.838401515623252,True,,,
pchip,3.95775,0.7674535952244471,0.0896714249773624,0.8384013941876466,True,,,
pchip,3.9585,0.7674638336559785,0.08965406293598305,0.8384012748817237,True,,,
pchip,3.95925,0.7674739964396683,0.08963670804028831,0.8384011577057343,True,,,
pchip,3.96,0.7674840833821269,0.08961936027255557,0.8384010426599301,True,,,
pchip,3.96075,0.7674940942899648,0.08960201961506219,0.8384009297445622,True,,,
pchip,3.9615,0.767504028969793,0.08958468605008556,0.8384008189598819,True,,,
pchip,3.96225,0.7675138872282217,0.08956735955990305,0.8384007103061404,True,,,
pchip,3.963,0.7675236688718613,0.08955004012679207,0.838400603783589,True,,,
pchip,3.96375,0.7675333737073228,0.08953272773302995,0.838400499392479,True,,,
pchip,3.9645,0.7675430015412167,0.08951542236089413,0.8384003971330617,True,,,
pchip,3.96525,0.7675525521801533,0.08949812399266194,0.8384002970055882,True,,,
pchip,3.966,0.7675620254307434,0.0894808326106108,0.8384001990103098,True,,,
pchip,3.96675,0.7675714210995976,0.08946354819701806,0.8384001031474781,True,,,
pchip,3.9675000000000002,0.7675807389933264,0.08944627073416112,0.8384000094173439,True,,,
pchip,3.9682500000000003,0.7675899789185403,0.08942900020431735,0.8383999178201588,True,,,
pchip,3.969,0.7675991406818498,0.08941173658976416,0.838399828356174,True,,,
pchip,3.96975,0.7676082240898658,0.08939447987277889,0.8383997410256405,True,,,
pchip,3.9705,0.7676172289491988,0.08937723003563895,0.83839965582881,True,,,
pchip,3.97125,0.767626155066459,0.08935998706062169,0.8383995727659336,True,,,
pchip,3.972,0.7676350022482574,0.08934275093000452,0.8383994918372623,True,,,
pchip,3.97275,0.7676437703012046,0.0893255216260648,0.8383994130430475,True,,,
pchip,3.9735,0.7676524590319107,0.08930829913107995,0.8383993363835408,True,,,
pchip,3.97425,0.7676610682469868,0.0892910834273273,0.8383992618589932,True,,,
pchip,3.975,0.767669597753043,0.08927387449708427,0.8383991894696559,True,,,
pchip,3.97575,0.7676780473566902,0.08925667232262818,0.8383991192157803,True,,,
pchip,3.9765,0.767686416864539,0.08923947688623651,0.8383990510976176,True,,,
pchip,3.97725,0.7676947060831998,0.08922228817018656,0.838398985115419,True,,,
pchip,3.9779999999999998,0.7677029148192832,0.08920510615675575,0.838398921269436,True,,,
pchip,3.97875,0.7677110428793998,0.08918793082822146,0.8383988595599198,True,,,
pchip,3.9795,0.7677190900701603,0.08917076216686104,0.8383987999871214,True,,,
pchip,3.98025,0.767727056198175,0.08915360015495188,0.8383987425512924,True,,,
pchip,3.981,0.7677349410700548,0.0891364447747714,0.8383986872526838,True,,,
pchip,3.98175,0.7677427444924101,0.08911929600859693,0.8383986340915471,True,,,
pchip,3.9825,0.7677504662718514,0.08910215383870587,0.8383985830681335,True,,,
pchip,3.98325,0.7677581062149894,0.08908501824737561,0.838398534182694,True,,,
pchip,3.984,0.7677656641284347,0.08906788921688354,0.8383984874354804,True,,,
pchip,3.98475,0.7677731398187976,0.08905076672950701,0.8383984428267436,True,,,
pchip,3.9855,0.7677805330926891,0.08903365076752343,0.8383984003567347,True,,,
pchip,3.98625,0.7677878437567195,0.08901654131321016,0.8383983600257056,True,,,
pchip,3.987,0.7677950716174994,0.08899943834884459,0.8383983218339067,True,,,
pchip,3.98775,0.7678022164816395,0.08898234185670408,0.83839828578159,True,,,
pchip,3.9885,0.7678092781557502,0.08896525181906605,0.8383982518690066,True,,,
pchip,3.98925,0.767816256446442,0.08894816821820785,0.8383982200964075,True,,,
pchip,3.99,0.7678231511603258,0.0889310910364069,0.8383981904640442,True,,,
pchip,3.9907500000000002,0.7678299621040122,0.0889140202559405,0.838398162972168,True,,,
pchip,3.9915000000000003,0.7678366890841113,0.08889695585908614,0.8383981376210299,True,,,
pchip,3.99225,0.767843331907234,0.08887989782812113,0.8383981144108814,True,,,
pchip,3.993,0.7678498903799909,0.08886284614532286,0.8383980933419738,True,,,
pchip,3.99375,0.7678563643089924,0.08884580079296871,0.8383980744145582,True,,,
pchip,3.9945,0.7678627535008493,0.08882876175333608,0.8383980576288859,True,,,
pchip,3.99525,0.7678690577621721,0.08881172900870232,0.8383980429852084,True,,,
pchip,3.996,0.767875276899571,0.08879470254134485,0.8383980304837766,True,,,
pchip,3.99675,0.7678814107196573,0.08877768233354102,0.838398020124842,True,,,
pchip,3.9975,0.7678874590290411,0.08876066836756823,0.8383980119086559,True,,,
pchip,3.99825,0.7678934216343328,0.08874366062570384,0.8383980058354693,True,,,
pchip,3.999,0.7678992983421434,0.08872665909022524,0.8383980019055337,True,,,
pchip,3.99975,0.7679050889590834,0.08870966374340983,0.8383980001191006,True,,,
pchip,4.0005,0.767910811527309,0.08869267448782472,0.838398009119114,True,,,
pchip,4.00125,0.7679165252025858,0.08867569105788169,0.8383980569674063,True,,,
pchip,4.002,0.7679222345277072,0.08865871343965907,0.838398145767296,True,,,
pchip,4.00275,0.767927939489926,0.08864174163961057,0.8383982754603417,True,,,
pchip,4.0035,0.7679336400764943,0.0886247756641898,0.8383984459881019,True,,,
pchip,4.00425,0.7679393362746647,0.0886078155198504,0.8383986572921353,True,,,
pchip,4.005,0.7679450280716895,0.088590861213046,0.838398909314,True,,,
pchip,4.00575,0.7679507154548212,0.08857391275023029,0.8383992019952546,True,,,
pchip,4.0065,0.7679563984113122,0.08855697013785685,0.838399535277458,True,,,
pchip,4.00725,0.7679620769284149,0.08854003338237938,0.8383999091021682,True,,,
pchip,4.008,0.7679677509933818,0.08852310249025148,0.838400323410944,True,,,
pchip,4.00875,0.7679734205934651,0.08850617746792681,0.8384007781453438,True,,,
pchip,4.0095,0.7679790857159176,0.08848925832185904,0.8384012732469259,True,,,
pchip,4.01025,0.7679847463479914,0.08847234505850175,0.8384018086572492,True,,,
pchip,4.011,0.7679904024769388,0.08845543768430864,0.838402384317872,True,,,
pchip,4.01175,0.7679960540900128,0.08843853620573332,0.8384030001703527,True,,,
pchip,4.0125,0.7680017011744652,0.08842164062922944,0.83840365615625,True,,,
pchip,4.01325,0.7680073437175488,0.08840475096125065,0.8384043522171222,True,,,
pchip,4.014,0.7680129817065159,0.08838786720825059,0.838405088294528,True,,,
pchip,4.01475,0.7680186151286189,0.0883709893766829,0.8384058643300257,True,,,
pchip,4.0155,0.7680242439711102,0.08835411747300122,0.838406680265174,True,,,
pchip,4.01625,0.7680298682212423,0.08833725150365919,0.8384075360415312,True,,,
pchip,4.017,0.7680354878662677,0.08832039147511048,0.838408431600656,True,,,
pchip,4.0177499999999995,0.7680411028934386,0.08830353739380871,0.8384093668841067,True,,,
pchip,4.0184999999999995,0.7680467132900075,0.08828668926620753,0.838410341833442,True,,,
pchip,4.0192499999999995,0.7680523190432269,0.08826984709876055,0.8384113563902202,True,,,
pchip,4.02,0.7680579201403492,0.08825301089792144,0.838412410496,True,,,
pchip,4.02075,0.7680635165686267,0.08823618067014387,0.8384135040923397,True,,,
pchip,4.0215,0.7680691083153119,0.08821935642188143,0.838414637120798,True,,,
pchip,4.02225,0.7680746953676574,0.0882025381595878,0.8384158095229332,True,,,
pchip,4.023,0.7680802777129153,0.0881857258897166,0.8384170212403039,True,,,
pchip,4.02375,0.7680858553383383,0.08816891961872148,0.8384182722144686,True,,,
pchip,4.0245,0.7680914282311785,0.08815211935305609,0.838419562386986,True,,,
pchip,4.02525,0.7680969963786887,0.08813532509917406,0.8384208916994141,True,,,
pchip,4.026,0.7681025597681211,0.08811853686352905,0.838422260093312,True,,,
pchip,4.02675,0.7681081183867281,0.08810175465257471,0.8384236675102377,True,,,
pchip,4.0275,0.7681136722217622,0.08808497847276464,0.8384251138917499,True,,,
pchip,4.02825,0.7681192212604758,0.08806820833055252,0.8384265991794073,True,,,
pchip,4.029,0.7681247654901213,0.08805144423239199,0.8384281233147679,True,,,
pchip,4.02975,0.7681303048979513,0.08803468618473667,0.8384296862393907,True,,,
pchip,4.0305,0.7681358394712179,0.08801793419404023,0.838431287894834,True,,,
pchip,4.03125,0.7681413691971737,0.08800118826675628,0.8384329282226561,True,,,
pchip,4.032,0.768146894063071,0.08798444840933849,0.838434607164416,True,,,
pchip,4.03275,0.7681524140561625,0.08796771462824052,0.8384363246616717,True,,,
pchip,4.0335,0.7681579291637004,0.08795098692991596,0.8384380806559819,True,,,
pchip,4.03425,0.7681634393729372,0.08793426532081848,0.8384398750889052,True,,,
pchip,4.035,0.7681689446711253,0.08791754980740173,0.838441707902,True,,,
pchip,4.03575,0.768174445045517,0.08790084039611934,0.8384435790368248,True,,,
pchip,4.0365,0.7681799404833649,0.08788413709342496,0.838445488434938,True,,,
pchip,4.03725,0.7681854309719213,0.08786743990577223,0.8384474360378983,True,,,
pchip,4.038,0.7681909164984387,0.0878507488396148,0.838449421787264,True,,,
pchip,4.03875,0.7681963970501694,0.0878340639014063,0.8384514456245937,True,,,
pchip,4.0395,0.768201872614366,0.08781738509760037,0.838453507491446,True,,,
pchip,4.04025,0.7682073431782809,0.08780071243465067,0.8384556073293792,True,,,
pchip,4.041,0.7682128087291663,0.08778404591901084,0.838457745079952,True,,,
pchip,4.04175,0.7682182692542749,0.08776738555713451,0.8384599206847227,True,,,
pchip,4.0425,0.7682237247408589,0.08775073135547533,0.83846213408525,True,,,
pchip,4.0432500000000005,0.768229175176171,0.08773408332048693,0.8384643852230922,True,,,
pchip,4.0440000000000005,0.7682346205474633,0.08771744145862298,0.838466674039808,True,,,
pchip,4.0447500000000005,0.7682400608419883,0.08770080577633711,0.8384690004769557,True,,,
pchip,4.0455000000000005,0.7682454960469987,0.08768417628008296,0.8384713644760939,True,,,
pchip,4.046250000000001,0.7682509261497463,0.08766755297631416,0.8384737659787812,True,,,
pchip,4.047,0.7682563511374843,0.08765093587148438,0.8384762049265759,True,,,
pchip,4.04775,0.7682617709974645,0.08763432497204725,0.8384786812610368,True,,,
pchip,4.0485,0.7682671857169397,0.0876177202844564,0.838481194923722,True,,,
pchip,4.04925,0.7682725952831624,0.08760112181516548,0.8384837458561902,True,,,
pchip,4.05,0.7682779996833843,0.08758452957062815,0.8384863339999999,True,,,
pchip,4.05075,0.7682833989048587,0.08756794355729802,0.8384889592967097,True,,,
pchip,4.0515,0.7682887929348374,0.08755136378162875,0.8384916216878779,True,,,
pchip,4.05225,0.7682941817605733,0.087534790250074,0.8384943211150633,True,,,
pchip,4.053,0.7682995653693184,0.0875182229690874,0.838497057519824,True,,,
pchip,4.05375,0.7683049437483255,0.08750166194512257,0.8384998308437187,True,,,
pchip,4.0545,0.7683103168848467,0.08748510718463319,0.838502641028306,True,,,
pchip,4.05525,0.7683156847661345,0.08746855869407287,0.8385054880151442,True,,,
pchip,4.056,0.7683210473794415,0.08745201647989527,0.838508371745792,True,,,
pchip,4.05675,0.7683264047120199,0.08743548054855403,0.8385112921618078,True,,,
pchip,4.0575,0.7683317567511223,0.0874189509065028,0.8385142492047499,True,,,
pchip,4.05825,0.7683371034840009,0.0874024275601952,0.8385172428161772,True,,,
pchip,4.059,0.7683424448979084,0.0873859105160849,0.838520272937648,True,,,
pchip,4.05975,0.768347780980097,0.08736939978062552,0.8385233395107208,True,,,
pchip,4.0605,0.7683531117178192,0.08735289536027073,0.838526442476954,True,,,
pchip,4.06125,0.7683584370983274,0.08733639726147414,0.8385295817779063,True,,,
pchip,4.062,0.7683637571088741,0.08731990549068942,0.8385327573551359,True,,,
pchip,4.06275,0.7683690717367117,0.0873034200543702,0.8385359691502017,True,,,
pchip,4.0635,0.7683743809690924,0.08728694095897009,0.8385392171046621,True,,,
pchip,4.0642499999999995,0.7683796847932689,0.08727046821094282,0.8385425011600752,True,,,
pchip,4.0649999999999995,0.7683849831964935,0.08725400181674195,0.838545821258,True,,,
pchip,4.0657499999999995,0.7683902761660186,0.08723754178282116,0.8385491773399947,True,,,
pchip,4.0665,0.7683955636890968,0.08722108811563407,0.8385525693476179,True,,,
pchip,4.06725,0.7684008457529802,0.08720464082163436,0.8385559972224281,True,,,
pchip,4.068,0.7684061223449217,0.08718819990727564,0.838559460905984,True,,,
pchip,4.06875,0.7684113934521731,0.08717176537901154,0.8385629603398438,True,,,
pchip,4.0695,0.7684166590619873,0.08715533724329576,0.8385664954655659,True,,,
pchip,4.07025,0.7684219191616165,0.08713891550658188,0.8385700662247092,True,,,
pchip,4.071,0.7684271737383133,0.08712250017532358,0.838573672558832,True,,,
pchip,4.07175,0.76843242277933,0.08710609125597449,0.8385773144094927,True,,,
pchip,4.0725,0.7684376662719188,0.08708968875498825,0.83858099171825,True,,,
pchip,4.07325,0.7684429042033326,0.08707329267881853,0.8385847044266622,True,,,
pchip,4.074,0.7684481365608236,0.08705690303391893,0.838588452476288,True,,,
pchip,4.07475,0.768453363331644,0.08704051982674312,0.8385922358086857,True,,,
pchip,4.0755,0.7684585845030465,0.08702414306374474,0.838596054365414,True,,,
pchip,4.07625,0.7684638000622834,0.08700777275137743,0.8385999080880312,True,,,
pchip,4.077,0.7684690099966073,0.08699140889609482,0.838603796918096,True,,,
pchip,4.07775,0.7684742142932702,0.08697505150435057,0.8386077207971667,True,,,
pchip,4.0785,0.768479412939525,0.08695870058259832,0.838611679666802,True,,,
pchip,4.07925,0.768484605922624,0.0869423561372917,0.8386156734685603,True,,,
pchip,4.08,0.7684897932298193,0.08692601817488438,0.8386197021440001,True,,,
pchip,4.08075,0.7684949748483637,0.08690968670182997,0.8386237656346798,True,,,
pchip,4.0815,0.7685001507655095,0.08689336172458213,0.838627863882158,True,,,
pchip,4.08225,0.768505320968509,0.0868770432495945,0.8386319968279932,True,,,
pchip,4.083,0.7685104854446148,0.08686073128332072,0.838636164413744,True,,,
pchip,4.08375,0.7685156441810792,0.08684442583221445,0.8386403665809687,True,,,
pchip,4.0845,0.7685207971651548,0.08682812690272931,0.838644603271226,True,,,
pchip,4.08525,0.7685259443840936,0.08681183450131895,0.8386488744260743,True,,,
pchip,4.086,0.7685310858251484,0.08679554863443702,0.838653179987072,True,,,
pchip,4.08675,0.7685362214755715,0.08677926930853713,0.8386575198957777,True,,,
pchip,4.0875,0.7685413513226156,0.08676299653007297,0.83866189409375,True,,,
pchip,4.08825,0.7685464753535327,0.08674673030549815,0.8386663025225473,True,,,
pchip,4.089,0.7685515935555753,0.08673047064126634,0.838670745123728,True,,,
pchip,4.08975,0.7685567059159961,0.08671421754383116,0.8386752218388507,True,,,
pchip,4.0905000000000005,0.7685618124220471,0.08669797101964626,0.838679732609474,True,,,
pchip,4.0912500000000005,0.7685669130609812,0.08668173107516527,0.8386842773771562,True,,,
pchip,4.0920000000000005,0.7685720078200504,0.08666549771684186,0.838688856083456,True,,,
pchip,4.0927500000000006,0.7685770966865073,0.08664927095112966,0.8386934686699318,True,,,
pchip,4.0935,0.7685821796476044,0.08663305078448233,0.838698115078142,True,,,
pchip,4.09425,0.768587256690594,0.08661683722335344,0.8387027952496452,True,,,
pchip,4.095,0.7685923278027287,0.0866006302741967,0.838707509126,True,,,
pchip,4.09575,0.7685973929712605,0.08658442994346575,0.8387122566487647,True,,,
pchip,4.0965,0.7686024521834423,0.08656823623761423,0.8387170377594979,True,,,
pchip,4.09725,0.7686075054265261,0.08655204916309577,0.8387218523997583,True,,,
pchip,4.098,0.7686125526877647,0.086535868726364,0.838726700511104,True,,,
pchip,4.09875,0.7686175939544104,0.08651969493387257,0.8387315820350938,True,,,
pchip,4.0995,0.7686226292137155,0.08650352779207515,0.838736496913286,True,,,
pchip,4.10025,0.7686276584529325,0.08648736730742537,0.8387414450872392,True,,,
pchip,4.101,0.7686326816593138,0.08647121348637685,0.838746426498512,True,,,
pchip,4.10175,0.7686376988201119,0.08645506633538326,0.8387514410886627,True,,,
pchip,4.1025,0.768642709922579,0.08643892586089823,0.8387564887992499,True,,,
pchip,4.10325,0.7686477149539679,0.0864227920693754,0.8387615695718322,True,,,
pchip,4.104,0.7686527139015308,0.08640666496726843,0.838766683347968,True,,,
pchip,4.10475,0.76865770675252,0.08639054456103093,0.8387718300692157,True,,,
pchip,4.1055,0.7686626934941881,0.08637443085711657,0.838777009677134,True,,,
pchip,4.10625,0.7686676741137874,0.08635832386197899,0.8387822221132811,True,,,
pchip,4.107,0.7686726485985705,0.08634222358207183,0.838787467319216,True,,,
pchip,4.10775,0.7686776169357896,0.08632613002384873,0.8387927452364967,True,,,
pchip,4.1085,0.7686825791126973,0.08631004319376331,0.838798055806682,True,,,
pchip,4.10925,0.7686875351165461,0.08629396309826926,0.8388033989713303,True,,,
pchip,4.11,0.768692484934588,0.0862778897438202,0.838808774672,True,,,
pchip,4.11075,0.7686974285540759,0.08626182313686974,0.8388141828502498,True,,,
pchip,4.1114999999999995,0.7687023659622618,0.0862457632838716,0.8388196234476379,True,,,
pchip,4.1122499999999995,0.7687072971463986,0.08622971019127935,0.8388250964057232,True,,,
pchip,4.1129999999999995,0.7687122220937382,0.08621366386554667,0.838830601666064,True,,,
pchip,4.11375,0.7687171407915334,0.08619762431312718,0.8388361391702187,True,,,
pchip,4.1145,0.7687220532270367,0.08618159154047454,0.838841708859746,True,,,
pchip,4.11525,0.7687269593874999,0.08616556555404238,0.8388473106762042,True,,,
pchip,4.116,0.7687318592601762,0.08614954636028435,0.8388529445611519,True,,,
pchip,4.11675,0.7687367528323172,0.0861335339656541,0.8388586104561477,True,,,
pchip,4.1175,0.7687416400911763,0.08611752837660526,0.8388643083027499,True,,,
pchip,4.11825,0.7687465210240052,0.08610152959959148,0.8388700380425173,True,,,
pchip,4.119,0.7687513956180565,0.0860855376410664,0.838875799617008,True,,,
pchip,4.11975,0.7687562638605826,0.08606955250748366,0.8388815929677808,True,,,
pchip,4.1205,0.7687611257388359,0.08605357420529691,0.838887418036394,True,,,
pchip,4.12125,0.7687659812400691,0.08603760274095978,0.8388932747644062,True,,,
pchip,4.122,0.7687708303515343,0.08602163812092592,0.838899163093376,True,,,
pchip,4.12275,0.768775673060484,0.08600568035164899,0.8389050829648617,True,,,
pchip,4.1235,0.7687805093541707,0.08598972943958261,0.838911034320422,True,,,
pchip,4.12425,0.7687853392198468,0.08597378539118042,0.8389170171016153,True,,,
pchip,4.125,0.7687901626447646,0.08595784821289608,0.83892303125,True,,,
pchip,4.12575,0.7687949796161766,0.08594191791118322,0.8389290767071348,True,,,
pchip,4.1265,0.7687997901213354,0.0859259944924955,0.8389351534145779,True,,,
pchip,4.12725,0.7688045941474929,0.08591007796328652,0.8389412613138882,True,,,
pchip,4.128,0.7688093916819022,0.08589416833000998,0.838947400346624,True,,,
pchip,4.12875,0.7688141827118153,0.08587826559911949,0.8389535704543437,True,,,
pchip,4.1295,0.7688189672244846,0.08586236977706868,0.838959771578606,True,,,
pchip,4.13025,0.7688237452071629,0.08584648087031123,0.8389660036609693,True,,,
pchip,4.131,0.7688285166471021,0.08583059888530074,0.838972266642992,True,,,
pchip,4.13175,0.768833281531555,0.0858147238284909,0.8389785604662326,True,,,
pchip,4.1325,0.7688380398477738,0.08579885570633532,0.83898488507225,True,,,
pchip,4.13325,0.768842791583011,0.08578299452528765,0.8389912404026022,True,,,
pchip,4.134,0.7688475367245192,0.08576714029180152,0.838997626398848,True,,,
pchip,4.13475,0.7688522752595505,0.08575129301233059,0.8390040430025457,True,,,
pchip,4.1355,0.7688570071753575,0.08573545269332851,0.839010490155254,True,,,
pchip,4.13625,0.7688617324591928,0.08571961934124891,0.8390169677985312,True,,,
pchip,4.1370000000000005,0.7688664510983085,0.08570379296254543,0.839023475873936,True,,,
pchip,4.1377500000000005,0.7688711630799572,0.08568797356367172,0.8390300143230268,True,,,
pchip,4.1385000000000005,0.7688758683913911,0.08567216115108142,0.8390365830873621,True,,,
pchip,4.1392500000000005,0.7688805670198628,0.08565635573122816,0.8390431821085003,True,,,
pchip,4.140000000000001,0.7688852589526247,0.08564055731056562,0.8390498113279999,True,,,
pchip,4.14075,0.7688899441769294,0.08562476589554743,0.8390564706874197,True,,,
pchip,4.1415,0.7688946226800291,0.08560898149262718,0.8390631601283179,True,,,
pchip,4.14225,0.7688992944491762,0.08559320410825856,0.8390698795922532,True,,,
pchip,4.143,0.7689039594716233,0.0855774337488952,0.8390766290207841,True,,,
pchip,4.14375,0.7689086177346225,0.08556167042099076,0.8390834083554687,True,,,
pchip,4.1445,0.7689132692254266,0.08554591413099888,0.8390902175378661,True,,,
pchip,4.14525,0.7689179139312878,0.08553016488537318,0.8390970565095341,True,,,
pchip,4.146,0.7689225518394586,0.08551442269056732,0.8391039252120319,True,,,
pchip,4.14675,0.7689271829371913,0.08549868755303493,0.8391108235869178,True,,,
pchip,4.1475,0.7689318072117385,0.08548295947922967,0.83911775157575,True,,,
pchip,4.14825,0.7689364246503525,0.08546723847560518,0.8391247091200873,True,,,
pchip,4.149,0.7689410352402857,0.08545152454861507,0.839131696161488,True,,,
pchip,4.14975,0.7689456389687908,0.08543581770471304,0.8391387126415107,True,,,
pchip,4.1505,0.7689502358231197,0.08542011795035269,0.839145758501714,True,,,
pchip,4.15125,0.7689548257905253,0.08540442529198768,0.8391528336836562,True,,,
pchip,4.152,0.7689594088582598,0.08538873973607164,0.839159938128896,True,,,
pchip,4.15275,0.7689639850135757,0.08537306128905821,0.8391670717789917,True,,,
pchip,4.1535,0.7689685542437255,0.08535738995740105,0.839174234575502,True,,,
pchip,4.15425,0.7689731165359611,0.0853417257475538,0.8391814264599852,True,,,
pchip,4.155,0.7689776718775356,0.08532606866597009,0.839188647374,True,,,
pchip,4.15575,0.7689822202557011,0.08531041871910358,0.8391958972591048,True,,,
pchip,4.1565,0.7689867616577101,0.08529477591340791,0.839203176056858,True,,,
pchip,4.15725,0.7689912960708151,0.08527914025533669,0.8392104837088182,True,,,
pchip,4.1579999999999995,0.7689958234822681,0.08526351175134363,0.839217820156544,True,,,
pchip,4.1587499999999995,0.769000343879322,0.08524789040788229,0.8392251853415937,True,,,
pchip,4.1594999999999995,0.769004857249229,0.08523227623140638,0.839232579205526,True,,,
pchip,4.16025,0.7690093635792417,0.08521666922836951,0.8392400016898992,True,,,
pchip,4.161,0.7690138628566122,0.08520106940522532,0.839247452736272,True,,,
pchip,4.16175,0.7690183550685933,0.08518547676842747,0.8392549322862027,True,,,
pchip,4.1625,0.7690228402024372,0.08516989132442958,0.8392624402812501,True,,,
pchip,4.16325,0.7690273182453962,0.08515431307968531,0.8392699766629722,True,,,
pchip,4.164,0.7690317891847229,0.08513874204064832,0.839277541372928,True,,,
pchip,4.16475,0.7690362530076698,0.0851231782137722,0.8392851343526758,True,,,
pchip,4.1655,0.7690407097014892,0.08510762160551065,0.839292755543774,True,,,
pchip,4.16625,0.7690451592534334,0.08509207222231728,0.8393004048877812,True,,,
pchip,4.167,0.7690496016507551,0.08507653007064574,0.839308082326256,True,,,
pchip,4.16775,0.7690540368807066,0.08506099515694968,0.8393157878007568,True,,,
pchip,4.1685,0.7690584649305401,0.08504546748768273,0.839323521252842,True,,,
pchip,4.16925,0.7690628857875085,0.08502994706929853,0.8393312826240702,True,,,
pchip,4.17,0.7690672994388638,0.08501443390825075,0.839339071856,True,,,
pchip,4.17075,0.7690717058718585,0.08499892801099299,0.8393468888901897,True,,,
pchip,4.1715,0.769076105073745,0.08498342938397893,0.839354733668198,True,,,
pchip,4.17225,0.7690804970317761,0.0849679380336622,0.8393626061315832,True,,,
pchip,4.173,0.7690848817332038,0.08495245396649644,0.839370506221904,True,,,
pchip,4.17375,0.7690892591652805,0.08493697718893531,0.8393784338807188,True,,,
pchip,4.1745,0.7690936293152589,0.08492150770743241,0.839386389049586,True,,,
pchip,4.17525,0.7690979921703911,0.08490604552844142,0.8393943716700643,True,,,
pchip,4.176,0.76910234771793,0.08489059065841598,0.839402381683712,True,,,
pchip,4.17675,0.7691066959451276,0.08487514310380971,0.8394104190320877,True,,,
pchip,4.1775,0.7691110368392363,0.08485970287107628,0.83941848365675,True,,,
pchip,4.17825,0.7691153703875089,0.08484426996666931,0.8394265754992573,True,,,
pchip,4.179,0.7691196965771974,0.08482884439704245,0.8394346945011679,True,,,
pchip,4.17975,0.7691240153955545,0.08481342616864936,0.8394428406040407,True,,,
pchip,4.1805,0.7691283268298326,0.08479801528794366,0.839451013749434,True,,,
pchip,4.18125,0.769132630867284,0.084782611761379,0.8394592138789062,True,,,
pchip,4.182,0.7691369274951612,0.08476721559540902,0.8394674409340159,True,,,
pchip,4.18275,0.7691412167007166,0.08475182679648736,0.8394756948563217,True,,,
pchip,4.1835,0.7691454984712025,0.08473644537106768,0.839483975587382,True,,,
pchip,4.1842500000000005,0.7691497727938713,0.08472107132560362,0.8394922830687552,True,,,
pchip,4.1850000000000005,0.7691540396559758,0.08470570466654881,0.839500617242,True,,,
pchip,4.1857500000000005,0.7691582990447682,0.08469034540035689,0.8395089780486747,True,,,
pchip,4.1865000000000006,0.7691625509475009,0.08467499353348151,0.8395173654303381,True,,,
pchip,4.18725,0.7691667953514262,0.08465964907237634,0.8395257793285482,True,,,
pchip,4.188,0.7691710322437967,0.08464431202349496,0.839534219684864,True,,,
pchip,4.18875,0.7691752616118648,0.08462898239329106,0.8395426864408436,True,,,
pchip,4.1895,0.7691794834428828,0.08461366018821827,0.839551179538046,True,,,
pchip,4.19025,0.7691836977241032,0.08459834541473023,0.8395596989180293,True,,,
pchip,4.191,0.7691879044427784,0.08458303807928058,0.8395682445223519,True,,,
pchip,4.19175,0.769192103586161,0.08456773818832297,0.8395768162925727,True,,,
pchip,4.1925,0.7691962951415032,0.08455244574831104,0.83958541417025,True,,,
pchip,4.19325,0.7692004790960574,0.08453716076569842,0.8395940380969422,True,,,
pchip,4.194,0.7692046554370762,0.0845218832469388,0.8396026880142079,True,,,
pchip,4.19475,0.7692088241518118,0.08450661319848576,0.8396113638636057,True,,,
pchip,4.1955,0.7692129852275168,0.084491350626793,0.839620065586694,True,,,
pchip,4.19625,0.7692171386514437,0.0844760955383141,0.8396287931250312,True,,,
pchip,4.197,0.7692212844108447,0.08446084793950276,0.839637546420176,True,,,
pchip,4.19775,0.7692254224929723,0.08444560783681258,0.8396463254136867,True,,,
pchip,4.1985,0.7692295528850789,0.08443037523669725,0.839655130047122,True,,,
pchip,4.19925,0.7692336755744169,0.08441515014561037,0.8396639602620403,True,,,
pchip,4.2,0.7692377905482388,0.08439993257000558,0.839672816,True,,,
pchip,4.20075,0.7692418977937973,0.08438472251633655,0.8396816972025597,True,,,
pchip,4.2015,0.7692459972983442,0.08436951999105692,0.8396906038112779,True,,,
pchip,4.20225,0.7692500890491323,0.08435432500062032,0.8396995357677133,True,,,
pchip,4.203,0.7692541730334139,0.08433913755148041,0.839708493013424,True,,,
pchip,4.20375,0.7692582492384415,0.08432395765009079,0.8397174754899688,True,,,
pchip,4.2045,0.7692623176514676,0.08430878530290517,0.839726483138906,True,,,
pchip,4.2052499999999995,0.7692663782597443,0.08429362051637716,0.8397355159017942,True,,,
pchip,4.2059999999999995,0.7692704310505245,0.08427846329696038,0.839744573720192,True,,,
pchip,4.2067499999999995,0.7692744760110604,0.08426331365110848,0.8397536565356577,True,,,
pchip,4.2075,0.7692785131286042,0.08424817158527513,0.8397627642897499,True,,,
pchip,4.20825,0.7692825423904085,0.08423303710591395,0.8397718969240272,True,,,
pchip,4.209,0.7692865637837256,0.08421791021947858,0.839781054380048,True,,,
pchip,4.20975,0.7692905772958083,0.0842027909324227,0.8397902365993707,True,,,
pchip,4.2105,0.7692945829139086,0.0841876792511999,0.839799443523554,True,,,
pchip,4.21125,0.7692985806252792,0.08417257518226384,0.8398086750941561,True,,,
pchip,4.212,0.7693025704171724,0.08415747873206818,0.839817931252736,True,,,
pchip,4.21275,0.7693065522768406,0.08414238990706656,0.8398272119408517,True,,,
pchip,4.2135,0.7693105261915363,0.0841273087137126,0.839836517100062,True,,,
pchip,4.21425,0.7693144921485117,0.08411223515845996,0.8398458466719252,True,,,
pchip,4.215,0.7693184501350195,0.0840971692477623,0.839855200598,True,,,
pchip,4.21575,0.769322400138312,0.08408211098807322,0.8398645788198447,True,,,
pchip,4.2165,0.7693263421456417,0.0840670603858464,0.839873981279018,True,,,
pchip,4.21725,0.7693302761442609,0.08405201744753547,0.8398834079170783,True,,,
pchip,4.218,0.7693342021214221,0.08403698217959406,0.839892858675584,True,,,
pchip,4.21875,0.7693381200643776,0.08402195458847583,0.8399023334960938,True,,,
pchip,4.2195,0.7693420299603799,0.08400693468063442,0.839911832320166,True,,,
pchip,4.22025,0.7693459317966815,0.08399192246252345,0.8399213550893593,True,,,
pchip,4.221,0.769349825560535,0.08397691794059661,0.839930901745232,True,,,
pchip,4.22175,0.7693537112391923,0.08396192112130749,0.8399404722293428,True,,,
pchip,4.2225,0.7693575888199061,0.08394693201110978,0.83995006648325,True,,,
pchip,4.22325,0.7693614582899289,0.08393195061645707,0.8399596844485123,True,,,
pchip,4.224,0.769365319636513,0.08391697694380305,0.839969326066688,True,,,
pchip,4.22475,0.7693691728469109,0.08390201099960135,0.8399789912793357,True,,,
pchip,4.2255,0.7693730179083749,0.08388705279030559,0.839988680028014,True,,,
pchip,4.22625,0.7693768548081575,0.08387210232236944,0.8399983922542812,True,,,
pchip,4.227,0.7693806835335112,0.08385715960224654,0.840008127899696,True,,,
pchip,4.22775,0.7693845040716883,0.0838422246363905,0.8400178869058168,True,,,
pchip,4.2285,0.7693883164099413,0.08382729743125501,0.8400276692142019,True,,,
pchip,4.22925,0.7693921205355226,0.08381237799329369,0.8400374747664103,True,,,
pchip,4.23,0.7693959164356845,0.0837974663289602,0.840047303504,True,,,
pchip,4.2307500000000005,0.7693997040976797,0.08378256244470815,0.8400571553685297,True,,,
pchip,4.2315000000000005,0.7694034835087604,0.08376766634699118,0.8400670303015579,True,,,
pchip,4.2322500000000005,0.769407254656179,0.08375277804226297,0.8400769282446432,True,,,
pchip,4.2330000000000005,0.769411017527188,0.08373789753697715,0.840086849139344,True,,,
pchip,4.233750000000001,0.7694147721090397,0.08372302483758735,0.8400967929272188,True,,,
pchip,4.2345,0.7694185183889869,0.08370815995054724,0.8401067595498259,True,,,
pchip,4.23525,0.7694222563542815,0.08369330288231042,0.8401167489487242,True,,,
pchip,4.236,0.7694259859921764,0.08367845363933053,0.840126761065472,True,,,
pchip,4.23675,0.7694297072899237,0.08366361222806128,0.8401367958416277,True,,,
pchip,4.2375,0.7694334202347758,0.08364877865495625,0.8401468532187499,True,,,
pchip,4.23825,0.7694371248139854,0.08363395292646911,0.8401569331383972,True,,,
pchip,4.239,0.7694408210148046,0.0836191350490535,0.840167035542128,True,,,
pchip,4.23975,0.7694445088244861,0.08360432502916304,0.8401771603715008,True,,,
pchip,4.2405,0.7694481882302823,0.0835895228732514,0.840187307568074,True,,,
pchip,4.24125,0.7694518592194453,0.0835747285877722,0.8401974770734062,True,,,
pchip,4.242,0.7694555217792278,0.08355994217917911,0.840207668829056,True,,,
pchip,4.24275,0.7694591758968822,0.08354516365392577,0.8402178827765817,True,,,
pchip,4.2435,0.7694628215596608,0.08353039301846579,0.840228118857542,True,,,
pchip,4.24425,0.7694664587548162,0.08351563027925285,0.8402383770134952,True,,,
pchip,4.245,0.7694700874696007,0.08350087544274057,0.8402486571860001,True,,,
pchip,4.24575,0.7694737076912669,0.0834861285153826,0.8402589593166147,True,,,
pchip,4.2465,0.7694773194070668,0.08347138950363257,0.840269283346898,True,,,
pchip,4.24725,0.7694809226042532,0.08345665841394415,0.8402796292184082,True,,,
pchip,4.248,0.7694845172700783,0.08344193525277097,0.840289996872704,True,,,
pchip,4.24875,0.7694881033917949,0.08342722002656666,0.8403003862513437,True,,,
pchip,4.2495,0.7694916809566548,0.08341251274178488,0.840310797295886,True,,,
pchip,4.25025,0.7694952499519111,0.08339781340487926,0.8403212299478893,True,,,
pchip,4.251,0.7694988103648157,0.08338312202230344,0.840331684148912,True,,,
pchip,4.2517499999999995,0.7695023621826212,0.0833684386005111,0.8403421598405127,True,,,
pchip,4.2524999999999995,0.7695059053925801,0.08335376314595583,0.84035265696425,True,,,
pchip,4.2532499999999995,0.7695094399819447,0.08333909566509129,0.8403631754616822,True,,,
pchip,4.254,0.7695129659379676,0.08332443616437114,0.840373715274368,True,,,
pchip,4.25475,0.7695164832479009,0.083309784650249,0.8403842763438657,True,,,
pchip,4.2555,0.7695199918989973,0.08329514112917853,0.840394858611734,True,,,
pchip,4.25625,0.7695234918785093,0.08328050560761338,0.8404054620195311,True,,,
pchip,4.257,0.769526983173689,0.08326587809200715,0.8404160865088159,True,,,
pchip,4.25775,0.769530465771789,0.08325125858881355,0.8404267320211467,True,,,
pchip,4.2585,0.7695339396600616,0.08323664710448614,0.840437398498082,True,,,
pchip,4.25925,0.7695374048257595,0.08322204364547864,0.8404480858811803,True,,,
pchip,4.26,0.7695408612561347,0.08320744821824465,0.840458794112,True,,,
pchip,4.26075,0.7695443089384401,0.08319286082923782,0.8404695231320997,True,,,
pchip,4.2615,0.7695477478599279,0.0831782814849118,0.840480272883038,True,,,
pchip,4.26225,0.7695511780078503,0.08316371019172022,0.8404910433063733,True,,,
pchip,4.263,0.76955459936946,0.08314914695611673,0.840501834343664,True,,,
pchip,4.26375,0.7695580119320093,0.08313459178455498,0.8405126459364688,True,,,
pchip,4.2645,0.7695614156827508,0.08312004468348862,0.840523478026346,True,,,
pchip,4.26525,0.7695648106089369,0.08310550565937126,0.8405343305548543,True,,,
pchip,4.266,0.7695681966978196,0.08309097471865655,0.840545203463552,True,,,
pchip,4.26675,0.7695715739366518,0.08307645186779816,0.8405560966939977,True,,,
pchip,4.2675,0.7695749423126856,0.08306193711324973,0.8405670101877499,True,,,
pchip,4.26825,0.7695783018131738,0.08304743046146486,0.8405779438863672,True,,,
pchip,4.269,0.7695816524253684,0.08303293191889724,0.840588897731408,True,,,
pchip,4.26975,0.769584994136522,0.08301844149200048,0.8405998716644307,True,,,
pchip,4.2705,0.7695883269338872,0.08300395918722825,0.8406108656269939,True,,,
pchip,4.27125,0.7695916508047161,0.08298948501103419,0.8406218795606563,True,,,
pchip,4.272,0.7695949657362615,0.0829750189698719,0.840632913406976,True,,,
pchip,4.27275,0.7695982717157753,0.08296056107019507,0.8406439671075118,True,,,
pchip,4.2735,0.7696015687305104,0.08294611131845733,0.8406550406038219,True,,,
pchip,4.27425,0.769604856767719,0.08293166972111232,0.8406661338374652,True,,,
pchip,4.275,0.7696081358146536,0.0829172362846137,0.84067724675,True,,,
pchip,4.27575,0.7696114058585665,0.08290281101541506,0.8406883792829848,True,,,
pchip,4.2765,0.7696146668867102,0.0828883939199701,0.840699531377978,True,,,
pchip,4.27725,0.7696179188863371,0.08287398500473243,0.8407107029765382,True,,,
pchip,4.2780000000000005,0.7696211618446996,0.08285958427615571,0.840721894020224,True,,,
pchip,4.2787500000000005,0.7696243957490504,0.08284519174069359,0.8407331044505938,True,,,
pchip,4.2795000000000005,0.7696276205866416,0.08283080740479969,0.840744334209206,True,,,
pchip,4.2802500000000006,0.7696308363447255,0.08281643127492765,0.8407555832376192,True,,,
pchip,4.281,0.7696340430105549,0.08280206335753115,0.8407668514773919,True,,,
pchip,4.28175,0.7696372405713819,0.0827877036590638,0.8407781388700827,True,,,
pchip,4.2825,0.7696404290144594,0.08277335218597923,0.84078944535725,True,,,
pchip,4.28325,0.7696436083270392,0.08275900894473111,0.8408007708804522,True,,,
pchip,4.284,0.769646778496374,0.08274467394177307,0.840812115381248,True,,,
pchip,4.28475,0.7696499395097164,0.08273034718355876,0.8408234788011958,True,,,
pchip,4.2855,0.7696530913543185,0.08271602867654183,0.8408348610818539,True,,,
pchip,4.28625,0.769656234017433,0.0827017184271759,0.8408462621647812,True,,,
pchip,4.287,0.7696593674863119,0.08268741644191463,0.840857681991536,True,,,
pchip,4.28775,0.7696624917482082,0.08267312272721167,0.8408691205036768,True,,,
pchip,4.2885,0.7696656067903739,0.08265883728952064,0.8408805776427619,True,,,
pchip,4.28925,0.7696687126000618,0.08264456013529518,0.8408920533503502,True,,,
pchip,4.29,0.7696718091645238,0.08263029127098896,0.840903547568,True,,,
pchip,4.29075,0.7696748964710126,0.08261603070305562,0.8409150602372697,True,,,
pchip,4.2915,0.7696779745067808,0.08260177843794878,0.8409265912997179,True,,,
pchip,4.29225,0.7696810432590805,0.0825875344821221,0.8409381406969032,True,,,
pchip,4.293,0.7696841027151643,0.0825732988420292,0.840949708370384,True,,,
pchip,4.29375,0.7696871528622845,0.08255907152412376,0.8409612942617187,True,,,
pchip,4.2945,0.7696901936876936,0.08254485253485938,0.840972898312466,True,,,
pchip,4.29525,0.7696932251786442,0.08253064188068973,0.8409845204641843,True,,,
pchip,4.296,0.7696962473223884,0.08251643956806846,0.840996160658432,True,,,
pchip,4.29675,0.7696992601061788,0.0825022456034492,0.8410078188367678,True,,,
pchip,4.2975,0.7697022635172678,0.08248805999328558,0.84101949494075,True,,,
pchip,4.29825,0.7697052575429078,0.08247388274403125,0.8410311889119373,True,,,
pchip,4.2989999999999995,0.769708242170351,0.0824597138621399,0.8410429006918879,True,,,
pchip,4.2997499999999995,0.7697112173868503,0.0824455533540651,0.8410546302221608,True,,,
pchip,4.3004999999999995,0.7697141831796579,0.08243140122626051,0.841066377444314,True,,,
pchip,4.30125,0.7697171395360262,0.0824172574851798,0.8410781422999063,True,,,
pchip,4.302,0.7697200864432074,0.0824031221372766,0.8410899247304959,True,,,
pchip,4.30275,0.7697230238884543,0.08238899518900455,0.8411017246776418,True,,,
pchip,4.3035,0.769725951859019,0.0823748766468173,0.841113542082902,True,,,
pchip,4.30425,0.7697288703421542,0.08236076651716848,0.8411253768878352,True,,,
pchip,4.305,0.7697317793251122,0.08234666480651173,0.841137229034,True,,,
pchip,4.30575,0.7697346787951455,0.0823325715213007,0.8411490984629547,True,,,
pchip,4.3065,0.7697375687395062,0.08231848666798905,0.841160985116258,True,,,
pchip,4.30725,0.769740449145447,0.0823044102530304,0.8411728889354683,True,,,
pchip,4.308,0.7697433200002203,0.0822903422828784,0.8411848098621441,True,,,
pchip,4.30875,0.7697461812910786,0.08227628276398669,0.8411967478378437,True,,,
pchip,4.3095,0.7697490330052741,0.08226223170280893,0.841208702804126,True,,,
pchip,4.31025,0.7697518751300594,0.08224818910579874,0.8412206747025492,True,,,
pchip,4.311,0.7697547076526868,0.08223415497940975,0.841232663474672,True,,,
pchip,4.31175,0.7697575305604087,0.08222012933009565,0.8412446690620526,True,,,
pchip,4.3125,0.769760343840478,0.08220611216431005,0.84125669140625,True,,,
pchip,4.31325,0.7697631474801462,0.0821921034885066,0.8412687304488222,True,,,
pchip,4.314,0.7697659414666667,0.08217810330913894,0.8412807861313281,True,,,
pchip,4.31475,0.7697687257872912,0.0821641116326607,0.8412928583953256,True,,,
pchip,4.3155,0.7697715004292723,0.08215012846552555,0.8413049471823739,True,,,
pchip,4.31625,0.7697742653798627,0.08213615381418711,0.8413170524340313,True,,,
pchip,4.317,0.7697770206263146,0.08212218768509905,0.841329174091856,True,,,
pchip,4.31775,0.7697797661558804,0.08210823008471496,0.8413413120974068,True,,,
pchip,4.3185,0.7697825019558124,0.08209428101948855,0.8413534663922421,True,,,
pchip,4.31925,0.7697852280133635,0.08208034049587341,0.8413656369179203,True,,,
pchip,4.32,0.7697879443157857,0.08206640852032322,0.841377823616,True,,,
pchip,4.32075,0.7697906508503314,0.0820524850992916,0.8413900264280397,True,,,
pchip,4.3215,0.7697933476042533,0.08203857023923218,0.841402245295598,True,,,
pchip,4.32225,0.7697960345648035,0.08202466394659862,0.8414144801602332,True,,,
pchip,4.323,0.7697987117192349,0.08201076622784458,0.841426730963504,True,,,
pchip,4.32375,0.7698013790547993,0.08199687708942369,0.8414389976469687,True,,,
pchip,4.3245000000000005,0.7698040365587496,0.08198299653778958,0.8414512801521861,True,,,
pchip,4.3252500000000005,0.7698066842183381,0.0819691245793959,0.8414635784207142,True,,,
pchip,4.3260000000000005,0.7698093220208169,0.08195526122069628,0.8414758923941119,True,,,
pchip,4.3267500000000005,0.7698119499534389,0.0819414064681444,0.8414882220139378,True,,,
pchip,4.327500000000001,0.7698145680034563,0.08192756032819387,0.84150056722175,True,,,
pchip,4.32825,0.7698171761581215,0.08191372280729838,0.8415129279591073,True,,,
pchip,4.329,0.7698197744046872,0.08189989391191146,0.841525304167568,True,,,
pchip,4.32975,0.7698223627304053,0.08188607364848688,0.8415376957886908,True,,,
pchip,4.3305,0.7698249411225285,0.0818722620234782,0.841550102764034,True,,,
pchip,4.33125,0.7698275095683093,0.0818584590433391,0.8415625250351562,True,,,
pchip,4.332,0.7698300680550001,0.08184466471452322,0.841574962543616,True,,,
pchip,4.33275,0.7698326165698531,0.08183087904348421,0.8415874152309718,True,,,
pchip,4.3335,0.769835155100121,0.08181710203667568,0.841599883038782,True,,,
pchip,4.33425,0.7698376836330562,0.0818033337005513,0.8416123659086052,True,,,
pchip,4.335,0.7698402021559109,0.08178957404156471,0.841624863782,True,,,
pchip,4.33575,0.7698427106559376,0.08177582306616953,0.8416373766005247,True,,,
pchip,4.3365,0.7698452091203888,0.08176208078081944,0.841649904305738,True,,,
pchip,4.33725,0.7698476975365169,0.08174834719196805,0.8416624468391982,True,,,
pchip,4.338,0.7698501758915742,0.08173462230606904,0.841675004142464,True,,,
pchip,4.33875,0.7698526441728135,0.081720906129576,0.8416875761570938,True,,,
pchip,4.3395,0.7698551023674869,0.08170719866894262,0.841700162824646,True,,,
pchip,4.34025,0.7698575504628467,0.08169349993062251,0.8417127640866792,True,,,
pchip,4.341,0.7698599884461456,0.08167980992106934,0.8417253798847519,True,,,
pchip,4.34175,0.7698624163046358,0.08166612864673672,0.8417380101604228,True,,,
pchip,4.3425,0.7698648340255699,0.08165245611407834,0.84175065485525,True,,,
pchip,4.34325,0.7698672415962003,0.08163879232954781,0.8417633139107923,True,,,
pchip,4.344,0.7698696390037794,0.08162513729959876,0.841775987268608,True,,,
pchip,4.34475,0.7698720262355595,0.08161149103068485,0.8417886748702558,True,,,
pchip,4.3454999999999995,0.7698744032787932,0.08159785352925975,0.841801376657294,True,,,
pchip,4.3462499999999995,0.7698767701207327,0.08158422480177706,0.8418140925712811,True,,,
pchip,4.3469999999999995,0.7698791267486307,0.08157060485469043,0.8418268225537759,True,,,
pchip,4.34775,0.7698814731497394,0.08155699369445352,0.8418395665463367,True,,,
pchip,4.3485,0.7698838093113114,0.08154339132751995,0.8418523244905219,True,,,
pchip,4.34925,0.769886135220599,0.08152979776034337,0.8418650963278903,True,,,
pchip,4.35,0.7698884508648546,0.08151621299937746,0.8418778819999999,True,,,
pchip,4.35075,0.7698907562313305,0.08150263705107581,0.8418906814484097,True,,,
pchip,4.3515,0.7698930513072796,0.08148906992189209,0.841903494614678,True,,,
pchip,4.35225,0.7698953360799538,0.08147551161827994,0.8419163214403632,True,,,
pchip,4.353,0.7698976105366058,0.08146196214669296,0.841929161867024,True,,,
pchip,4.35375,0.769899874664488,0.08144842151358488,0.8419420158362187,True,,,
pchip,4.3545,0.7699021284508526,0.08143488972540928,0.841954883289506,True,,,
pchip,4.35525,0.7699043718829524,0.08142136678861982,0.8419677641684442,True,,,
pchip,4.356,0.7699066049480394,0.08140785270967013,0.8419806584145919,True,,,
pchip,4.35675,0.7699088276333663,0.08139434749501387,0.8419935659695078,True,,,
pchip,4.3575,0.7699110399261854,0.08138085115110467,0.84200648677475,True,,,
pchip,4.35825,0.7699132418137493,0.08136736368439618,0.8420194207718772,True,,,
pchip,4.359,0.7699154332833102,0.08135388510134205,0.842032367902448,True,,,
pchip,4.35975,0.7699176143221207,0.0813404154083959,0.8420453281080208,True,,,
pchip,4.3605,0.7699197849174332,0.08132695461201139,0.842058301330154,True,,,
pchip,4.36125,0.7699219450564998,0.08131350271864217,0.8420712875104063,True,,,
pchip,4.362,0.7699240947265734,0.08130005973474186,0.8420842865903361,True,,,
pchip,4.36275,0.769926233914906,0.08128662566676412,0.8420972985115017,True,,,
pchip,4.3635,0.7699283626087504,0.08127320052116259,0.842110323215462,True,,,
pchip,4.36425,0.7699304807953588,0.08125978430439089,0.8421233606437752,True,,,
pchip,4.365,0.7699325884619835,0.08124637702290269,0.8421364107379999,True,,,
pchip,4.36575,0.7699346855958773,0.08123297868315163,0.8421494734396947,True,,,
pchip,4.3665,0.7699367721842922,0.08121958929159134,0.842162548690418,True,,,
pchip,4.36725,0.769938848214481,0.08120620885467547,0.8421756364317283,True,,,
pchip,4.368,0.769940913673696,0.08119283737885766,0.842188736605184,True,,,
pchip,4.36875,0.7699429685491893,0.08117947487059156,0.8422018491523438,True,,,
pchip,4.3695,0.7699450128282138,0.08116612133633083,0.842214974014766,True,,,
pchip,4.37025,0.7699470464980215,0.08115277678252905,0.8422281111340092,True,,,
pchip,4.371,0.7699490695458653,0.08113944121563993,0.8422412604516321,True,,,
pchip,4.3717500000000005,0.7699510819589971,0.08112611464211707,0.8422544219091928,True,,,
pchip,4.3725000000000005,0.7699530837246696,0.08111279706841414,0.84226759544825,True,,,
pchip,4.3732500000000005,0.7699550748301354,0.08109948850098476,0.8422807810103622,True,,,
pchip,4.3740000000000006,0.7699570552626465,0.0810861889462826,0.842293978537088,True,,,
pchip,4.374750000000001,0.7699590250094557,0.08107289841076126,0.8423071879699858,True,,,
pchip,4.3755,0.769960984057815,0.08105961690087445,0.842320409250614,True,,,
pchip,4.37625,0.7699629323949773,0.08104634442307576,0.8423336423205312,True,,,
pchip,4.377,0.7699648700081946,0.08103308098381881,0.842346887121296,True,,,
pchip,4.37775,0.7699667968847197,0.08101982658955731,0.8423601435944666,True,,,
pchip,4.3785,0.7699687130118048,0.08100658124674485,0.842373411681602,True,,,
pchip,4.37925,0.7699706183767022,0.08099334496183509,0.8423866913242601,True,,,
pchip,4.38,0.7699725129666647,0.08098011774128169,0.8423999824639999,True,,,
pchip,4.38075,0.7699743967689443,0.08096689959153829,0.8424132850423797,True,,,
pchip,4.3815,0.7699762697707937,0.0809536905190585,0.8424265990009581,True,,,
pchip,4.38225,0.7699781319594653,0.08094049053029599,0.8424399242812932,True,,,
pchip,4.383,0.7699799833222114,0.08092729963170439,0.842453260824944,True,,,
pchip,4.38375,0.7699818238462844,0.08091411782973734,0.8424666085734688,True,,,
pchip,4.3845,0.7699836535189369,0.0809009451308485,0.842479967468426,True,,,
pchip,4.38525,0.7699854723274213,0.08088778154149151,0.8424933374513742,True,,,
pchip,4.386,0.7699872802589898,0.08087462706812,0.842506718463872,True,,,
pchip,4.38675,0.769989077300895,0.08086148171718761,0.8425201104474778,True,,,
pchip,4.3875,0.7699908634403895,0.08084834549514801,0.84253351334375,True,,,
pchip,4.38825,0.7699926386647251,0.08083521840845481,0.8425469270942473,True,,,
pchip,4.389,0.769994402961155,0.08082210046356168,0.842560351640528,True,,,
pchip,4.38975,0.7699961563169309,0.08080899166692224,0.8425737869241507,True,,,
pchip,4.3905,0.7699978987193058,0.08079589202499013,0.842587232886674,True,,,
pchip,4.39125,0.7699996301555319,0.08078280154421902,0.8426006894696563,True,,,
pchip,4.392,0.7700013506128616,0.08076972023106255,0.842614156614656,True,,,
pchip,4.3927499999999995,0.7700030600785471,0.08075664809197433,0.8426276342632317,True,,,
pchip,4.3934999999999995,0.7700047585398412,0.08074358513340804,0.842641122356942,True,,,
pchip,4.3942499999999995,0.7700064459839963,0.08073053136181728,0.8426546208373452,True,,,
pchip,4.395,0.7700081223982645,0.08071748678365573,0.842668129646,True,,,
pchip,4.39575,0.7700097877698986,0.08070445140537702,0.8426816487244647,True,,,
pchip,4.3965,0.7700114420861507,0.08069142523343481,0.8426951780142979,True,,,
pchip,4.39725,0.7700130853342735,0.08067840827428271,0.8427087174570582,True,,,
pchip,4.398,0.7700147175015192,0.08066540053437438,0.842722266994304,True,,,
pchip,4.39875,0.7700163385751402,0.08065240202016345,0.8427358265675937,True,,,
pchip,4.3995,0.7700179485423891,0.08063941273810359,0.842749396118486,True,,,
pchip,4.40025,0.7700195473905181,0.08062643269464842,0.8427629755885393,True,,,
pchip,4.401,0.7700211351067799,0.08061346189625157,0.842776564919312,True,,,
pchip,4.40175,0.7700227116784268,0.08060050034936674,0.8427901640523627,True,,,
pchip,4.4025,0.7700242770927113,0.08058754806044752,0.8428037729292499,True,,,
pchip,4.40325,0.7700258313368856,0.08057460503594756,0.8428173914915322,True,,,
pchip,4.404,0.7700273743982021,0.0805616712823205,0.842831019680768,True,,,
pchip,4.40475,0.7700289062639135,0.08054874680602002,0.8428446574385158,True,,,
pchip,4.4055,0.7700304269212721,0.08053583161349973,0.8428583047063339,True,,,
pchip,4.40625,0.7700319363575304,0.08052292571121326,0.8428719614257812,True,,,
pchip,4.407,0.7700334345599404,0.08051002910561428,0.8428856275384159,True,,,
pchip,4.40775,0.7700349215157553,0.08049714180315642,0.8428993029857967,True,,,
pchip,4.4085,0.7700363972122268,0.08048426381029335,0.842912987709482,True,,,
pchip,4.40925,0.7700378616366075,0.08047139513347866,0.8429266816510302,True,,,
pchip,4.41,0.7700393147761502,0.08045853577916602,0.842940384752,True,,,
pchip,4.41075,0.7700407566181068,0.0804456857538091,0.8429540969539497,True,,,
pchip,4.4115,0.77004218714973,0.08043284506386149,0.842967818198438,True,,,
pchip,4.41225,0.7700436063582722,0.08042001371577688,0.8429815484270232,True,,,
pchip,4.413,0.7700450142309858,0.08040719171600887,0.842995287581264,True,,,
pchip,4.41375,0.7700464107551233,0.08039437907101114,0.8430090356027187,True,,,
pchip,4.4145,0.7700477959179367,0.08038157578723731,0.8430227924329461,True,,,
pchip,4.41525,0.7700491697066791,0.08036878187114102,0.8430365580135042,True,,,
pchip,4.416,0.7700505321086024,0.08035599732917595,0.8430503322859519,True,,,
pchip,4.41675,0.7700518831109593,0.08034322216779569,0.8430641151918478,True,,,
pchip,4.4175,0.7700532227010022,0.08033045639345392,0.8430779066727501,True,,,
pchip,4.4182500000000005,0.7700545508659832,0.08031770001260426,0.8430917066702173,True,,,
pchip,4.4190000000000005,0.7700558675931551,0.08030495303170038,0.843105515125808,True,,,
pchip,4.4197500000000005,0.7700571728697702,0.08029221545719589,0.8431193319810808,True,,,
pchip,4.4205000000000005,0.7700584666830808,0.08027948729554446,0.8431331571775941,True,,,
pchip,4.421250000000001,0.7700597490203395,0.08026676855319972,0.8431469906569062,True,,,
pchip,4.422,0.7700610198687987,0.08025405923661533,0.8431608323605759,True,,,
pchip,4.42275,0.7700622792157107,0.0802413593522449,0.8431746822301617,True,,,
pchip,4.4235,0.7700635270483279,0.08022866890654207,0.843188540207222,True,,,
pchip,4.42425,0.770064763353903,0.08021598790596053,0.8432024062333152,True,,,
pchip,4.425,0.770065988119688,0.08020331635695387,0.8432162802500001,True,,,
pchip,4.42575,0.7700672013329357,0.08019065426597576,0.8432301621988347,True,,,
pchip,4.4265,0.7700684029808983,0.08017800163947986,0.843244052021378,True,,,
pchip,4.42725,0.7700695930508283,0.08016535848391977,0.8432579496591882,True,,,
pchip,4.428,0.7700707715299782,0.08015272480574917,0.843271855053824,True,,,
pchip,4.42875,0.7700719384056002,0.08014010061142168,0.8432857681468436,True,,,
pchip,4.4295,0.770073093664947,0.08012748590739095,0.843299688879806,True,,,
pchip,4.43025,0.7700742372952707,0.08011488070011064,0.8433136171942692,True,,,
pchip,4.431,0.770075369283824,0.08010228499603435,0.843327553031792,True,,,
pchip,4.43175,0.7700764896178593,0.08008969880161576,0.8433414963339327,True,,,
pchip,4.4325,0.7700775982846287,0.08007712212330849,0.8433554470422501,True,,,
pchip,4.43325,0.7700786952713851,0.08006455496756622,0.8433694050983023,True,,,
pchip,4.434,0.7700797805653805,0.08005199734084255,0.843383370443648,True,,,
pchip,4.43475,0.7700808541538675,0.08003944924959114,0.8433973430198457,True,,,
pchip,4.4355,0.7700819160240986,0.08002691070026563,0.843411322768454,True,,,
pchip,4.43625,0.7700829661633262,0.08001438169931965,0.8434253096310312,True,,,
pchip,4.437,0.7700840045588025,0.08000186225320689,0.8434393035491361,True,,,
pchip,4.43775,0.7700850311977802,0.07998935236838094,0.8434533044643266,True,,,
pchip,4.4385,0.7700860460675115,0.07997685205129546,0.8434673123181621,True,,,
pchip,4.43925,0.7700870491552491,0.07996436130840408,0.8434813270522002,True,,,
pchip,4.4399999999999995,0.7700880404482451,0.0799518801461605,0.843495348608,True,,,
pchip,4.4407499999999995,0.770089019933752,0.07993940857101829,0.8435093769271198,True,,,
pchip,4.4415,0.7700899875990225,0.07992694658943113,0.843523411951118,True,,,
pchip,4.44225,0.7700909434313087,0.07991449420785265,0.8435374536215532,True,,,
pchip,4.443,0.770091887417863,0.07990205143273652,0.843551501879984,True,,,
pchip,4.44375,0.7700928195459381,0.07988961827053634,0.8435655566679687,True,,,
pchip,4.4445,0.7700937398027862,0.07987719472770577,0.843579617927066,True,,,
pchip,4.44525,0.7700946481756599,0.07986478081069848,0.8435936855988343,True,,,
pchip,4.446,0.7700955446518113,0.07985237652596804,0.843607759624832,True,,,
pchip,4.44675,0.7700964292184933,0.07983998187996819,0.8436218399466178,True,,,
pchip,4.4475,0.7700973018629579,0.07982759687915249,0.84363592650575,True,,,
pchip,4.44825,0.7700981625724577,0.07981522152997464,0.8436500192437872,True,,,
pchip,4.449,0.7700990113342451,0.07980285583888824,0.843664118102288,True,,,
pchip,4.44975,0.7700998481355724,0.07979049981234697,0.8436782230228108,True,,,
pchip,4.4505,0.7701006729636923,0.07977815345680446,0.843692333946914,True,,,
pchip,4.45125,0.770101485805857,0.07976581677871433,0.8437064508161563,True,,,
pchip,4.452,0.7701022866493189,0.07975348978453024,0.8437205735720961,True,,,
pchip,4.45275,0.7701030754813306,0.07974117248070584,0.8437347021562918,True,,,
pchip,4.4535,0.7701038522891444,0.07972886487369477,0.843748836510302,True,,,
pchip,4.45425,0.7701046170600128,0.07971656696995066,0.8437629765756852,True,,,
pchip,4.455,0.7701053697811879,0.07970427877592716,0.8437771222939999,True,,,
pchip,4.45575,0.7701061104399226,0.07969200029807792,0.8437912736068047,True,,,
pchip,4.4565,0.7701068390234692,0.07967973154285657,0.843805430455658,True,,,
pchip,4.45725,0.7701075555190798,0.07966747251671676,0.8438195927821182,True,,,
pchip,4.458,0.7701082599140072,0.07965522322611214,0.8438337605277441,True,,,
pchip,4.45875,0.7701089521955036,0.07964298367749632,0.8438479336340938,True,,,
pchip,4.4595,0.7701096323508215,0.07963075387732299,0.8438621120427261,True,,,
pchip,4.46025,0.7701103003672133,0.07961853383204576,0.8438762956951993,True,,,
pchip,4.461,0.7701109562319315,0.0796063235481183,0.843890484533072,True,,,
pchip,4.46175,0.7701115999322283,0.0795941230319942,0.8439046784979028,True,,,
pchip,4.4625,0.7701122314553562,0.07958193229012715,0.84391887753125,True,,,
pchip,4.46325,0.770112850788568,0.07956975132897078,0.8439330815746722,True,,,
pchip,4.464,0.7701134579191157,0.07955758015497874,0.843947290569728,True,,,
pchip,4.46475,0.7701140528342517,0.07954541877460466,0.8439615044579758,True,,,
pchip,4.4655000000000005,0.7701146355212286,0.07953326719430219,0.8439757231809739,True,,,
pchip,4.4662500000000005,0.7701152059672988,0.07952112542052496,0.8439899466802813,True,,,
pchip,4.4670000000000005,0.7701157641597147,0.07950899345972663,0.8440041748974559,True,,,
pchip,4.4677500000000006,0.7701163100857287,0.07949687131836085,0.8440184077740567,True,,,
pchip,4.468500000000001,0.7701168437325933,0.07948475900288124,0.844032645251642,True,,,
pchip,4.46925,0.7701173650875608,0.07947265651974146,0.8440468872717702,True,,,
pchip,4.47,0.7701178741378837,0.07946056387539513,0.844061133776,True,,,
pchip,4.47075,0.7701183708708143,0.07944848107629592,0.8440753847058897,True,,,
pchip,4.4715,0.7701188552736052,0.07943640812889743,0.8440896400029979,True,,,
pchip,4.47225,0.7701193273335089,0.07942434503965334,0.8441038996088832,True,,,
pchip,4.473,0.7701197870377774,0.07941229181501731,0.8441181634651039,True,,,
pchip,4.47375,0.7701202343736634,0.07940024846144295,0.8441324315132187,True,,,
pchip,4.4745,0.7701206693284195,0.07938821498538388,0.844146703694786,True,,,
pchip,4.47525,0.7701210918892977,0.0793761913932938,0.8441609799513643,True,,,
pchip,4.476,0.7701215020435509,0.07936417769162633,0.844175260224512,True,,,
pchip,4.47675,0.7701218997784309,0.07935217388683509,0.8441895444557878,True,,,
pchip,4.4775,0.7701222850811908,0.07934017998537375,0.84420383258675,True,,,
pchip,4.47825,0.7701226579390826,0.07932819599369594,0.8442181245589573,True,,,
pchip,4.479,0.7701230183393589,0.0793162219182553,0.844232420313968,True,,,
pchip,4.47975,0.770123366269272,0.07930425776550548,0.8442467197933408,True,,,
pchip,4.4805,0.7701237017160742,0.07929230354190013,0.844261022938634,True,,,
pchip,4.48125,0.7701240246670185,0.07928035925389287,0.8442753296914062,True,,,
pchip,4.482,0.7701243351093565,0.07926842490793737,0.844289639993216,True,,,
pchip,4.48275,0.7701246330303413,0.07925650051048726,0.8443039537856217,True,,,
pchip,4.4835,0.7701249184172249,0.07924458606799616,0.8443182710101821,True,,,
pchip,4.48425,0.77012519125726,0.07923268158691776,0.8443325916084552,True,,,
pchip,4.485,0.7701254515376987,0.07922078707370565,0.8443469155219999,True,,,
pchip,4.48575,0.7701256992457937,0.07920890253481351,0.8443612426923748,True,,,
pchip,4.4864999999999995,0.7701259343687975,0.07919702797669499,0.844375573061138,True,,,
pchip,4.4872499999999995,0.7701261568939621,0.07918516340580371,0.8443899065698482,True,,,
pchip,4.4879999999999995,0.7701263668085404,0.07917330882859332,0.844404243160064,True,,,
pchip,4.48875,0.7701265640997844,0.07916146425151745,0.8444185827733437,True,,,
pchip,4.4895,0.7701267487549469,0.07914962968102975,0.8444329253512459,True,,,
pchip,4.49025,0.77012692076128,0.07913780512358387,0.8444472708353292,True,,,
pchip,4.491,0.7701270801060364,0.07912599058563342,0.8444616191671519,True,,,
pchip,4.49175,0.7701272267764684,0.0791141860736321,0.8444759702882727,True,,,
pchip,4.4925,0.7701273607598282,0.07910239159403354,0.8444903241402499,True,,,
pchip,4.49325,0.7701274820433686,0.07909060715329135,0.8445046806646422,True,,,
pchip,4.494,0.7701275906143417,0.07907883275785915,0.844519039803008,True,,,
pchip,4.49475,0.7701276864600002,0.07906706841419069,0.8445334014969058,True,,,
pchip,4.4955,0.7701277695675962,0.07905531412873948,0.844547765687894,True,,,
pchip,4.49625,0.7701278399243825,0.07904356990795927,0.8445621323175313,True,,,
pchip,4.497,0.7701278975176113,0.07903183575830364,0.8445765013273759,True,,,
pchip,4.49775,0.770127942334535,0.07902011168622626,0.8445908726589868,True,,,
pchip,4.4985,0.7701279743624061,0.07900839769818077,0.844605246253922,True,,,
pchip,4.49925,0.7701279935884768,0.0789966938006208,0.8446196220537402,True,,,
pchip,4.5,0.770128,0.078985,0.8446340000000001,True,,,
pchip_summary,,,,,True,2001.0,2001.0,0.0029451872431920934
