weight_domain,weight_id,w_R,w_P,w_U,a,b,N,optimal_score,score_range
complete_simplex,0,0.0,0.0,1.0,0.224960630277433,4.5,4.0,-4.38793242258576e-11,2.999186443401706
complete_simplex,1,0.0,0.02,0.98,0.22,4.5,4.0,0.006303542590954342,2.932905169666098
complete_simplex,2,0.0,0.04,0.96,0.217931814223246,4.5,4.0,0.01231550097153011,2.866915480184747
complete_simplex,3,0.0,0.06,0.94,0.216143105724018,4.5,4.0,0.018137276025971618,2.80111597402953
complete_simplex,4,0.0,0.08,0.92,0.2148370229876116,4.5,4.0,0.023815773465806104,2.735459745488922
complete_simplex,5,0.0,0.1,0.9,0.2135,4.5,4.0,0.02935520166777797,2.669942586186175
complete_simplex,6,0.0,0.12,0.88,0.2124793862633019,4.5,4.0,0.034858587856235704,2.6044614688969423
complete_simplex,7,0.0,0.14,0.86,0.2115,4.5,4.0,0.04026813298495875,2.539074192667444
complete_simplex,8,0.0,0.16,0.84,0.21,4.5,4.0,0.04539548757651919,2.4739691069751086
complete_simplex,9,0.0,0.18,0.82,0.209,4.5,4.0,0.05052356989851511,2.4088632935523377
complete_simplex,10,0.0,0.2,0.8,0.208,4.5,4.0,0.05560926822949014,2.343799864120588
complete_simplex,11,0.0,0.22,0.78,0.207,4.5,4.0,0.06060624214773437,2.2788251591015682
complete_simplex,12,0.0,0.24,0.76,0.206,4.5,4.0,0.06551876096832528,2.213934909180203
complete_simplex,13,0.0,0.26,0.74,0.2049361492814567,4.5,4.0,0.07031159837568754,2.1491643406720655
complete_simplex,14,0.0,0.28,0.72,0.2039577888540814,4.5,4.0,0.07507976202035647,2.084418445926622
complete_simplex,15,0.0,0.3,0.7,0.203,4.5,4.0,0.07979064249632806,2.019729834349875
complete_simplex,16,0.0,0.32,0.68,0.202,4.5,4.0,0.0844058507455771,1.9551368949998513
complete_simplex,17,0.0,0.34,0.66,0.201,4.5,4.0,0.08895631297393256,1.890608701670721
complete_simplex,18,0.0,0.36,0.64,0.1998188894396565,4.5,4.0,0.0933136967788892,1.8262735867649893
complete_simplex,19,0.0,0.38,0.62,0.1988385122482389,4.5,4.0,0.09775710055369746,1.761852451889406
complete_simplex,20,0.0,0.4,0.6,0.1976953991587112,4.5,4.0,0.10202435516159607,1.6976074661807325
complete_simplex,21,0.0,0.42,0.58,0.1965463730082495,4.5,4.0,0.10623365742395975,1.6334204328175939
complete_simplex,22,0.0,0.44,0.56,0.1954256504796293,4.5,4.0,0.11041514660640635,1.5692612125343728
complete_simplex,23,0.0,0.46,0.54,0.1942805146366119,4.5,4.0,0.11453240378420368,1.5051662242558004
complete_simplex,24,0.0,0.48,0.52,0.193,4.5,4.0,0.11850325907890878,1.4412176378603203
complete_simplex,25,0.0,0.5,0.5,0.1917519992922826,4.5,4.0,0.12246100596989729,1.3777811890676142
complete_simplex,26,0.0,0.52,0.48,0.1905,4.5,4.0,0.12638140122088198,1.4338585087670377
complete_simplex,27,0.0,0.54,0.46,0.189,4.5,4.0,0.13008422776965398,1.4901533971686736
complete_simplex,28,0.0,0.56,0.44,0.1875335654083107,4.5,4.0,0.13378987538426745,1.5464454645044678
complete_simplex,29,0.0,0.58,0.42,0.186,4.5,4.0,0.13742829792044708,1.6028047569186956
complete_simplex,30,0.0,0.6,0.4,0.1845,4.5,4.0,0.14107751461913828,1.6591532551704122
complete_simplex,31,0.0,0.62,0.38,0.1829185377142079,4.5,4.0,0.1446602313986163,1.7155682533413423
complete_simplex,32,0.0,0.64,0.36,0.181,4.5,4.0,0.14801531857559141,1.772210881114775
complete_simplex,33,0.0,0.66,0.34,0.178741659237187,4.5,4.0,0.15117246415478833,1.8290514504859858
complete_simplex,34,0.0,0.68,0.32,0.2230239703682651,4.5,2.0,0.14578584129818195,1.8944357882930003
complete_simplex,35,0.0,0.7,0.3,0.2230239703682651,4.5,2.0,0.13667423433320175,1.9635451102083878
complete_simplex,36,0.0,0.72,0.28,0.2230239703682651,4.5,2.0,0.12756262736822158,2.0326544321237763
complete_simplex,37,0.0,0.74,0.26,0.2230239703682651,4.5,2.0,0.11845102040324136,2.101763754039164
complete_simplex,38,0.0,0.76,0.24,0.2230239703682651,4.5,2.0,0.10933941343826113,2.1708730759545523
complete_simplex,39,0.0,0.78,0.22,0.2230239703682651,4.5,2.0,0.10022780647328094,2.2399823978699405
complete_simplex,40,0.0,0.8,0.2,0.2230239703682651,4.5,2.0,0.09111619950830074,2.3090917197853287
complete_simplex,41,0.0,0.82,0.18,0.2230239703682651,4.5,2.0,0.08200459254332053,2.378201041700716
complete_simplex,42,0.0,0.84,0.16,0.2230239703682651,4.5,2.0,0.0728929855783403,2.447310363616104
complete_simplex,43,0.0,0.86,0.14,0.2230239703682651,4.5,2.0,0.06378137861336011,2.516419685531492
complete_simplex,44,0.0,0.88,0.12,0.2230239703682651,4.5,2.0,0.0546697716483799,2.58552900744688
complete_simplex,45,0.0,0.9,0.1,0.2230274083380699,4.5,2.0,0.0455581646684561,2.6546383293772124
complete_simplex,46,0.0,0.92,0.08,0.2230274083380699,4.5,2.0,0.036446557675116266,2.72374765132096
complete_simplex,47,0.0,0.94,0.06,0.2230274083380699,4.5,2.0,0.02733495068177644,2.792856973264707
complete_simplex,48,0.0,0.96,0.04,0.2230274083380699,4.5,2.0,0.018223343688436616,2.861966295208455
complete_simplex,49,0.0,0.98,0.02,0.2230291476100523,4.5,2.0,0.00911173667717155,2.9310756171701273
complete_simplex,50,0.0,1.0,0.0,0.2286344391277271,4.5,2.0,-7.659192350564856e-11,3.000185068874299
complete_simplex,51,0.02,0.0,0.98,0.233,3.45,4.0,0.025012062825300482,2.91419065166537
complete_simplex,52,0.02,0.02,0.96,0.2285,3.4575,4.0,0.025288934809087237,2.8539360485808083
complete_simplex,53,0.02,0.04,0.94,0.2275835994519573,4.5,4.0,0.03134339150684134,2.7879038607822793
complete_simplex,54,0.02,0.06,0.92,0.2275835994519573,4.5,4.0,0.03134407858538647,2.7279254426029595
complete_simplex,55,0.02,0.08,0.9,0.2275835994519573,4.5,4.0,0.03134476566393161,2.6679470244236394
complete_simplex,56,0.02,0.1,0.88,0.2195,4.5,4.0,0.03149907597230872,2.6078149830144874
complete_simplex,57,0.02,0.12,0.86,0.2124793862633019,4.5,4.0,0.0348616975882807,2.5444746302977403
complete_simplex,58,0.02,0.14,0.84,0.211,4.5,4.0,0.04007147844275131,2.479287118342495
complete_simplex,59,0.02,0.16,0.82,0.21,4.5,4.0,0.04534786410267442,2.414033001581797
complete_simplex,60,0.02,0.18,0.8,0.209,4.5,4.0,0.0505266587699543,2.3488764758137424
complete_simplex,61,0.02,0.2,0.78,0.208,4.5,4.0,0.05561235010050371,2.2838130533824175
complete_simplex,62,0.02,0.22,0.76,0.207,4.5,4.0,0.06060931658366027,2.2188383557984865
complete_simplex,63,0.02,0.24,0.74,0.206,4.5,4.0,0.06552182754218511,2.1539481137391867
complete_simplex,64,0.02,0.26,0.72,0.2046771493622676,4.5,4.0,0.07015567733193882,2.089336532848658
complete_simplex,65,0.02,0.28,0.7,0.2039577888540814,4.5,4.0,0.07508281124400443,2.0244316678358167
complete_simplex,66,0.02,0.3,0.68,0.2028311984331745,4.5,4.0,0.07968091474722083,1.9598558332318263
complete_simplex,67,0.02,0.32,0.66,0.2015,4.5,4.0,0.0843225865153517,1.89523643036292
complete_simplex,68,0.02,0.34,0.64,0.2005,4.5,4.0,0.08860585472177782,1.8309754310557191
complete_simplex,69,0.02,0.36,0.62,0.1995,4.5,4.0,0.09308625761742033,1.7665172970593017
complete_simplex,70,0.02,0.38,0.6,0.1985,4.5,4.0,0.09751009496810294,1.702115728607844
complete_simplex,71,0.02,0.4,0.58,0.1973424262716914,4.5,4.0,0.10176317935356226,1.6378849131216096
complete_simplex,72,0.02,0.42,0.56,0.196,4.5,4.0,0.10618199989550384,1.5734883614788937
complete_simplex,73,0.02,0.44,0.54,0.195,4.5,4.0,0.11009391706070604,1.5095987132129165
complete_simplex,74,0.02,0.46,0.52,0.1937321373565153,4.5,4.0,0.11411645038823076,1.4455984487846167
complete_simplex,75,0.02,0.48,0.5,0.1924021291652183,4.499999999999999,4.0,0.11805083071402121,1.3816863373580512
complete_simplex,76,0.02,0.5,0.48,0.1911742419530123,4.499999999999999,4.0,0.12202516976742019,1.3782110388624766
complete_simplex,77,0.02,0.52,0.46,0.1896398884304693,4.5,4.0,0.1257380715993687,1.4344958519809359
complete_simplex,78,0.02,0.54,0.44,0.188472849216304,4.5,4.0,0.1296952594244399,1.4905363791062727
complete_simplex,79,0.02,0.56,0.42,0.187,4.5,4.0,0.13340308574659013,1.5468262677345304
complete_simplex,80,0.02,0.58,0.4,0.185,4.5,4.0,0.1367230468347384,1.6035040215967895
complete_simplex,81,0.02,0.6,0.38,0.1833802245323487,4.5,4.0,0.14030707602004483,1.6599177073618907
complete_simplex,82,0.02,0.62,0.36,0.1813907426149553,4.5,4.0,0.14364478096801864,1.716577717364325
complete_simplex,83,0.02,0.64,0.34,0.1794300591762197,4.5,4.0,0.14701599507288024,1.7732042182098713
complete_simplex,84,0.02,0.66,0.32,0.2230239703682651,4.5,2.0,0.14579180227445124,1.834426125958708
complete_simplex,85,0.02,0.68,0.3,0.2230239703682651,4.5,2.0,0.13668019530947104,1.9035354478740962
complete_simplex,86,0.02,0.7,0.28,0.2230239703682651,4.5,2.0,0.12756858834449084,1.9726447697894838
complete_simplex,87,0.02,0.72,0.26,0.2230239703682651,4.5,2.0,0.11845698137951063,2.041754091704872
complete_simplex,88,0.02,0.74,0.24,0.2230239703682651,4.5,2.0,0.10934537441453042,2.11086341362026
complete_simplex,89,0.02,0.76,0.22,0.2230239703682651,4.5,2.0,0.10023376744955023,2.179972735535648
complete_simplex,90,0.02,0.78,0.2,0.2230239703682651,4.5,2.0,0.09112216048457003,2.2490820574510364
complete_simplex,91,0.02,0.8,0.18,0.2230239703682651,4.5,2.0,0.08201055351958982,2.318191379366425
complete_simplex,92,0.02,0.82,0.16,0.2230239703682651,4.5,2.0,0.07289894655460959,2.3873007012818124
complete_simplex,93,0.02,0.84,0.14,0.2230239703682651,4.5,2.0,0.0637873395896294,2.4564100231972
complete_simplex,94,0.02,0.86,0.12,0.211,4.5,2.0,0.05927554244193681,2.5209195352953007
complete_simplex,95,0.02,0.88,0.1,0.208573556794861,4.5,2.0,0.05926442151957458,2.5809283711680706
complete_simplex,96,0.02,0.9,0.08,0.208573556794861,4.5,2.0,0.059263438708343906,2.6409270689297095
complete_simplex,97,0.02,0.92,0.06,0.208573556794861,4.5,2.0,0.059262455897113236,2.700925766691348
complete_simplex,98,0.02,0.94,0.04,0.2085438844711118,4.5,2.0,0.059261472904821304,2.7609244646340474
complete_simplex,99,0.02,0.96,0.02,0.2085438844711118,4.5,2.0,0.0592604897717703,2.820923162717506
complete_simplex,100,0.02,0.98,0.0,0.2085438844711118,4.5,2.0,0.059259506638719296,2.880921860800965
complete_simplex,101,0.04,0.0,0.96,0.234,3.40875,4.0,0.047830258117172314,2.831388727506342
complete_simplex,102,0.04,0.02,0.94,0.234,3.40875,4.0,0.0478328726945091,2.7714083818282296
complete_simplex,103,0.04,0.04,0.92,0.223,3.44625,4.0,0.05028770286266194,2.7089758205593024
complete_simplex,104,0.04,0.06,0.9,0.215,3.62625,4.0,0.06049354674911254,2.6387922455720774
complete_simplex,105,0.04,0.08,0.88,0.227595954792372,4.5,4.0,0.06268660284617854,2.5766214583742357
complete_simplex,106,0.04,0.1,0.86,0.2275910357359154,4.5,4.0,0.06268728998953148,2.5166430401301083
complete_simplex,107,0.04,0.12,0.84,0.2275910357359154,4.5,4.0,0.06268797711247812,2.456664621906387
complete_simplex,108,0.04,0.14,0.82,0.2275910357359154,4.5,4.0,0.06268866423542475,2.3966862036826644
complete_simplex,109,0.04,0.16,0.8,0.2275910357359154,4.5,4.0,0.06268935135837139,2.3367077854589438
complete_simplex,110,0.04,0.18,0.78,0.2275910357359154,4.5,4.0,0.06269003848131803,2.2767293672352213
complete_simplex,111,0.04,0.2,0.76,0.2195,4.5,4.0,0.06299740129280063,2.216444273322965
complete_simplex,112,0.04,0.22,0.74,0.212,4.5,4.0,0.06379628064451262,2.1556676628704774
complete_simplex,113,0.04,0.24,0.72,0.2055,4.5,4.0,0.06523335104975606,2.094252861364459
complete_simplex,114,0.04,0.26,0.7,0.2045,4.5,4.0,0.07005071980260064,2.029457761510839
complete_simplex,115,0.04,0.28,0.68,0.2035,4.5,4.0,0.07479310984062063,1.9647376403720447
complete_simplex,116,0.04,0.3,0.66,0.2025,4.5,4.0,0.0794644220570716,1.9000885970548187
complete_simplex,117,0.04,0.32,0.64,0.2015,4.5,4.0,0.08406844817863136,1.835506839832484
complete_simplex,118,0.04,0.34,0.62,0.2001076557336187,4.5,4.0,0.08833545596457,1.7712621009457703
complete_simplex,119,0.04,0.36,0.6,0.199,4.5,4.0,0.09275579170356266,1.7068640341060026
complete_simplex,120,0.04,0.38,0.58,0.198,4.5,4.0,0.0971488877077341,1.6424932070010563
complete_simplex,121,0.04,0.4,0.56,0.197,4.5,4.0,0.10151284935742924,1.5781515142505866
complete_simplex,122,0.04,0.42,0.54,0.1955,4.5,4.0,0.10570130062011425,1.5139853318871268
complete_simplex,123,0.04,0.44,0.52,0.194290027388449,4.5,4.0,0.10966747814611774,1.450041423260348
complete_simplex,124,0.04,0.46,0.5,0.193,4.5,4.0,0.11378123000188546,1.3859499403038054
complete_simplex,125,0.04,0.48,0.48,0.1917519992922826,4.5,4.0,0.11756936753178952,1.3226631397400845
complete_simplex,126,0.04,0.5,0.46,0.1905,4.5,4.0,0.12152737447506076,1.3787028477472212
complete_simplex,127,0.04,0.52,0.44,0.189,4.5,4.0,0.1252730891124986,1.4349548480601912
complete_simplex,128,0.04,0.54,0.42,0.1875,4.5,4.0,0.12899460315741343,1.4912310489656841
complete_simplex,129,0.04,0.56,0.4,0.1857076969760212,4.5,4.0,0.13249368479892104,1.5477296822745845
complete_simplex,130,0.04,0.58,0.38,0.1839662377425718,4.499999999999999,4.0,0.1360214577380443,1.6041996242858687
complete_simplex,131,0.04,0.6,0.36,0.1823670434162197,4.5,4.0,0.13963816543453098,1.66058063153979
complete_simplex,132,0.04,0.62,0.34,0.1805,4.5,4.0,0.14308101135162615,1.7171355005731028
complete_simplex,133,0.04,0.64,0.32,0.2230239703682651,4.5,2.0,0.14579776325072052,1.774416463624416
complete_simplex,134,0.04,0.66,0.3,0.2230239703682651,4.5,2.0,0.13668615628574032,1.843525785539804
complete_simplex,135,0.04,0.68,0.28,0.2230239703682651,4.5,2.0,0.12757454932076012,1.9126351074551922
complete_simplex,136,0.04,0.7,0.26,0.2205,4.5,2.0,0.11904510358316737,1.9811622681431922
complete_simplex,137,0.04,0.72,0.24,0.211,4.5,2.0,0.11854988629127919,2.0416552003854886
complete_simplex,138,0.04,0.74,0.22,0.2085438844711118,4.5,2.0,0.11852829454522189,2.1016745070819534
complete_simplex,139,0.04,0.76,0.2,0.2085438844711118,4.5,2.0,0.11852731141217088,2.1616732051654126
complete_simplex,140,0.04,0.78,0.18,0.2085436097091347,4.5,2.0,0.11852632827911186,2.2216719032488794
complete_simplex,141,0.04,0.8,0.16,0.2085409291298545,4.5,2.0,0.11852534514069335,2.2816706013377064
complete_simplex,142,0.04,0.82,0.14,0.2085409291298545,4.5,2.0,0.11852436197555376,2.3416692994532533
complete_simplex,143,0.04,0.84,0.12,0.2085409291298545,4.5,2.0,0.11852337881041417,2.4016679975688007
complete_simplex,144,0.04,0.86,0.1,0.2085367904812573,4.5,2.0,0.11852239560219996,2.4616666957274225
complete_simplex,145,0.04,0.88,0.08,0.2085367904812573,4.5,2.0,0.11852141239211281,2.5216653938879174
complete_simplex,146,0.04,0.9,0.06,0.2085345033639461,4.5,2.0,0.11852042915821863,2.58166409207222
complete_simplex,147,0.04,0.92,0.04,0.2085345033639461,4.5,2.0,0.11851944592328696,2.6416627902575596
complete_simplex,148,0.04,0.94,0.02,0.2085291256626417,4.5,2.0,0.1185184626548267,2.701661488476427
complete_simplex,149,0.04,0.96,0.0,0.2085291256626417,4.5,2.0,0.1185174793614629,2.761660186720199
complete_simplex,150,0.06,0.0,0.94,0.2345,3.37875,4.0,0.06938782918743198,2.749847427568925
complete_simplex,151,0.06,0.02,0.92,0.2345,3.37875,4.0,0.06939048604970179,2.6898670396058812
complete_simplex,152,0.06,0.04,0.9,0.2345,3.375,4.0,0.06910135565300686,2.630178438901801
complete_simplex,153,0.06,0.06,0.88,0.2185,3.435,4.0,0.07527073883710818,2.564031324616925
complete_simplex,154,0.06,0.08,0.86,0.215,3.56625,4.0,0.0861537315176133,2.4931706008356445
complete_simplex,155,0.06,0.1,0.84,0.2275993538525749,4.5,4.0,0.09402912635695615,2.425317474895527
complete_simplex,156,0.06,0.12,0.82,0.2275993538525749,4.5,4.0,0.09402981352951333,2.3653390566221946
complete_simplex,157,0.06,0.14,0.8,0.2275993538525749,4.5,4.0,0.09403050070207049,2.305360638348863
complete_simplex,158,0.06,0.16,0.78,0.2275993538525749,4.5,4.0,0.09403118787462766,2.24538222007553
complete_simplex,159,0.06,0.18,0.76,0.227595954792372,4.5,4.0,0.09403187503762729,2.185403801811756
complete_simplex,160,0.06,0.2,0.74,0.227595954792372,4.5,4.0,0.09403256218991914,2.125425383558689
complete_simplex,161,0.06,0.22,0.72,0.227595954792372,4.5,4.0,0.09403324934221097,2.0654469653056227
complete_simplex,162,0.06,0.24,0.7,0.227595954792372,4.5,4.0,0.09403393649450281,2.0054685470525553
complete_simplex,163,0.06,0.26,0.68,0.227595954792372,4.5,4.0,0.09403462364679466,1.945490128799489
complete_simplex,164,0.06,0.28,0.66,0.2253158092371337,4.5,4.0,0.0940726087786022,1.8854744125669065
complete_simplex,165,0.06,0.3,0.64,0.2195,4.5,4.0,0.09449572661329252,1.8250735636314412
complete_simplex,166,0.06,0.32,0.62,0.2145,4.5,4.0,0.09521578864476678,1.7643757704991918
complete_simplex,167,0.06,0.34,0.6,0.2095,4.5,4.0,0.0962431884233634,1.7033706396198203
complete_simplex,168,0.06,0.36,0.58,0.205,4.5,4.0,0.09741461560811472,1.642221481334294
complete_simplex,169,0.06,0.38,0.56,0.2001076557336187,4.5,4.0,0.09893116374623878,1.5807272020953955
complete_simplex,170,0.06,0.4,0.54,0.1965,4.5,4.0,0.1011511348754249,1.5185294998654344
complete_simplex,171,0.06,0.42,0.52,0.195,4.5,4.0,0.10509660830949102,1.4546062953305932
complete_simplex,172,0.06,0.44,0.5,0.1937321373565153,4.5,4.0,0.10916181780142459,1.3905633547378846
complete_simplex,173,0.06,0.46,0.48,0.1924021291652183,4.499999999999999,4.0,0.11313899114957691,1.3266084502889577
complete_simplex,174,0.06,0.48,0.46,0.191,4.5,4.0,0.1170257702945718,1.3232007505696874
complete_simplex,175,0.06,0.5,0.44,0.1896398884304693,4.5,4.0,0.1209089217601313,1.3793153140545356
complete_simplex,176,0.06,0.52,0.42,0.188,4.5,4.0,0.12466482353428705,1.4355571272307879
complete_simplex,177,0.06,0.54,0.4,0.1865,4.5,4.0,0.12830021799115143,1.4919194477243314
complete_simplex,178,0.06,0.56,0.38,0.1846888323284197,4.5,4.0,0.1318078478128665,1.5484095328530243
complete_simplex,179,0.06,0.58,0.36,0.1829185377142079,4.5,4.0,0.1353380793675365,1.6048770162487616
complete_simplex,180,0.06,0.6,0.34,0.181,4.5,4.0,0.13877515290591294,1.661437657660793
complete_simplex,181,0.06,0.62,0.32,0.178741659237187,4.5,4.0,0.14202132695831277,1.7181891985588011
complete_simplex,182,0.06,0.64,0.3,0.1765,4.5,4.0,0.14530746175103407,1.7749007787164877
complete_simplex,183,0.06,0.66,0.28,0.174,4.5,4.0,0.14849002709974352,1.831715928318186
complete_simplex,184,0.06,0.68,0.26,0.170841388553563,4.5,4.0,0.15140391666804226,1.8887997537002954
complete_simplex,185,0.06,0.7,0.24,0.1675,4.5,4.0,0.15432650153322502,1.9458748837855202
complete_simplex,186,0.06,0.72,0.22,0.1638767938444573,4.5,4.0,0.15722181569174393,2.002977284577409
complete_simplex,187,0.06,0.74,0.2,0.159461539684094,4.5,4.0,0.15990403814064458,2.060292777078916
complete_simplex,188,0.06,0.76,0.18,0.1542541479301568,4.5,4.0,0.16237589815658962,2.117818632013379
complete_simplex,189,0.06,0.78,0.16,0.1479456907418632,4.5,4.0,0.16442803037896342,2.175764214741413
complete_simplex,190,0.06,0.8,0.14,0.1402142878961925,4.5,4.0,0.16559322964766582,2.234596730423119
complete_simplex,191,0.06,0.82,0.12,0.1305855539980565,4.5,4.0,0.16469097704870603,2.295496697972486
complete_simplex,192,0.06,0.84,0.1,0.1187228035331284,4.5,4.0,0.1591273558667168,2.3610580341048832
complete_simplex,193,0.06,0.86,0.08,0.1082341837389802,4.5,4.0,0.14992137343604237,2.4302617314859654
complete_simplex,194,0.06,0.88,0.06,0.1066916160197874,4.5,4.0,0.1507908112528621,2.4893900086195537
complete_simplex,195,0.06,0.9,0.04,0.105,4.5,4.0,0.1516377092904685,2.548540825532355
complete_simplex,196,0.06,0.92,0.02,0.1037109353602566,4.5,4.0,0.1523324808563962,2.607843768916835
complete_simplex,197,0.06,0.94,0.0,0.102067819939848,4.499999999999998,4.0,0.15313947129960895,2.6670344934240298
complete_simplex,198,0.08,0.0,0.92,0.235,3.3525,4.0,0.08981218122772863,2.6694393466614725
complete_simplex,199,0.08,0.02,0.9,0.2345,3.3525,4.0,0.08981442813662255,2.6094593686518035
complete_simplex,200,0.08,0.04,0.88,0.235,3.34875,4.0,0.08943518816777143,2.5498608775198797
complete_simplex,201,0.08,0.06,0.86,0.235,3.34875,4.0,0.08943787858278521,2.489880456004091
complete_simplex,202,0.08,0.08,0.84,0.2172050706795334,3.4314911002273765,4.0,0.10033156439325604,2.419009039092846
complete_simplex,203,0.08,0.1,0.82,0.2145,3.5325,4.0,0.11156388983701954,2.3477989825483068
complete_simplex,204,0.08,0.12,0.8,0.215,3.62625,4.0,0.12098180948177872,2.2784033318027728
complete_simplex,205,0.08,0.14,0.78,0.2275993538525749,4.5,4.0,0.1253723369175939,2.2140350732661824
complete_simplex,206,0.08,0.16,0.76,0.2275993538525749,4.5,4.0,0.12537302409015105,2.154056654992851
complete_simplex,207,0.08,0.18,0.74,0.2275993538525749,4.5,4.0,0.12537371126270824,2.0940782367195183
complete_simplex,208,0.08,0.2,0.72,0.2275993538525749,4.5,4.0,0.1253743984352654,2.0340998184461863
complete_simplex,209,0.08,0.22,0.7,0.2275993538525749,4.5,4.0,0.12537508560782257,1.9741214001728538
complete_simplex,210,0.08,0.24,0.68,0.2275993538525749,4.5,4.0,0.12537577278037973,1.9141429818995226
complete_simplex,211,0.08,0.26,0.66,0.2275993538525749,4.5,4.0,0.12537645995293692,1.8541645636261899
complete_simplex,212,0.08,0.28,0.64,0.2275993538525749,4.5,4.0,0.12537714712549408,1.794186145352858
complete_simplex,213,0.08,0.3,0.62,0.2275993538525749,4.5,4.0,0.12537783429805124,1.734207727079526
complete_simplex,214,0.08,0.32,0.6,0.2275993538525749,4.5,4.0,0.12537852147060843,1.6742293088061937
complete_simplex,215,0.08,0.34,0.58,0.2275993538525749,4.5,4.0,0.1253792086431656,1.6142508905328614
complete_simplex,216,0.08,0.36,0.56,0.2275993538525749,4.5,4.0,0.12537989581572276,1.5542724722595298
complete_simplex,217,0.08,0.38,0.54,0.2235,4.5,4.0,0.1255399983602246,1.494134638614253
complete_simplex,218,0.08,0.4,0.52,0.2195,4.5,4.0,0.12599405193378443,1.4337028539399181
complete_simplex,219,0.08,0.42,0.5,0.216,4.5,4.0,0.1266214411022916,1.3730977336706358
complete_simplex,220,0.08,0.44,0.48,0.212,4.5,4.0,0.12758846939415347,1.3121529742779994
complete_simplex,221,0.08,0.46,0.46,0.2085,4.5,4.0,0.12864281429668714,1.2515800052095496
complete_simplex,222,0.08,0.48,0.44,0.205,4.5,4.0,0.12988302096963555,1.3103375134870088
complete_simplex,223,0.08,0.5,0.42,0.2015,4.5,4.0,0.1313524132616285,1.3688658361454236
complete_simplex,224,0.08,0.52,0.4,0.198,4.5,4.0,0.13293824740299615,1.427277716954464
complete_simplex,225,0.08,0.54,0.38,0.1945,4.5,4.0,0.13465870267490326,1.4855549766329645
complete_simplex,226,0.08,0.56,0.36,0.191,4.5,4.0,0.13652727784158444,1.5436841164166915
complete_simplex,227,0.08,0.58,0.34,0.1875,4.5,4.0,0.138552791150354,1.6016563180583294
complete_simplex,228,0.08,0.6,0.32,0.1839662377425718,4.499999999999999,4.0,0.1407160278794378,1.6594907962796535
complete_simplex,229,0.08,0.62,0.3,0.1805,4.5,4.0,0.1430865025988248,1.7171180365106742
complete_simplex,230,0.08,0.64,0.28,0.1769634488378673,4.5,4.0,0.14556836926661348,1.7746338847932934
complete_simplex,231,0.08,0.66,0.26,0.173,4.5,4.0,0.14810952555011397,1.8320904434602008
complete_simplex,232,0.08,0.68,0.24,0.1695,4.5,4.0,0.150788729413603,1.8894089545471198
complete_simplex,233,0.08,0.7,0.22,0.16588218381642,4.5,4.0,0.15365114503960076,1.9465442538715294
complete_simplex,234,0.08,0.72,0.2,0.162,4.5,4.0,0.15650505373178353,2.003688060129755
complete_simplex,235,0.08,0.74,0.18,0.1583103222776573,4.5,4.0,0.15949577970032788,2.060695049111618
complete_simplex,236,0.08,0.76,0.16,0.1545,4.5,4.0,0.16246271783380167,2.117725825928552
complete_simplex,237,0.08,0.78,0.14,0.151,4.5,4.0,0.165508397300808,2.1746778614119537
complete_simplex,238,0.08,0.8,0.12,0.1473660252075242,4.5,4.0,0.16843003361922992,2.23175394004394
complete_simplex,239,0.08,0.82,0.1,0.144,4.5,4.0,0.17132718582118775,2.2888545027923897
complete_simplex,240,0.08,0.84,0.08,0.1405913578224029,4.5,4.0,0.17403900780163944,2.3461403957623457
complete_simplex,241,0.08,0.86,0.06,0.1374082563662622,4.5,4.0,0.1766778913073084,2.4034992272070843
complete_simplex,242,0.08,0.88,0.04,0.1345,4.5,4.0,0.17915697224600136,2.4610178612187994
complete_simplex,243,0.08,0.9,0.02,0.1318051488293164,4.5,4.0,0.18155822484198575,2.5186143235732232
complete_simplex,244,0.08,0.92,0.0,0.129,4.5,4.0,0.18366207425099032,2.5765081891146266
complete_simplex,245,0.1,0.0,0.9,0.235,3.33375,4.0,0.1098872783762201,2.589380520645825
complete_simplex,246,0.1,0.02,0.88,0.235,3.33,4.0,0.10941950168901865,2.5298705662322507
complete_simplex,247,0.1,0.04,0.86,0.2365,3.32625,4.0,0.10925508628899634,2.4700572505314984
complete_simplex,248,0.1,0.06,0.84,0.235,3.32625,4.0,0.10895605674238566,2.4103785489773344
complete_simplex,249,0.1,0.08,0.82,0.225,3.345,4.0,0.11242981810535983,2.3469270565135845
complete_simplex,250,0.1,0.1,0.8,0.2172050706795334,3.4314911002273765,4.0,0.1254121895821928,2.2739669539359775
complete_simplex,251,0.1,0.12,0.78,0.215,3.51375,4.0,0.1368377022021274,2.202563710215267
complete_simplex,252,0.1,0.14,0.76,0.2155,3.5925,4.0,0.14678811414478563,2.1326355671718344
complete_simplex,253,0.1,0.16,0.74,0.2125,3.6525,4.0,0.15540490952478148,2.0640410406910634
complete_simplex,254,0.1,0.18,0.72,0.2275993538525749,4.5,4.0,0.1567155474782317,2.0027526716368382
complete_simplex,255,0.1,0.2,0.7,0.2275993538525749,4.5,4.0,0.15671623465078885,1.9427742533635062
complete_simplex,256,0.1,0.22,0.68,0.2275993538525749,4.5,4.0,0.15671692182334604,1.8827958350901746
complete_simplex,257,0.1,0.24,0.66,0.2275993538525749,4.5,4.0,0.1567176089959032,1.822817416816842
complete_simplex,258,0.1,0.26,0.64,0.2275993538525749,4.5,4.0,0.15671829616846036,1.7628389985435102
complete_simplex,259,0.1,0.28,0.62,0.2275993538525749,4.5,4.0,0.15671898334101753,1.702860580270178
complete_simplex,260,0.1,0.3,0.6,0.2275993538525749,4.5,4.0,0.15671967051357472,1.6428821619968457
complete_simplex,261,0.1,0.32,0.58,0.2275993538525749,4.5,4.0,0.15672035768613188,1.5829037437235136
complete_simplex,262,0.1,0.34,0.56,0.2275993538525749,4.5,4.0,0.15672104485868904,1.522925325450182
complete_simplex,263,0.1,0.36,0.54,0.2275993538525749,4.5,4.0,0.15672173203124623,1.46294690717685
complete_simplex,264,0.1,0.38,0.52,0.2275993538525749,4.5,4.0,0.1567224192038034,1.4029684889035174
complete_simplex,265,0.1,0.4,0.5,0.2275993538525749,4.5,4.0,0.15672310637636055,1.3429900706301854
complete_simplex,266,0.1,0.42,0.48,0.2275993538525749,4.5,4.0,0.15672379354891772,1.2830116523568535
complete_simplex,267,0.1,0.44,0.46,0.2275993538525749,4.5,4.0,0.1567244807214749,1.2230332340835215
complete_simplex,268,0.1,0.46,0.44,0.2265,4.5,4.0,0.15673966969398462,1.2234771634046373
complete_simplex,269,0.1,0.48,0.42,0.223,4.5,4.0,0.15697624445862335,1.283238303590406
complete_simplex,270,0.1,0.5,0.4,0.2195,4.5,4.0,0.15749237725427637,1.3427198857451608
complete_simplex,271,0.1,0.52,0.38,0.2167888933488503,4.5,4.0,0.15809448781963795,1.4021154901302073
complete_simplex,272,0.1,0.54,0.36,0.213557728466282,4.5,4.0,0.15897544447329903,1.461232248426954
complete_simplex,273,0.1,0.56,0.34,0.2105,4.5,4.0,0.16002016479784043,1.5201852430528207
complete_simplex,274,0.1,0.58,0.32,0.2075261824828214,4.5,4.0,0.1612098249548916,1.5789932978461767
complete_simplex,275,0.1,0.6,0.3,0.205,4.5,4.0,0.1623514263311564,1.6378494114203197
complete_simplex,276,0.1,0.62,0.28,0.202,4.5,4.0,0.163850075526,1.6963484771758843
complete_simplex,277,0.1,0.64,0.26,0.1990830923766229,4.499999999999999,4.0,0.16545583688424872,1.7547404307680434
complete_simplex,278,0.1,0.66,0.24,0.1965463730082495,4.5,4.0,0.16696448032224895,1.8132295022804508
complete_simplex,279,0.1,0.68,0.22,0.1937321373565153,4.5,4.0,0.16875446809959394,1.8714372294535138
complete_simplex,280,0.1,0.7,0.2,0.191,4.5,4.0,0.17065273907609144,1.9295366734274237
complete_simplex,281,0.1,0.72,0.18,0.188,4.5,4.0,0.17275369365729518,1.9874334337966284
complete_simplex,282,0.1,0.74,0.16,0.1853207159819171,4.5,4.0,0.17477381938259265,2.0454110230217384
complete_simplex,283,0.1,0.76,0.14,0.1825,4.5,4.0,0.17699636921131023,2.103186188143429
complete_simplex,284,0.1,0.78,0.12,0.1796571296707944,4.5,4.0,0.17934879824688058,2.1608314740582664
complete_simplex,285,0.1,0.8,0.1,0.1769634488378673,4.5,4.0,0.1819486510670988,2.218229336188456
complete_simplex,286,0.1,0.82,0.08,0.174,4.5,4.0,0.18447825863152303,2.275697443574439
complete_simplex,287,0.1,0.84,0.06,0.170841388553563,4.5,4.0,0.18709109248838893,2.333082324667981
complete_simplex,288,0.1,0.86,0.04,0.1679484148027852,4.5,4.0,0.189829082017236,2.390342050089542
complete_simplex,289,0.1,0.88,0.02,0.165,4.5,4.0,0.19269786371051478,2.447470983346671
complete_simplex,290,0.1,0.9,0.0,0.162,4.5,4.0,0.19561262742952495,2.504553934578069
complete_simplex,291,0.12,0.0,0.88,0.2365,3.31125,4.0,0.1285199867979218,2.5107640833569658
complete_simplex,292,0.12,0.02,0.86,0.2355,3.31125,4.0,0.12850540355838247,2.4508009354957307
complete_simplex,293,0.12,0.04,0.84,0.2355,3.3075,4.0,0.12795490032509396,2.391373707628244
complete_simplex,294,0.12,0.06,0.82,0.2355,3.3075,4.0,0.12795761922124627,2.331393257631317
complete_simplex,295,0.12,0.08,0.8,0.2355,3.30375,4.0,0.1274093134734329,2.2719638322783555
complete_simplex,296,0.12,0.1,0.78,0.22,3.3525,4.0,0.13751373717532037,2.201881677475692
complete_simplex,297,0.12,0.12,0.76,0.2172050706795334,3.4314911002273765,4.0,0.1504928147711295,2.128924868779109
complete_simplex,298,0.12,0.14,0.74,0.2145,3.49875,4.0,0.16204855509595045,2.0573913973535127
complete_simplex,299,0.12,0.16,0.72,0.215,3.56625,4.0,0.1723024481227266,1.987159773225962
complete_simplex,300,0.12,0.18,0.7,0.215,3.62625,4.0,0.18147007221444492,1.9180144180334684
complete_simplex,301,0.12,0.2,0.68,0.2276073507002146,4.5,4.0,0.18805807074084344,1.8514486884062953
complete_simplex,302,0.12,0.22,0.66,0.2276073507002146,4.5,4.0,0.18805875796103894,1.791470270085325
complete_simplex,303,0.12,0.24,0.64,0.2276073507002146,4.5,4.0,0.18805944518123446,1.7314918517643543
complete_simplex,304,0.12,0.26,0.62,0.2275993538525749,4.5,4.0,0.18806013238398378,1.67151343346083
complete_simplex,305,0.12,0.28,0.6,0.2275993538525749,4.5,4.0,0.18806081955654094,1.6115350151874979
complete_simplex,306,0.12,0.3,0.58,0.2275993538525749,4.5,4.0,0.1880615067290981,1.5515565969141658
complete_simplex,307,0.12,0.32,0.56,0.2275993538525749,4.5,4.0,0.18806219390165527,1.491578178640834
complete_simplex,308,0.12,0.34,0.54,0.2275993538525749,4.5,4.0,0.18806288107421246,1.431599760367502
complete_simplex,309,0.12,0.36,0.52,0.2275993538525749,4.5,4.0,0.18806356824676962,1.3716213420941696
complete_simplex,310,0.12,0.38,0.5,0.2275993538525749,4.5,4.0,0.18806425541932678,1.3116429238208376
complete_simplex,311,0.12,0.4,0.48,0.2275993538525749,4.5,4.0,0.18806494259188394,1.2516645055475057
complete_simplex,312,0.12,0.42,0.46,0.2275993538525749,4.5,4.0,0.18806562976444113,1.1916860872741735
complete_simplex,313,0.12,0.44,0.44,0.2275993538525749,4.5,4.0,0.1880663169369983,1.1321468148036007
complete_simplex,314,0.12,0.46,0.42,0.2275993538525749,4.5,4.0,0.18806700410955546,1.1921438425814515
complete_simplex,315,0.12,0.48,0.4,0.2275993538525749,4.5,4.0,0.18806769128211265,1.252140870359302
complete_simplex,316,0.12,0.5,0.38,0.2275993538525749,4.5,4.0,0.1880683784546698,1.3121378981371525
complete_simplex,317,0.12,0.52,0.36,0.2275993538525749,4.5,4.0,0.18806906562722697,1.3721349259150033
complete_simplex,318,0.12,0.54,0.34,0.2275993538525749,4.5,4.0,0.18806975279978413,1.432131953692854
complete_simplex,319,0.12,0.56,0.32,0.2253158092371337,4.5,4.0,0.18814521430695025,1.492054207136096
complete_simplex,320,0.12,0.58,0.3,0.2225,4.5,4.0,0.1884397551319753,1.5517573812614782
complete_simplex,321,0.12,0.6,0.28,0.2195,4.5,4.0,0.18899070257476822,1.6112041487690931
complete_simplex,322,0.12,0.62,0.26,0.217,4.5,4.0,0.18963049496878298,1.6705620713254863
complete_simplex,323,0.12,0.64,0.24,0.2145,4.5,4.0,0.1904288818187962,1.729761399425881
complete_simplex,324,0.12,0.66,0.22,0.212,4.5,4.0,0.1913806581437943,1.7888073380512908
complete_simplex,325,0.12,0.68,0.2,0.2095,4.5,4.0,0.19248061961813748,1.8477050915273554
complete_simplex,326,0.12,0.7,0.18,0.207,4.5,4.0,0.19372356257156165,1.9064598635243386
complete_simplex,327,0.12,0.72,0.16,0.205,4.5,4.0,0.19481983169267728,1.9653613093536313
complete_simplex,328,0.12,0.74,0.14,0.2025,4.5,4.0,0.19630462448125857,2.023874231515457
complete_simplex,329,0.12,0.76,0.12,0.2001076557336187,4.5,4.0,0.1978480878484213,2.0823284830987028
complete_simplex,330,0.12,0.78,0.1,0.198,4.5,4.0,0.19939907673165605,2.140775209165876
complete_simplex,331,0.12,0.8,0.08,0.1955,4.5,4.0,0.20113532995680947,2.199036670891131
complete_simplex,332,0.12,0.82,0.06,0.193,4.5,4.0,0.20308280724641073,2.2570869085519365
complete_simplex,333,0.12,0.84,0.04,0.191,4.5,4.0,0.20477820031059846,2.3153892304381567
complete_simplex,334,0.12,0.86,0.02,0.1886020407967057,4.5,4.0,0.2067692563281884,2.3733958893709746
complete_simplex,335,0.12,0.88,0.0,0.1860507555311304,4.5,4.0,0.20905074004006421,2.4311121206095065
complete_simplex,336,0.14,0.0,0.86,0.2368678323619533,3.2933861079436744,4.0,0.1468882154519928,2.4324121258357385
complete_simplex,337,0.14,0.02,0.84,0.2355,3.2925,4.0,0.14671859893093375,2.372604011256023
complete_simplex,338,0.14,0.04,0.82,0.236,3.28875,4.0,0.1460890666791431,2.3132558124070384
complete_simplex,339,0.14,0.06,0.8,0.2354471603027499,3.286841187725989,4.0,0.14577160053725252,2.253595547448154
complete_simplex,340,0.14,0.08,0.78,0.236,3.285,4.0,0.14546407225850752,2.1939253446261238
complete_simplex,341,0.14,0.1,0.76,0.2265,3.29625,4.0,0.1486526694529581,2.1307590163308987
complete_simplex,342,0.14,0.12,0.74,0.2195,3.36375,4.0,0.16279215108831252,2.0566418035947693
complete_simplex,343,0.14,0.14,0.72,0.2172050706795334,3.4314911002273765,4.0,0.17557343996006627,1.9838827836222406
complete_simplex,344,0.14,0.16,0.7,0.2155,3.49125,4.0,0.1872309167283117,1.9122475757532198
complete_simplex,345,0.14,0.18,0.68,0.2135,3.54375,4.0,0.19779012135999097,1.8417106400207666
complete_simplex,346,0.14,0.2,0.66,0.216,3.60375,4.0,0.20730145752080764,1.7722215727591744
complete_simplex,347,0.14,0.22,0.64,0.2145,3.64875,4.0,0.21593554815328742,1.7036097510259198
complete_simplex,348,0.14,0.24,0.62,0.2276073507002146,4.5,4.0,0.21940128111152943,1.640166286966903
complete_simplex,349,0.14,0.26,0.6,0.2276073507002146,4.5,4.0,0.21940196833172493,1.5801878686459323
complete_simplex,350,0.14,0.28,0.58,0.2276073507002146,4.5,4.0,0.21940265555192046,1.5202094503249617
complete_simplex,351,0.14,0.3,0.56,0.2276073507002146,4.5,4.0,0.21940334277211596,1.4602310320039917
complete_simplex,352,0.14,0.32,0.54,0.2276073507002146,4.5,4.0,0.21940402999231146,1.4002526136830213
complete_simplex,353,0.14,0.34,0.52,0.2276073507002146,4.5,4.0,0.21940471721250698,1.340274195362051
complete_simplex,354,0.14,0.36,0.5,0.2276073507002146,4.5,4.0,0.21940540443270248,1.28029577704108
complete_simplex,355,0.14,0.38,0.48,0.2275993538525749,4.5,4.0,0.21940609163485023,1.2203173587381577
complete_simplex,356,0.14,0.4,0.46,0.2275993538525749,4.5,4.0,0.2194067788074074,1.1603389404648257
complete_simplex,357,0.14,0.42,0.44,0.2275993538525749,4.5,4.0,0.21940746597996455,1.1003605221914936
complete_simplex,358,0.14,0.44,0.42,0.2275993538525749,4.5,4.0,0.2194081531525217,1.1007989921804624
complete_simplex,359,0.14,0.46,0.4,0.2275993538525749,4.5,4.0,0.2194088403250789,1.1607960199583132
complete_simplex,360,0.14,0.48,0.38,0.2275993538525749,4.5,4.0,0.21940952749763606,1.2207930477361637
complete_simplex,361,0.14,0.5,0.36,0.2275993538525749,4.5,4.0,0.21941021467019323,1.2807900755140142
complete_simplex,362,0.14,0.52,0.34,0.2275993538525749,4.5,4.0,0.21941090184275042,1.3407871032918652
complete_simplex,363,0.14,0.54,0.32,0.2275993538525749,4.5,4.0,0.21941158901530758,1.4007841310697156
complete_simplex,364,0.14,0.56,0.3,0.2275993538525749,4.5,4.0,0.21941227618786474,1.4607811588475665
complete_simplex,365,0.14,0.58,0.28,0.2275993538525749,4.5,4.0,0.2194129633604219,1.5207781866254169
complete_simplex,366,0.14,0.6,0.26,0.2275993538525749,4.5,4.0,0.2194136505329791,1.5807752144032674
complete_simplex,367,0.14,0.62,0.24,0.2275993538525749,4.5,4.0,0.21941433770553626,1.6407722421811184
complete_simplex,368,0.14,0.64,0.22,0.2265,4.5,4.0,0.21943537689691348,1.7007489179401487
complete_simplex,369,0.14,0.66,0.2,0.2245,4.5,4.0,0.2195758990596855,1.7606061107277846
complete_simplex,370,0.14,0.68,0.18,0.222,4.5,4.0,0.21993389827154672,1.8202458264663313
complete_simplex,371,0.14,0.7,0.16,0.2195,4.5,4.0,0.22048902789526018,1.879688411793025
complete_simplex,372,0.14,0.72,0.14,0.2175,4.5,4.0,0.22107110354121762,1.939104051097476
complete_simplex,373,0.14,0.74,0.12,0.2155,4.5,4.0,0.2218598450343048,1.9983130245547962
complete_simplex,374,0.14,0.76,0.1,0.213,4.5,4.0,0.22281158575154283,2.0573589987879664
complete_simplex,375,0.14,0.78,0.08,0.211,4.5,4.0,0.22376957212767204,2.116398727362245
complete_simplex,376,0.14,0.8,0.06,0.2090869910496498,4.5,4.0,0.2247879969440481,2.175378017496277
complete_simplex,377,0.14,0.82,0.04,0.207,4.5,4.0,0.22600960901459044,2.234154120376142
complete_simplex,378,0.14,0.84,0.02,0.205,4.5,4.0,0.22728823705419812,2.2928732072869424
complete_simplex,379,0.14,0.86,0.0,0.203,4.5,4.0,0.2287334185415219,2.351425740750026
complete_simplex,380,0.16,0.0,0.84,0.236,3.2775,4.0,0.16479817685084727,2.354518435569728
complete_simplex,381,0.16,0.02,0.82,0.238,3.27375,4.0,0.16428873311787945,2.2950501482019203
complete_simplex,382,0.16,0.04,0.8,0.2351479143553826,3.2726600008360167,4.0,0.16390120402979078,2.2354599461892346
complete_simplex,383,0.16,0.06,0.78,0.236,3.27,4.0,0.16338845088311577,2.175994968235134
complete_simplex,384,0.16,0.08,0.76,0.236,3.26625,4.0,0.1626874115264457,2.1167182764910293
complete_simplex,385,0.16,0.1,0.74,0.2375,3.2625,4.0,0.16202030718212224,2.0574076497345777
complete_simplex,386,0.16,0.12,0.72,0.222,3.3075,4.0,0.17391614047144066,1.9855340853444845
complete_simplex,387,0.16,0.14,0.7,0.2185,3.37125,4.0,0.1879133165873435,1.9115591781278067
complete_simplex,388,0.16,0.16,0.68,0.2172050706795334,3.4314911002273765,4.0,0.20065406514900297,1.8388406984653727
complete_simplex,389,0.16,0.18,0.66,0.2155,3.48375,4.0,0.21236496364827717,1.7671520688653233
complete_simplex,390,0.16,0.2,0.64,0.2145,3.5325,4.0,0.22312191190973113,1.6964173895030945
complete_simplex,391,0.16,0.22,0.62,0.2135,3.5775,4.0,0.23292902148255265,1.626632548829498
complete_simplex,392,0.16,0.24,0.6,0.215,3.62625,4.0,0.24195833494711108,1.5576255042641645
complete_simplex,393,0.16,0.26,0.58,0.2135,3.66375,4.0,0.25019004711839105,1.4894160609921094
complete_simplex,394,0.16,0.28,0.56,0.2276073507002146,4.5,4.0,0.25074449148221534,1.4288838855275108
complete_simplex,395,0.16,0.3,0.54,0.2276073507002146,4.5,4.0,0.25074517870241086,1.3689054672065404
complete_simplex,396,0.16,0.32,0.52,0.2276073507002146,4.5,4.0,0.2507458659226064,1.3089270488855695
complete_simplex,397,0.16,0.34,0.5,0.2276073507002146,4.5,4.0,0.2507465531428019,1.2489486305645991
complete_simplex,398,0.16,0.36,0.48,0.2276073507002146,4.5,4.0,0.2507472403629974,1.188970212243629
complete_simplex,399,0.16,0.38,0.46,0.2276073507002146,4.5,4.0,0.2507479275831929,1.1289917939226586
complete_simplex,400,0.16,0.4,0.44,0.2276073507002146,4.5,4.0,0.25074861480338845,1.069013375601688
complete_simplex,401,0.16,0.42,0.42,0.2276073507002146,4.5,4.0,0.2507493020235839,1.0094541419513776
complete_simplex,402,0.16,0.44,0.4,0.2276073507002146,4.5,4.0,0.25074998924377945,1.0694511696815898
complete_simplex,403,0.16,0.46,0.38,0.2276073507002146,4.5,4.0,0.250750676463975,1.1294481974118025
complete_simplex,404,0.16,0.48,0.36,0.2276073507002146,4.5,4.0,0.25075136368417045,1.1894452251420142
complete_simplex,405,0.16,0.5,0.34,0.2275993538525749,4.5,4.0,0.2507520508857166,1.249442252890876
complete_simplex,406,0.16,0.52,0.32,0.2275993538525749,4.5,4.0,0.25075273805827375,1.309439280668727
complete_simplex,407,0.16,0.54,0.3,0.2275993538525749,4.5,4.0,0.25075342523083094,1.3694363084465775
complete_simplex,408,0.16,0.56,0.28,0.2275993538525749,4.5,4.0,0.25075411240338813,1.4294333362244285
complete_simplex,409,0.16,0.58,0.26,0.2275993538525749,4.5,4.0,0.25075479957594526,1.4894303640022786
complete_simplex,410,0.16,0.6,0.24,0.2275993538525749,4.5,4.0,0.25075548674850245,1.5494273917801291
complete_simplex,411,0.16,0.62,0.22,0.2275993538525749,4.5,4.0,0.25075617392105964,1.60942441955798
complete_simplex,412,0.16,0.64,0.2,0.2275993538525749,4.5,4.0,0.2507568610936168,1.6694214473358306
complete_simplex,413,0.16,0.66,0.18,0.2275993538525749,4.5,4.0,0.25075754826617397,1.7294184751136814
complete_simplex,414,0.16,0.68,0.16,0.2275993538525749,4.5,4.0,0.25075823543873116,1.7894155028915322
complete_simplex,415,0.16,0.7,0.14,0.2275993538525749,4.5,4.0,0.2507589226112883,1.8494125306693825
complete_simplex,416,0.16,0.72,0.12,0.2275993538525749,4.5,4.0,0.2507596097838455,1.909409558447233
complete_simplex,417,0.16,0.74,0.1,0.226,4.5,4.0,0.25080940228208676,1.9693574808993992
complete_simplex,418,0.16,0.76,0.08,0.2235,4.5,4.0,0.251079942219733,2.029084655912161
complete_simplex,419,0.16,0.78,0.06,0.2215,4.5,4.0,0.25146201413602315,2.088700298946279
complete_simplex,420,0.16,0.8,0.04,0.2195,4.5,4.0,0.25198735321575205,2.1481726748169585
complete_simplex,421,0.16,0.82,0.02,0.217931814223246,4.5,4.0,0.25249729780172825,2.2076604451813897
complete_simplex,422,0.16,0.84,0.0,0.216,4.5,4.0,0.2532408912164643,2.2669145667170616
complete_simplex,423,0.18,0.0,0.82,0.2364597604649956,3.261264810727709,4.0,0.18196201707285523,2.277370866480563
complete_simplex,424,0.18,0.02,0.8,0.2365,3.25875,4.0,0.1814390835495689,2.217916068903075
complete_simplex,425,0.18,0.04,0.78,0.238,3.255,4.0,0.18071805718927422,2.1586593641625935
complete_simplex,426,0.18,0.06,0.76,0.2365,3.255,4.0,0.18066348466347049,2.098736205587623
complete_simplex,427,0.18,0.08,0.74,0.2365,3.25125,4.0,0.1798893103585708,2.039532648791748
complete_simplex,428,0.18,0.1,0.72,0.2365,3.2475,4.0,0.1791193555809524,1.9803248724685913
complete_simplex,429,0.18,0.12,0.7,0.226,3.2625,4.0,0.18430366698895737,1.9151628299598111
complete_simplex,430,0.18,0.14,0.68,0.221,3.3225,4.0,0.19918986949627818,1.8402988963517157
complete_simplex,431,0.18,0.16,0.66,0.2185,3.37875,4.0,0.21304640074001224,1.7664646340072068
complete_simplex,432,0.18,0.18,0.64,0.2172050706795334,3.4314911002273765,4.0,0.22573469033793972,1.6937986133085041
complete_simplex,433,0.18,0.2,0.62,0.215,3.47625,4.0,0.23755279977472735,1.6220027727709416
complete_simplex,434,0.18,0.22,0.6,0.213,3.5175,4.0,0.2484640174530626,1.5511138239918314
complete_simplex,435,0.18,0.24,0.58,0.215,3.56625,4.0,0.25845116472783997,1.481148945616279
complete_simplex,436,0.18,0.26,0.56,0.214,3.60375,4.0,0.26781568452857407,1.4118066947147705
complete_simplex,437,0.18,0.28,0.54,0.215,3.645,4.0,0.27641964420982673,1.3432250039327427
complete_simplex,438,0.18,0.3,0.52,0.2276073507002146,4.5,4.0,0.2820870146327058,1.2775799024090886
complete_simplex,439,0.18,0.32,0.5,0.2276073507002146,4.5,4.0,0.28208770185290133,1.2176014840881182
complete_simplex,440,0.18,0.34,0.48,0.2276073507002146,4.5,4.0,0.28208838907309686,1.1576230657671478
complete_simplex,441,0.18,0.36,0.46,0.2276073507002146,4.5,4.0,0.28208907629329233,1.0976446474461774
complete_simplex,442,0.18,0.38,0.44,0.2276073507002146,4.5,4.0,0.28208976351348786,1.037666229125207
complete_simplex,443,0.18,0.4,0.42,0.2276073507002146,4.5,4.0,0.2820904507336834,0.9776878108042366
complete_simplex,444,0.18,0.42,0.4,0.2276073507002146,4.5,4.0,0.28209113795387886,0.9781063196134678
complete_simplex,445,0.18,0.44,0.38,0.2276073507002146,4.5,4.0,0.2820918251740744,1.03810334734368
complete_simplex,446,0.18,0.46,0.36,0.2276073507002146,4.5,4.0,0.2820925123942699,1.0981003750738925
complete_simplex,447,0.18,0.48,0.34,0.2276073507002146,4.5,4.0,0.28209319961446544,1.1580974028041044
complete_simplex,448,0.18,0.5,0.32,0.2276073507002146,4.5,4.0,0.2820938868346609,1.2180944305343169
complete_simplex,449,0.18,0.52,0.3,0.2276073507002146,4.5,4.0,0.28209457405485644,1.2780914582645293
complete_simplex,450,0.18,0.54,0.28,0.2276073507002146,4.5,4.0,0.28209526127505197,1.3380884859947415
complete_simplex,451,0.18,0.56,0.26,0.2276073507002146,4.5,4.0,0.28209594849524744,1.3980855137249542
complete_simplex,452,0.18,0.58,0.24,0.2276073507002146,4.5,4.0,0.28209663571544297,1.4580825414551661
complete_simplex,453,0.18,0.6,0.22,0.2276073507002146,4.5,4.0,0.2820973229356385,1.5180795691853783
complete_simplex,454,0.18,0.62,0.2,0.2275993538525749,4.5,4.0,0.2820980101365831,1.5780765969348416
complete_simplex,455,0.18,0.64,0.18,0.2275993538525749,4.5,4.0,0.2820986973091403,1.6380736247126921
complete_simplex,456,0.18,0.66,0.16,0.2275993538525749,4.5,4.0,0.2820993844816974,1.698070652490543
complete_simplex,457,0.18,0.68,0.14,0.2275993538525749,4.5,4.0,0.2821000716542546,1.7580676802683939
complete_simplex,458,0.18,0.7,0.12,0.2275993538525749,4.5,4.0,0.28210075882681174,1.818064708046244
complete_simplex,459,0.18,0.72,0.1,0.2275993538525749,4.5,4.0,0.2821014459993689,1.8780617358240952
complete_simplex,460,0.18,0.74,0.08,0.2275993538525749,4.5,4.0,0.2821021331719261,1.9380587636019455
complete_simplex,461,0.18,0.76,0.06,0.2275993538525749,4.5,4.0,0.28210282034448325,1.998055791379796
complete_simplex,462,0.18,0.78,0.04,0.2275993538525749,4.5,4.0,0.28210350751704044,2.0580528191576466
complete_simplex,463,0.18,0.8,0.02,0.2275993538525749,4.5,4.0,0.28210419468959763,2.118049846935498
complete_simplex,464,0.18,0.82,0.0,0.227,4.5,4.0,0.28211271519013786,2.178039041385365
complete_simplex,465,0.2,0.0,0.8,0.2365,3.2475,4.0,0.19900361430962654,2.2003455403766354
complete_simplex,466,0.2,0.02,0.78,0.2365,3.24375,4.0,0.19815249651097475,2.1412189270745117
complete_simplex,467,0.2,0.04,0.76,0.237,3.24,4.0,0.19730967899436802,2.082084013490344
complete_simplex,468,0.2,0.06,0.74,0.2385,3.23625,4.0,0.19654231249459708,2.02287364888934
complete_simplex,469,0.2,0.08,0.72,0.2395,3.2325,4.0,0.1960380616385394,1.9634001686446227
complete_simplex,470,0.2,0.1,0.7,0.2365,3.2325,4.0,0.1956311059477349,1.9038293932346517
complete_simplex,471,0.2,0.12,0.68,0.234,3.22875,4.0,0.19535711709085352,1.844125650990759
complete_simplex,472,0.2,0.14,0.66,0.223,3.2775,4.0,0.20993679626983774,1.7695682407109994
complete_simplex,473,0.2,0.16,0.64,0.22,3.33375,4.0,0.22462105914764827,1.694906246732414
complete_simplex,474,0.2,0.18,0.62,0.219,3.38625,4.0,0.2381749239362755,1.6213746508430118
complete_simplex,475,0.2,0.2,0.6,0.2172050706795334,3.4314911002273765,4.0,0.25081531552687647,1.5487565281516358
complete_simplex,476,0.2,0.22,0.58,0.2155,3.4725,4.0,0.2627292477905649,1.4768648647871723
complete_simplex,477,0.2,0.24,0.56,0.215,3.51375,4.0,0.27366933342227695,1.4059470480546858
complete_simplex,478,0.2,0.26,0.54,0.2155,3.555,4.0,0.2839293060766004,1.3357093442995875
complete_simplex,479,0.2,0.28,0.52,0.2155,3.5925,4.0,0.2935715601715249,1.266089359103888
complete_simplex,480,0.2,0.3,0.5,0.215,3.62625,4.0,0.3024465976797774,1.1972365904948603
complete_simplex,481,0.2,0.32,0.48,0.2125,3.6525,4.0,0.3108025529241878,1.1289029041496752
complete_simplex,482,0.2,0.34,0.46,0.2276073507002146,4.5,4.0,0.3134302250033918,1.0662975009696964
complete_simplex,483,0.2,0.36,0.44,0.2276073507002146,4.5,4.0,0.3134309122235873,1.006319082648726
complete_simplex,484,0.2,0.38,0.42,0.2276073507002146,4.5,4.0,0.3134315994437828,0.9463406643277554
complete_simplex,485,0.2,0.4,0.4,0.2276073507002146,4.5,4.0,0.3134322866639783,0.8867614695453458
complete_simplex,486,0.2,0.42,0.38,0.2276073507002146,4.5,4.0,0.31343297388417385,0.9467584972755578
complete_simplex,487,0.2,0.44,0.36,0.2276073507002146,4.5,4.0,0.3134336611043693,1.0067555250057703
complete_simplex,488,0.2,0.46,0.34,0.2276073507002146,4.5,4.0,0.31343434832456485,1.0667525527359825
complete_simplex,489,0.2,0.48,0.32,0.2276073507002146,4.5,4.0,0.3134350355447604,1.1267495804661947
complete_simplex,490,0.2,0.5,0.3,0.2276073507002146,4.5,4.0,0.31343572276495585,1.186746608196407
complete_simplex,491,0.2,0.52,0.28,0.2276073507002146,4.5,4.0,0.3134364099851514,1.2467436359266195
complete_simplex,492,0.2,0.54,0.26,0.2276073507002146,4.5,4.0,0.3134370972053469,1.306740663656832
complete_simplex,493,0.2,0.56,0.24,0.2276073507002146,4.5,4.0,0.3134377844255424,1.3667376913870442
complete_simplex,494,0.2,0.58,0.22,0.2276073507002146,4.5,4.0,0.3134384716457379,1.4267347191172561
complete_simplex,495,0.2,0.6,0.2,0.2276073507002146,4.5,4.0,0.31343915886593343,1.4867317468474686
complete_simplex,496,0.2,0.62,0.18,0.2276073507002146,4.5,4.0,0.3134398460861289,1.546728774577681
complete_simplex,497,0.2,0.64,0.16,0.2276073507002146,4.5,4.0,0.31344053330632443,1.6067258023078934
complete_simplex,498,0.2,0.66,0.14,0.2276073507002146,4.5,4.0,0.31344122052651996,1.6667228300381054
complete_simplex,499,0.2,0.68,0.12,0.2276073507002146,4.5,4.0,0.3134419077467155,1.726719857768318
complete_simplex,500,0.2,0.7,0.1,0.2276073507002146,4.5,4.0,0.31344259496691096,1.7867168854985298
complete_simplex,501,0.2,0.72,0.08,0.2276073507002146,4.5,4.0,0.3134432821871065,1.8467139132287427
complete_simplex,502,0.2,0.74,0.06,0.2275993538525749,4.5,4.0,0.31344396938744956,1.906710940978807
complete_simplex,503,0.2,0.76,0.04,0.2275993538525749,4.5,4.0,0.31344465656000675,1.966707968756658
complete_simplex,504,0.2,0.78,0.02,0.2275993538525749,4.5,4.0,0.3134453437325639,2.0267049965345083
complete_simplex,505,0.2,0.8,0.0,0.2275993538525749,4.5,4.0,0.3134460309051211,2.0867020243123595
complete_simplex,506,0.22,0.0,0.78,0.2365,3.2325,4.0,0.21517650995118398,2.124188915867921
complete_simplex,507,0.22,0.02,0.76,0.237,3.22875,4.0,0.21426035232023238,2.065127342398098
complete_simplex,508,0.22,0.04,0.74,0.2375,3.225,4.0,0.2133591146494243,2.006050848968131
complete_simplex,509,0.22,0.06,0.72,0.238,3.22125,4.0,0.21247291517331152,1.9469593173434687
complete_simplex,510,0.22,0.08,0.7,0.2385,3.2175,4.0,0.2116198215949533,1.8878346798210521
complete_simplex,511,0.22,0.1,0.68,0.239,3.21375,4.0,0.21074610371589814,1.8287306665993326
complete_simplex,512,0.22,0.12,0.66,0.239,3.21,4.0,0.20985137467160997,1.7696476645428456
complete_simplex,513,0.22,0.14,0.64,0.224,3.23625,4.0,0.2199811782006423,1.6995401299130386
complete_simplex,514,0.22,0.16,0.62,0.2215,3.2925,4.0,0.2353549849797783,1.6241885920331274
complete_simplex,515,0.22,0.18,0.6,0.2205,3.345,4.0,0.2497499247141279,1.5498159211980027
complete_simplex,516,0.22,0.2,0.58,0.2185,3.39,4.0,0.26337676079337036,1.4762113540179853
complete_simplex,517,0.22,0.22,0.56,0.2172050706795334,3.4314911002273765,4.0,0.2758959407158132,1.403714442994768
complete_simplex,518,0.22,0.24,0.54,0.2155,3.46875,4.0,0.2877798950463075,1.3318527575634986
complete_simplex,519,0.22,0.26,0.52,0.215,3.50625,4.0,0.298906662128243,1.2607482593807882
complete_simplex,520,0.22,0.28,0.5,0.2144984345116586,3.5415853945110407,4.0,0.3092772407322311,1.1903999496760251
complete_simplex,521,0.22,0.3,0.48,0.215,3.5775,4.0,0.319065453575826,1.1206340057316555
complete_simplex,522,0.22,0.32,0.46,0.214,3.6075,4.0,0.3282548021937832,1.0514669260129235
complete_simplex,523,0.22,0.34,0.44,0.2135,3.6375,4.0,0.33689655694765885,0.9828474401582726
complete_simplex,524,0.22,0.36,0.42,0.2276073507002146,4.5,4.0,0.3447727481538822,0.9149935178512745
complete_simplex,525,0.22,0.38,0.4,0.2276073507002146,4.5,4.0,0.3447734353740777,0.8550150995303043
complete_simplex,526,0.22,0.4,0.38,0.2276073507002146,4.5,4.0,0.3447741225942732,0.8554136472074362
complete_simplex,527,0.22,0.42,0.36,0.2276073507002146,4.5,4.0,0.34477480981446873,0.915410674937648
complete_simplex,528,0.22,0.44,0.34,0.2276073507002146,4.5,4.0,0.3447754970346642,0.9754077026678605
complete_simplex,529,0.22,0.46,0.32,0.2276073507002146,4.5,4.0,0.34477618425485973,1.035404730398073
complete_simplex,530,0.22,0.48,0.3,0.2276073507002146,4.5,4.0,0.34477687147505526,1.095401758128285
complete_simplex,531,0.22,0.5,0.28,0.2085,4.5,6.0,0.3419931728709658,1.1581831716827822
complete_simplex,532,0.22,0.52,0.26,0.2010966496004539,4.5,6.0,0.3342280517318371,1.2259460077723188
complete_simplex,533,0.22,0.54,0.24,0.1944743704521894,4.5,6.0,0.32737222909747365,1.2927995453570902
complete_simplex,534,0.22,0.56,0.22,0.1870231483912201,4.5,6.0,0.32041616797737954,1.3597533214275923
complete_simplex,535,0.22,0.58,0.2,0.181,4.5,6.0,0.3170038896498219,1.4231633147055573
complete_simplex,536,0.22,0.6,0.18,0.178976050230504,4.5,6.0,0.32316124319349,1.4770036761122969
complete_simplex,537,0.22,0.62,0.16,0.1767446323417184,4.5,6.0,0.3288134797564898,1.531349154499705
complete_simplex,538,0.22,0.64,0.14,0.1748769944968108,4.5,6.0,0.33484133239161923,1.5853190168149836
complete_simplex,539,0.22,0.66,0.12,0.173,4.5,6.0,0.3408400278044985,1.6393180363525122
complete_simplex,540,0.22,0.68,0.1,0.2276073507002146,4.5,4.0,0.34478374367701037,1.6953720354304083
complete_simplex,541,0.22,0.7,0.08,0.2276073507002146,4.5,4.0,0.34478443089720584,1.75536906316062
complete_simplex,542,0.22,0.72,0.06,0.2276073507002146,4.5,4.0,0.34478511811740137,1.815366090890833
complete_simplex,543,0.22,0.74,0.04,0.2276073507002146,4.5,4.0,0.3447858053375969,1.8753631186210447
complete_simplex,544,0.22,0.76,0.02,0.2276073507002146,4.5,4.0,0.34478649255779237,1.9353601463512575
complete_simplex,545,0.22,0.78,0.0,0.2276073507002146,4.5,4.0,0.3447871797779879,1.99535717408147
complete_simplex,546,0.24,0.0,0.76,0.2375,3.2175,4.0,0.23076815347464125,2.0486135434773076
complete_simplex,547,0.24,0.02,0.74,0.238,3.21375,4.0,0.22980992500292782,1.9895940408482458
complete_simplex,548,0.24,0.04,0.72,0.239,3.21,4.0,0.2289134459243919,1.930512788826007
complete_simplex,549,0.24,0.06,0.7,0.239,3.20625,4.0,0.2279435859465389,1.8715049177030847
complete_simplex,550,0.24,0.08,0.68,0.239,3.2025,4.0,0.22698032349991598,1.812490449048933
complete_simplex,551,0.24,0.1,0.66,0.2385,3.19875,4.0,0.225984432817788,1.7535086086302858
complete_simplex,552,0.24,0.12,0.64,0.238,3.195,4.0,0.22501325502296585,1.6945020553243333
complete_simplex,553,0.24,0.14,0.62,0.229,3.20625,4.0,0.22972664393550984,1.6298109353110142
complete_simplex,554,0.24,0.16,0.6,0.223,3.255,4.0,0.2456299560525955,1.5539298920931537
complete_simplex,555,0.24,0.18,0.58,0.222,3.3075,4.0,0.26086409883593203,1.478718018209042
complete_simplex,556,0.24,0.2,0.56,0.22,3.3525,4.0,0.2750123017286358,1.404592084215564
complete_simplex,557,0.24,0.22,0.54,0.2185,3.39375,4.0,0.28845098560368787,1.3311756692397367
complete_simplex,558,0.24,0.24,0.52,0.2172050706795334,3.4314911002273765,4.0,0.3009765659047499,1.2586723578378998
complete_simplex,559,0.24,0.26,0.5,0.2189330101863049,3.474212391163765,4.0,0.31297383416601626,1.1866973584758584
complete_simplex,560,0.24,0.28,0.48,0.2145,3.49875,4.0,0.32409014218759985,1.1156033193534998
complete_simplex,561,0.24,0.3,0.46,0.2145,3.5325,4.0,0.3346799339824426,1.0450357964578822
complete_simplex,562,0.24,0.32,0.44,0.215,3.56625,4.0,0.3445998813329533,0.9751381180065967
complete_simplex,563,0.24,0.34,0.42,0.2135,3.5925,4.0,0.35406704256376054,0.9056932256750146
complete_simplex,564,0.24,0.36,0.4,0.215,3.62625,4.0,0.3629348604124435,0.8368476767255569
complete_simplex,565,0.24,0.38,0.38,0.213,3.64875,4.0,0.3712889150366988,0.7688951534069876
complete_simplex,566,0.24,0.4,0.36,0.2276073507002146,4.5,4.0,0.3761159585245681,0.8240658248695263
complete_simplex,567,0.24,0.42,0.34,0.2276073507002146,4.5,4.0,0.3761166457447636,0.8840628525997385
complete_simplex,568,0.24,0.44,0.32,0.2249317396262705,4.5,6.0,0.3709285434720083,0.9492486698229013
complete_simplex,569,0.24,0.46,0.3,0.2195,4.5,6.0,0.34989723967214453,1.0302776885731733
complete_simplex,570,0.24,0.48,0.28,0.2114239394155163,4.5,6.0,0.33687773724679276,1.1032949059489325
complete_simplex,571,0.24,0.5,0.26,0.2035673305392526,4.5,6.0,0.3280976557133996,1.1720727024327335
complete_simplex,572,0.24,0.52,0.24,0.1965,4.5,6.0,0.3205100157537504,1.2396580573427909
complete_simplex,573,0.24,0.54,0.22,0.191,4.5,6.0,0.31840543031952806,1.3017603577274208
complete_simplex,574,0.24,0.56,0.2,0.1885,4.5,6.0,0.3242544080910566,1.3559090949063004
complete_simplex,575,0.24,0.58,0.18,0.1865,4.5,6.0,0.33026320248832125,1.4098980154594432
complete_simplex,576,0.24,0.6,0.16,0.1843429565776892,4.5,6.0,0.33612947067205134,1.464029462226121
complete_simplex,577,0.24,0.62,0.14,0.1822896178271306,4.5,6.0,0.342073709919497,1.5180829379290832
complete_simplex,578,0.24,0.64,0.12,0.1802716113405559,4.5,6.0,0.3479332238601135,1.5722211389388745
complete_simplex,579,0.24,0.66,0.1,0.1785,4.5,6.0,0.3542503464238638,1.625901731325532
complete_simplex,580,0.24,0.68,0.08,0.1765,4.5,6.0,0.35983063246023983,1.6803191602395637
complete_simplex,581,0.24,0.7,0.06,0.1746156031408761,4.5,6.0,0.36555111151995795,1.734596396130253
complete_simplex,582,0.24,0.72,0.04,0.173,4.5,6.0,0.3718102588184583,1.788334963782161
complete_simplex,583,0.24,0.74,0.02,0.2276073507002146,4.5,4.0,0.3761276412678918,1.8440152962831349
complete_simplex,584,0.24,0.76,0.0,0.2276073507002146,4.5,4.0,0.3761283284880873,1.9040123240133475
complete_simplex,585,0.26,0.0,0.74,0.2405,3.2025,4.0,0.24640606682751812,1.972991901257274
complete_simplex,586,0.26,0.02,0.72,0.239012854257923,3.199449377087153,4.0,0.24503874890311877,1.9143814880808985
complete_simplex,587,0.26,0.04,0.7,0.241,3.195,4.0,0.24453005595018615,1.8549124499330556
complete_simplex,588,0.26,0.06,0.68,0.241,3.19125,4.0,0.24321631498445473,1.7962484597980128
complete_simplex,589,0.26,0.08,0.66,0.24,3.1875,4.0,0.24189730642760482,1.7375897372540874
complete_simplex,590,0.26,0.1,0.64,0.239,3.18375,4.0,0.2407720528400672,1.6787372597408503
complete_simplex,591,0.26,0.12,0.62,0.238,3.18,4.0,0.23972425201085357,1.619807329469289
complete_simplex,592,0.26,0.14,0.6,0.2345,3.18,4.0,0.24002797458960282,1.5595258757897645
complete_simplex,593,0.26,0.16,0.58,0.2245,3.22125,4.0,0.2554879421104692,1.4840881771681231
complete_simplex,594,0.26,0.18,0.56,0.222,3.27,4.0,0.2713296391257509,1.4082687490520671
complete_simplex,595,0.26,0.2,0.54,0.2215,3.31875,4.0,0.2861565888648729,1.3334640682121701
complete_simplex,596,0.26,0.22,0.52,0.22,3.36,4.0,0.3003269884674553,1.2593159375088128
complete_simplex,597,0.26,0.24,0.5,0.2175,3.39375,4.0,0.3136538382847265,1.1860113565907664
complete_simplex,598,0.26,0.26,0.48,0.2172050706795334,3.4314911002273765,4.0,0.32605719109368664,1.1136302726810314
complete_simplex,599,0.26,0.28,0.46,0.215,3.46125,4.0,0.3380261735140711,1.0416835591598723
complete_simplex,600,0.26,0.3,0.44,0.2165,3.49875,4.0,0.34926795573955205,0.9704640458336163
complete_simplex,601,0.26,0.32,0.42,0.2145,3.525,4.0,0.3599302367157029,0.8998240337566905
complete_simplex,602,0.26,0.34,0.4,0.2145,3.555,4.0,0.37007260153092525,0.8297039378406934
complete_simplex,603,0.26,0.36,0.38,0.2135,3.58125,4.0,0.37968628114093345,0.7601125271299103
complete_simplex,604,0.26,0.38,0.36,0.2145,3.61125,4.0,0.38878797136130755,0.751390110674764
complete_simplex,605,0.26,0.4,0.34,0.2249317396262705,4.5,6.0,0.39410671877550624,0.8060690782109732
complete_simplex,606,0.26,0.42,0.32,0.2249317396262705,4.5,6.0,0.3709290650546169,0.8892444468822702
complete_simplex,607,0.26,0.44,0.3,0.2239122915257003,4.5,6.0,0.34782843264778524,0.9723427942395098
complete_simplex,608,0.26,0.46,0.28,0.2145,4.5,6.0,0.33216553292534634,1.0480034089123567
complete_simplex,609,0.26,0.48,0.26,0.2063165821632989,4.499999999999999,6.0,0.3219409712950337,1.1182256854930768
complete_simplex,610,0.26,0.5,0.24,0.2005,4.5,6.0,0.31880869751674945,1.1813556742217688
complete_simplex,611,0.26,0.52,0.22,0.198,4.5,6.0,0.325040781567805,1.2351213051211212
complete_simplex,612,0.26,0.54,0.2,0.1957059857558834,4.5,6.0,0.33101397952231487,1.2891458221170193
complete_simplex,613,0.26,0.56,0.18,0.1935,4.5,6.0,0.33697948234990677,1.3431780342398354
complete_simplex,614,0.26,0.58,0.16,0.1915,4.5,6.0,0.3433343052315565,1.396820926308593
complete_simplex,615,0.26,0.6,0.14,0.1892580628783082,4.5,6.0,0.3490323360880885,1.4511206104024688
complete_simplex,616,0.26,0.62,0.12,0.1871950783010619,4.5,6.0,0.3551573360402777,1.5049933254006875
complete_simplex,617,0.26,0.64,0.1,0.1851668971539313,4.5,6.0,0.36133868849496203,1.558809687896411
complete_simplex,618,0.26,0.66,0.08,0.1832230505249713,4.5,6.0,0.3674059547914848,1.612740136550296
complete_simplex,619,0.26,0.68,0.06,0.1815,4.5,6.0,0.37299352353263937,1.6671502827595497
complete_simplex,620,0.26,0.7,0.04,0.1795,4.5,6.0,0.37939773880752015,1.7207437824350764
complete_simplex,621,0.26,0.72,0.02,0.1778446193240166,4.5,6.0,0.3848782788423358,1.7752609573506686
complete_simplex,622,0.26,0.74,0.0,0.1762001203617399,4.5,6.0,0.3907396174993581,1.8293973336440537
complete_simplex,623,0.28,0.0,0.72,0.2375,3.19125,4.0,0.2613832195498508,1.8980310196677848
complete_simplex,624,0.28,0.02,0.7,0.2375,3.1875,4.0,0.26029742086115437,1.839139087255706
complete_simplex,625,0.28,0.04,0.68,0.2375,3.18375,4.0,0.2592198282561109,1.780238948759975
complete_simplex,626,0.28,0.06,0.66,0.2375,3.18,4.0,0.25815053916762815,1.7213305067476825
complete_simplex,627,0.28,0.08,0.64,0.2415,3.1725,4.0,0.25676034957995786,1.6627429652345782
complete_simplex,628,0.28,0.1,0.62,0.24,3.16875,4.0,0.25512887316904914,1.6043967105447117
complete_simplex,629,0.28,0.12,0.6,0.2385,3.165,4.0,0.2539571286833563,1.5455907239296294
complete_simplex,630,0.28,0.14,0.58,0.238,3.16125,4.0,0.2529196729966044,1.4866504485156065
complete_simplex,631,0.28,0.16,0.56,0.2265,3.19125,4.0,0.26514600004354427,1.414446390367892
complete_simplex,632,0.28,0.18,0.54,0.224,3.24,4.0,0.2814116904291258,1.3382029688815356
complete_simplex,633,0.28,0.2,0.52,0.222,3.285,4.0,0.2967721676364206,1.2628647605734657
complete_simplex,634,0.28,0.22,0.5,0.2205,3.32625,4.0,0.31150744563249133,1.18815175147662
complete_simplex,635,0.28,0.24,0.48,0.2195,3.36375,4.0,0.3255701740530599,1.1141112919552767
complete_simplex,636,0.28,0.26,0.46,0.219,3.40125,4.0,0.3387351917790955,1.0409685431284663
complete_simplex,637,0.28,0.28,0.44,0.2172050706795334,3.4314911002273765,4.0,0.3511378162826234,0.9685881875241632
complete_simplex,638,0.28,0.3,0.42,0.216,3.46125,4.0,0.36314879241418224,0.8965994802918296
complete_simplex,639,0.28,0.32,0.4,0.2155,3.49125,4.0,0.3744552276662054,0.8253153139390317
complete_simplex,640,0.28,0.34,0.38,0.217,3.525,4.0,0.3852486694975797,0.7545441410068825
complete_simplex,641,0.28,0.36,0.36,0.2135,3.54375,4.0,0.39557394778226057,0.6846004328957882
complete_simplex,642,0.28,0.38,0.34,0.2249317396262705,4.5,6.0,0.3941072403581148,0.7460648552703419
complete_simplex,643,0.28,0.4,0.32,0.2249317396262705,4.5,6.0,0.3709295866372255,0.8292402239416392
complete_simplex,644,0.28,0.42,0.3,0.2249317396262705,4.5,6.0,0.3477519329163361,0.912415592612936
complete_simplex,645,0.28,0.44,0.28,0.2178963573071295,4.5,6.0,0.3280808706239372,0.9920843698557428
complete_simplex,646,0.28,0.46,0.26,0.2105,4.5,6.0,0.3201333345327267,1.0600296208973614
complete_simplex,647,0.28,0.48,0.24,0.2076469440994266,4.5,6.0,0.3259623844670756,1.11419828591342
complete_simplex,648,0.28,0.5,0.22,0.205,4.5,6.0,0.3320657225639899,1.1680926627669135
complete_simplex,649,0.28,0.52,0.2,0.2025,4.5,6.0,0.33818595380678745,1.2219701464745238
complete_simplex,650,0.28,0.54,0.18,0.2004750972079673,4.5,6.0,0.3440724648750583,1.2760813503566608
complete_simplex,651,0.28,0.56,0.16,0.198,4.5,6.0,0.3500337832014754,1.330117746980652
complete_simplex,652,0.28,0.58,0.14,0.196,4.5,6.0,0.3560112098245558,1.3841380353079789
complete_simplex,653,0.28,0.6,0.12,0.194,4.5,6.0,0.36233871918684724,1.4378082408960953
complete_simplex,654,0.28,0.62,0.1,0.192,4.5,6.0,0.36846143429259365,1.4916832407407568
complete_simplex,655,0.28,0.64,0.08,0.1897963921095481,4.5,6.0,0.37417873548800196,1.5459636544957562
complete_simplex,656,0.28,0.66,0.06,0.188,4.5,6.0,0.3801377865597844,1.6000023183743817
complete_simplex,657,0.28,0.68,0.04,0.1861114910480337,4.5,6.0,0.38603825427384647,1.6540995656107276
complete_simplex,658,0.28,0.7,0.02,0.1843429565776892,4.5,6.0,0.3921261382800499,1.7080093965549317
complete_simplex,659,0.28,0.72,0.0,0.1825,4.5,6.0,0.3981238565992042,1.7620093931861855
complete_simplex,660,0.3,0.0,0.7,0.2395,3.17625,4.0,0.27554164127970643,1.8238888690707722
complete_simplex,661,0.3,0.02,0.68,0.239,3.1725,4.0,0.27435440036978664,1.7650983788799175
complete_simplex,662,0.3,0.04,0.66,0.2385,3.16875,4.0,0.2731989471959697,1.7062761009529592
complete_simplex,663,0.3,0.06,0.64,0.238,3.165,4.0,0.2720752808446393,1.647422036203515
complete_simplex,664,0.3,0.08,0.62,0.238,3.16125,4.0,0.2709729563843619,1.5885466295630173
complete_simplex,665,0.3,0.1,0.6,0.241,3.15375,4.0,0.2690707512619415,1.5304711035846628
complete_simplex,666,0.3,0.12,0.58,0.2385,3.15,4.0,0.26772032205042895,1.4718438016954003
complete_simplex,667,0.3,0.14,0.56,0.2385,3.14625,4.0,0.2666541820522677,1.412932210592787
complete_simplex,668,0.3,0.16,0.54,0.228,3.16125,4.0,0.27436235677162146,1.3452463047726582
complete_simplex,669,0.3,0.18,0.52,0.225,3.21,4.0,0.29106164464677836,1.2685692857967263
complete_simplex,670,0.3,0.2,0.5,0.223,3.255,4.0,0.3070302212595877,1.192622978083142
complete_simplex,671,0.3,0.22,0.48,0.2215,3.29625,4.0,0.32223385177207853,1.1174416164698764
complete_simplex,672,0.3,0.24,0.46,0.22,3.33375,4.0,0.3369227501701894,1.0427749869709906
complete_simplex,673,0.3,0.26,0.44,0.2206615691514306,3.372695539050833,4.0,0.35066976756000195,0.9690502384804032
complete_simplex,674,0.3,0.28,0.42,0.218,3.40125,4.0,0.36388555712130094,0.8958567178183294
complete_simplex,675,0.3,0.3,0.4,0.2172050706795334,3.4314911002273765,4.0,0.3762184414715601,0.8235461023672954
complete_simplex,676,0.3,0.32,0.38,0.2155,3.4575,4.0,0.3884057018203487,0.7513811109177316
complete_simplex,677,0.3,0.34,0.36,0.217,3.49125,4.0,0.3995887619327679,0.6802203197045376
complete_simplex,678,0.3,0.36,0.34,0.2249317396262705,4.5,6.0,0.39410776194072333,0.6860606323297107
complete_simplex,679,0.3,0.38,0.32,0.2249317396262705,4.5,6.0,0.370930108219834,0.7692360010010078
complete_simplex,680,0.3,0.4,0.3,0.2249317396262705,4.5,6.0,0.34775245449894465,0.8524113696723051
complete_simplex,681,0.3,0.42,0.28,0.2216654048048889,4.5,6.0,0.32530628176384746,0.9348552573578099
complete_simplex,682,0.3,0.44,0.26,0.2178963573071295,4.5,6.0,0.32811315742861846,0.9920460966434468
complete_simplex,683,0.3,0.46,0.24,0.215,4.5,6.0,0.333722917524754,1.046434051497719
complete_simplex,684,0.3,0.48,0.22,0.2121772685789945,4.5,6.0,0.33921577326318203,1.1009389107096987
complete_simplex,685,0.3,0.5,0.2,0.2095,4.5,6.0,0.34491383936073466,1.1552385595625538
complete_simplex,686,0.3,0.52,0.18,0.207,4.5,6.0,0.3507957233116118,1.2093543905620847
complete_simplex,687,0.3,0.54,0.16,0.2045,4.5,6.0,0.3570580404932317,1.2630897883308727
complete_simplex,688,0.3,0.56,0.14,0.2025,4.5,6.0,0.3630390120317118,1.3171065317428006
complete_simplex,689,0.3,0.58,0.12,0.2,4.5,6.0,0.36924720211819656,1.3708960566067232
complete_simplex,690,0.3,0.6,0.1,0.198,4.5,6.0,0.3750267848351456,1.425114188840182
complete_simplex,691,0.3,0.62,0.08,0.196,4.5,6.0,0.3810199109025686,1.479118777723167
complete_simplex,692,0.3,0.64,0.06,0.194,4.5,6.0,0.3872199339342094,1.532916469641934
complete_simplex,693,0.3,0.66,0.04,0.192,4.5,6.0,0.3936202078793708,1.5865139106471804
complete_simplex,694,0.3,0.68,0.02,0.190485127132904,4.5,6.0,0.39929724640331155,1.6408345870736476
complete_simplex,695,0.3,0.7,0.0,0.1885,4.5,6.0,0.4052821234678121,1.6948474249595544
complete_simplex,696,0.32,0.0,0.68,0.238,3.165,4.0,0.2902022745125489,1.7492445069707738
complete_simplex,697,0.32,0.02,0.66,0.238,3.16125,4.0,0.28902623977211944,1.690442810610428
complete_simplex,698,0.32,0.04,0.64,0.241,3.15375,4.0,0.2869968389020783,1.6324944803796944
complete_simplex,699,0.32,0.06,0.62,0.239,3.15,4.0,0.2855743287243133,1.5739392594566843
complete_simplex,700,0.32,0.08,0.6,0.2385,3.14625,4.0,0.28441882186699063,1.515117035213232
complete_simplex,701,0.32,0.1,0.58,0.242,3.13875,4.0,0.28271303640401496,1.4568450895754326
complete_simplex,702,0.32,0.12,0.56,0.239,3.135,4.0,0.28107512471815804,1.3985052701605152
complete_simplex,703,0.32,0.14,0.54,0.2404075065306343,3.128839694115445,4.0,0.27938564445070446,1.3402170193271936
complete_simplex,704,0.32,0.16,0.52,0.2305,3.135,4.0,0.28348338712888665,1.2761415455482366
complete_simplex,705,0.32,0.18,0.5,0.2255,3.18,4.0,0.30060920624392035,1.1990379953324277
complete_simplex,706,0.32,0.2,0.48,0.2245,3.22875,4.0,0.3169696456397553,1.122699824835818
complete_simplex,707,0.32,0.22,0.46,0.223,3.27,4.0,0.33272329462734884,1.0469684447474497
complete_simplex,708,0.32,0.24,0.44,0.222,3.3075,4.0,0.34781205720042335,0.9719019510736002
complete_simplex,709,0.32,0.26,0.42,0.2214788504840721,3.3441341051031594,4.0,0.3620341974907152,0.8977020796825333
complete_simplex,710,0.32,0.28,0.4,0.2185,3.37125,4.0,0.37581269148454177,0.823945854587932
complete_simplex,711,0.32,0.3,0.38,0.2175,3.40125,4.0,0.3889294593995167,0.7508513555721821
complete_simplex,712,0.32,0.32,0.36,0.2172050706795334,3.4314911002273765,4.0,0.4012990666604968,0.6785040172104271
complete_simplex,713,0.32,0.34,0.34,0.2249317396262705,4.5,6.0,0.3941082835233319,0.6260564093890795
complete_simplex,714,0.32,0.36,0.32,0.2249317396262705,4.5,6.0,0.37093062980244257,0.7092317780603765
complete_simplex,715,0.32,0.38,0.3,0.2249317396262705,4.5,6.0,0.3477529760815532,0.7924071467316738
complete_simplex,716,0.32,0.4,0.28,0.2295,4.5,6.0,0.33437547148312796,0.8657823662805069
complete_simplex,717,0.32,0.42,0.26,0.2255842493438246,4.499999999999998,6.0,0.33816922059414134,0.9219863321199011
complete_simplex,718,0.32,0.44,0.24,0.2225,4.5,6.0,0.3430079465600457,0.9771453211044046
complete_simplex,719,0.32,0.46,0.22,0.2191257732727781,4.5,6.0,0.3477843912064243,1.0323665914084341
complete_simplex,720,0.32,0.48,0.2,0.2165,4.5,6.0,0.35318024400239434,1.0869684535628716
complete_simplex,721,0.32,0.5,0.18,0.2135384125402995,4.5,6.0,0.3586577442157173,1.1414886682999563
complete_simplex,722,0.32,0.52,0.16,0.211,4.5,6.0,0.3643362314960783,1.1958078959700034
complete_simplex,723,0.32,0.54,0.14,0.2085,4.5,6.0,0.3703600773853793,1.2497817650311103
complete_simplex,724,0.32,0.56,0.12,0.2065,4.5,6.0,0.3759474855307329,1.3041920718361646
complete_simplex,725,0.32,0.58,0.1,0.2040373673727001,4.5,6.0,0.38213303210298555,1.3580042402143193
complete_simplex,726,0.32,0.6,0.08,0.202,4.5,6.0,0.3879249867585052,1.4122100005092073
complete_simplex,727,0.32,0.62,0.06,0.2,4.5,6.0,0.39385495221849964,1.466277749999621
complete_simplex,728,0.32,0.64,0.04,0.198,4.5,6.0,0.40001978646881603,1.5201106306997125
complete_simplex,729,0.32,0.66,0.02,0.1961935386622409,4.5,6.0,0.40578389344051424,1.574344238678422
complete_simplex,730,0.32,0.68,0.0,0.1944743704521894,4.5,6.0,0.41221098311351717,1.627914863955827
complete_simplex,731,0.34,0.0,0.66,0.2395,3.15,4.0,0.303450501122955,1.6760125514932107
complete_simplex,732,0.34,0.02,0.64,0.2385,3.14625,4.0,0.30218346168171356,1.6173018598336775
complete_simplex,733,0.34,0.04,0.62,0.2385,3.1425,4.0,0.30098598115923675,1.558521609255379
complete_simplex,734,0.34,0.06,0.6,0.2415,3.135,4.0,0.2989697036771564,1.5005601556366845
complete_simplex,735,0.34,0.08,0.58,0.239,3.13125,4.0,0.2974644120201558,1.4420877161929102
complete_simplex,736,0.34,0.1,0.56,0.2435,3.12375,4.0,0.29607034747228694,1.3835040496400046
complete_simplex,737,0.34,0.12,0.54,0.2395,3.12,4.0,0.2940508096911796,1.3255458563203368
complete_simplex,738,0.34,0.14,0.52,0.2404105931983237,3.113410374684605,4.0,0.29215761573893956,1.2674613191718018
complete_simplex,739,0.34,0.16,0.5,0.234,3.1125,4.0,0.29314530796602156,1.206495895843945
complete_simplex,740,0.34,0.18,0.48,0.228,3.1575,4.0,0.30975055237390225,1.1299129203352893
complete_simplex,741,0.34,0.2,0.46,0.2255,3.2025,4.0,0.32663270169690617,1.0530530399115108
complete_simplex,742,0.34,0.22,0.44,0.224,3.24375,4.0,0.3427081550743852,0.9769998554332566
complete_simplex,743,0.34,0.24,0.42,0.2225,3.28125,4.0,0.35833437547291525,0.9013959039339517
complete_simplex,744,0.34,0.26,0.4,0.221,3.315,4.0,0.37318334207883896,0.8265692062272533
complete_simplex,745,0.34,0.28,0.38,0.2195,3.345,4.0,0.3874609224270206,0.7523138947782966
complete_simplex,746,0.34,0.3,0.36,0.2185,3.375,4.0,0.40105002627123043,0.6787470598333116
complete_simplex,747,0.34,0.32,0.34,0.2249317396262705,4.5,6.0,0.39410880510594043,0.6261891086669895
complete_simplex,748,0.34,0.34,0.32,0.2249317396262705,4.5,6.0,0.3709311513850511,0.6493658345097544
complete_simplex,749,0.34,0.36,0.3,0.2325,4.5,6.0,0.3523656389814365,0.7277907824737677
complete_simplex,750,0.34,0.38,0.28,0.2385,4.5,6.0,0.34994089600659734,0.7902132403990147
complete_simplex,751,0.34,0.4,0.26,0.2340995299006754,4.5,6.0,0.35138246652445426,0.8487693848315658
complete_simplex,752,0.34,0.42,0.24,0.23,4.5,6.0,0.3543735845649337,0.9057759817414941
complete_simplex,753,0.34,0.44,0.22,0.2265,4.5,6.0,0.35813515637646204,0.9620121248803732
complete_simplex,754,0.34,0.46,0.2,0.2235,4.5,6.0,0.36221242075574395,1.0179325754514994
complete_simplex,755,0.34,0.48,0.18,0.2205,4.5,6.0,0.36705037585843026,1.0730923352992208
complete_simplex,756,0.34,0.5,0.16,0.2175,4.5,6.0,0.37262360016133933,1.1275168259467194
complete_simplex,757,0.34,0.52,0.14,0.215,4.5,6.0,0.3778111257928736,1.1823270152655934
complete_simplex,758,0.34,0.54,0.12,0.2125,4.5,6.0,0.38347687200748737,1.2366589840013873
complete_simplex,759,0.34,0.56,0.1,0.21,4.5,6.0,0.38960612712538495,1.2905274438338976
complete_simplex,760,0.34,0.58,0.08,0.208,4.5,6.0,0.3948331539785984,1.3452981319310915
complete_simplex,761,0.34,0.6,0.06,0.2058957442686004,4.5,6.0,0.400645930839126,1.399483070020972
complete_simplex,762,0.34,0.62,0.04,0.2039342756892223,4.5,6.0,0.40694284471395636,1.4531838710965492
complete_simplex,763,0.34,0.64,0.02,0.202,4.5,6.0,0.4131045722417913,1.5070198585191221
complete_simplex,764,0.34,0.66,0.0,0.1999704256521994,4.5,6.0,0.418711416640461,1.5614107290708603
complete_simplex,765,0.36,0.0,0.64,0.2385,3.13875,4.0,0.3174239130477796,1.6020554107012297
complete_simplex,766,0.36,0.02,0.62,0.2415,3.13125,4.0,0.31529461862495267,1.5442069740232816
complete_simplex,767,0.36,0.04,0.6,0.2395,3.1275,4.0,0.31375159711878,1.4857722644286793
complete_simplex,768,0.36,0.06,0.58,0.239,3.12375,4.0,0.3125188211857875,1.427027309260897
complete_simplex,769,0.36,0.08,0.56,0.2405,3.11625,4.0,0.31023963345341427,1.3693287658924955
complete_simplex,770,0.36,0.1,0.54,0.2404419499255741,3.110246750915058,4.0,0.30847021932323276,1.3111204489219022
complete_simplex,771,0.36,0.12,0.52,0.2395,3.105,4.0,0.3066617272323466,1.2529512099120133
complete_simplex,772,0.36,0.14,0.5,0.2415,3.0975,4.0,0.3046069167650375,1.1950282892785475
complete_simplex,773,0.36,0.16,0.48,0.2395,3.09375,4.0,0.3032944065620395,1.1363630683807704
complete_simplex,774,0.36,0.18,0.46,0.229,3.13125,4.0,0.3188634681776317,1.0608162756644035
complete_simplex,775,0.36,0.2,0.44,0.226,3.17625,4.0,0.33605014511993336,0.9836518676213268
complete_simplex,776,0.36,0.22,0.42,0.2245,3.2175,4.0,0.3525261230270303,0.9071981586134552
complete_simplex,777,0.36,0.24,0.4,0.223,3.255,4.0,0.36843048646657983,0.8313160640731309
complete_simplex,778,0.36,0.26,0.38,0.2215,3.28875,4.0,0.38378220890906245,0.755986610529873
complete_simplex,779,0.36,0.28,0.36,0.221,3.3225,4.0,0.3983611329748843,0.6819543051421354
complete_simplex,780,0.36,0.3,0.34,0.2249317396262705,4.5,6.0,0.394109326688549,0.686205183550346
complete_simplex,781,0.36,0.32,0.32,0.231,4.5,6.0,0.3742921298351034,0.706021452525667
complete_simplex,782,0.36,0.34,0.3,0.2396414702732897,4.5,6.0,0.3704511457733802,0.7098615087092657
complete_simplex,783,0.36,0.36,0.28,0.2396414702732897,4.5,6.0,0.37045057027908324,0.709861156325438
complete_simplex,784,0.36,0.38,0.26,0.2396414702732897,4.5,6.0,0.37044999478478635,0.7696981552132107
complete_simplex,785,0.36,0.4,0.24,0.239,4.5,6.0,0.3704714709144394,0.8296743940339657
complete_simplex,786,0.36,0.42,0.22,0.235,4.5,6.0,0.3715722299410344,0.8885713499577783
complete_simplex,787,0.36,0.44,0.2,0.231,4.5,6.0,0.3742882935277068,0.9458530013215138
complete_simplex,788,0.36,0.46,0.18,0.2275,4.5,6.0,0.3779396676540983,1.0021993421455304
complete_simplex,789,0.36,0.48,0.16,0.2245,4.5,6.0,0.38198235994593743,1.0581543648040985
complete_simplex,790,0.36,0.5,0.14,0.2216654048048889,4.5,6.0,0.3866012923655885,1.1135331473348553
complete_simplex,791,0.36,0.52,0.12,0.219,4.5,6.0,0.3918267123199615,1.1683054423308905
complete_simplex,792,0.36,0.54,0.1,0.2165,4.5,6.0,0.39731307627204293,1.2228167933292169
complete_simplex,793,0.36,0.56,0.08,0.214,4.5,6.0,0.40246776799920175,1.2776598165524662
complete_simplex,794,0.36,0.58,0.06,0.2117555523406859,4.5,6.0,0.40827484943978903,1.331850450062286
complete_simplex,795,0.36,0.6,0.04,0.2095,4.5,6.0,0.41387232745695385,1.3862506869955291
complete_simplex,796,0.36,0.62,0.02,0.2075,4.5,6.0,0.41993141045095334,1.4401893189519377
complete_simplex,797,0.36,0.64,0.0,0.2055,4.5,6.0,0.4258599658181443,1.4942584785351545
complete_simplex,798,0.38,0.0,0.62,0.24,3.12375,4.0,0.32993418685773757,1.529561408024115
complete_simplex,799,0.38,0.02,0.6,0.242628324640932,3.117803505564444,4.0,0.32849767558252396,1.4710201881985536
complete_simplex,800,0.38,0.04,0.58,0.2415,3.1125,4.0,0.32640292316730185,1.4131372095130008
complete_simplex,801,0.38,0.06,0.56,0.239,3.10875,4.0,0.32489364148319366,1.3546687600963345
complete_simplex,802,0.38,0.08,0.54,0.2415,3.10125,4.0,0.32271752584543945,1.296867144633314
complete_simplex,803,0.38,0.1,0.52,0.2426580686116522,3.095242080133884,4.0,0.3210906541923392,1.2385162851856388
complete_simplex,804,0.38,0.12,0.5,0.2395,3.09,4.0,0.31897645609767955,1.1806527521795236
complete_simplex,805,0.38,0.14,0.48,0.2405,3.0825,4.0,0.3167426406903528,1.1229088364860755
complete_simplex,806,0.38,0.16,0.46,0.241,3.075,4.0,0.3145634528687057,1.0651102932069478
complete_simplex,807,0.38,0.18,0.44,0.2295,3.105,4.0,0.32791500950216573,0.991781005472713
complete_simplex,808,0.38,0.2,0.42,0.2275,3.15375,4.0,0.34530416956240334,0.9144141143117004
complete_simplex,809,0.38,0.22,0.4,0.2255,3.195,4.0,0.36218588091788373,0.8375546718554452
complete_simplex,810,0.38,0.24,0.38,0.224,3.2325,4.0,0.378419140501943,0.7619138219591661
complete_simplex,811,0.38,0.26,0.36,0.2225,3.26625,4.0,0.39403958228455876,0.7462924522984258
complete_simplex,812,0.38,0.28,0.34,0.23,4.5,6.0,0.39632919799937005,0.7440019087054898
complete_simplex,813,0.38,0.3,0.32,0.2396414702732897,4.5,6.0,0.3910267032652772,0.749303475561458
complete_simplex,814,0.38,0.32,0.3,0.2396414702732897,4.5,6.0,0.39102612777098034,0.7493031231776304
complete_simplex,815,0.38,0.34,0.28,0.2396414702732897,4.5,6.0,0.3910255522766834,0.7493027707938027
complete_simplex,816,0.38,0.36,0.26,0.2396414702732897,4.5,6.0,0.3910249767823865,0.749302418409975
complete_simplex,817,0.38,0.38,0.24,0.2396414702732897,4.5,6.0,0.3910244012880896,0.7493020660261472
complete_simplex,818,0.38,0.4,0.22,0.2396414702732897,4.5,6.0,0.3910238257937927,0.8091160527469977
complete_simplex,819,0.38,0.42,0.2,0.2396414702732897,4.5,6.0,0.39102325029949575,0.8691143431917021
complete_simplex,820,0.38,0.44,0.18,0.2355,4.5,6.0,0.3919686883224253,0.9281666201191803
complete_simplex,821,0.38,0.46,0.16,0.232,4.5,6.0,0.39444737628537235,0.9856856471066413
complete_simplex,822,0.38,0.48,0.14,0.2285651249512418,4.5,6.0,0.3976268782415217,1.0425038601008996
complete_simplex,823,0.38,0.5,0.12,0.2255,4.5,6.0,0.4016778039067528,1.0984506493860764
complete_simplex,824,0.38,0.52,0.1,0.2227345859715467,4.5,6.0,0.40628457547565455,1.1538415927675825
complete_simplex,825,0.38,0.54,0.08,0.22,4.5,6.0,0.4112009273219945,1.2089229558716503
complete_simplex,826,0.38,0.56,0.06,0.2175,4.5,6.0,0.416447830546603,1.2636737675974499
complete_simplex,827,0.38,0.58,0.04,0.2152578895529996,4.5,6.0,0.42176924353775674,1.3183500695567036
complete_simplex,828,0.38,0.6,0.02,0.213,4.5,6.0,0.42726929489953047,1.3728477331453375
complete_simplex,829,0.38,0.62,0.0,0.211,4.5,6.0,0.43341403490379965,1.4267007080914764
complete_simplex,830,0.4,0.0,0.6,0.2404419499255741,3.110246750915058,4.0,0.34272391662704144,1.4567879493876545
complete_simplex,831,0.4,0.02,0.58,0.2405,3.105,4.0,0.34079427358044695,1.398739861333474
complete_simplex,832,0.4,0.04,0.56,0.239,3.10125,4.0,0.3394513517310212,1.3401050520821256
complete_simplex,833,0.4,0.06,0.54,0.24,3.09375,4.0,0.33698958249175204,1.2825890902206196
complete_simplex,834,0.4,0.08,0.52,0.242,3.08625,4.0,0.3348723245768334,1.224728617034763
complete_simplex,835,0.4,0.1,0.5,0.244,3.07875,4.0,0.3331267386516829,1.1664964718591386
complete_simplex,836,0.4,0.12,0.48,0.2430212080951415,3.073090217085962,4.0,0.33094803951394053,1.1086974398961063
complete_simplex,837,0.4,0.14,0.46,0.24,3.0675,4.0,0.32876873365557574,1.050899014653696
complete_simplex,838,0.4,0.16,0.44,0.2423370922740524,3.05790207588867,4.0,0.32619286123906466,0.9934971559694322
complete_simplex,839,0.4,0.18,0.42,0.231,3.0825,4.0,0.33676843717211824,0.9229438489356039
complete_simplex,840,0.4,0.2,0.4,0.229,3.13125,4.0,0.3542865492352806,0.846063937569918
complete_simplex,841,0.4,0.22,0.38,0.2265,3.1725,4.0,0.3714482442245305,0.8289013147025436
complete_simplex,842,0.4,0.24,0.36,0.225,3.21,4.0,0.38806977059478054,0.812278860454169
complete_simplex,843,0.4,0.26,0.34,0.223,3.24375,4.0,0.40428755229983376,0.7960601508709912
complete_simplex,844,0.4,0.28,0.32,0.2396542739810095,4.5,6.0,0.41160168510491413,0.788745090187786
complete_simplex,845,0.4,0.3,0.3,0.2396542739810095,4.5,6.0,0.41160110965656843,0.7887447377580072
complete_simplex,846,0.4,0.32,0.28,0.2396542739810095,4.5,6.0,0.4116005342082228,0.7887443853282283
complete_simplex,847,0.4,0.34,0.26,0.2396542739810095,4.5,6.0,0.4115999587598771,0.7887440328984494
complete_simplex,848,0.4,0.36,0.24,0.2396414702732897,4.5,6.0,0.41159938328568973,0.7887436804945123
complete_simplex,849,0.4,0.38,0.22,0.2396414702732897,4.5,6.0,0.41159880779139285,0.7887433281106844
complete_simplex,850,0.4,0.4,0.2,0.2396414702732897,4.5,6.0,0.4115982322970959,0.7887429757268567
complete_simplex,851,0.4,0.42,0.18,0.2396414702732897,4.5,6.0,0.41159765680279903,0.848533950280784
complete_simplex,852,0.4,0.44,0.16,0.2396414702732897,4.5,6.0,0.4115970813085021,0.9085322407254888
complete_simplex,853,0.4,0.46,0.14,0.236207882518536,4.499999999999999,6.0,0.41228305914069663,0.9678439778437021
complete_simplex,854,0.4,0.48,0.12,0.2325,4.5,6.0,0.41452533966114813,1.0255994122736583
complete_simplex,855,0.4,0.5,0.1,0.2295,4.5,6.0,0.4179402359465026,1.0821822309387117
complete_simplex,856,0.4,0.52,0.08,0.2265,4.5,6.0,0.42171737671124127,1.138402805124381
complete_simplex,857,0.4,0.54,0.06,0.2235,4.5,6.0,0.4261118443371419,1.1940060524488882
complete_simplex,858,0.4,0.56,0.04,0.221,4.5,6.0,0.4307939883329612,1.2493216234034767
complete_simplex,859,0.4,0.58,0.02,0.2185,4.5,6.0,0.43608025029236175,1.3040330763944836
complete_simplex,860,0.4,0.6,0.0,0.2165,4.5,6.0,0.44144590854169147,1.3586651330955617
complete_simplex,861,0.42,0.0,0.58,0.24,3.0975,4.0,0.35512749482446665,1.3844006423230726
complete_simplex,862,0.42,0.02,0.56,0.243,3.09,4.0,0.35316066098978155,1.3263897450569835
complete_simplex,863,0.42,0.04,0.54,0.2395,3.08625,4.0,0.35127067198359285,1.2683020029623973
complete_simplex,864,0.42,0.06,0.52,0.241,3.07875,4.0,0.3488795381383558,1.2107154057068592
complete_simplex,865,0.42,0.08,0.5,0.2425,3.07125,4.0,0.3467340100445708,1.1528832026998692
complete_simplex,866,0.42,0.1,0.48,0.2435,3.06375,4.0,0.3446482643679156,1.0949912172757494
complete_simplex,867,0.42,0.12,0.46,0.2435,3.05625,4.0,0.3423122324902578,1.0373495180526326
complete_simplex,868,0.42,0.14,0.44,0.2425,3.04875,4.0,0.33985524559084923,0.9798287738512661
complete_simplex,869,0.42,0.16,0.42,0.2415,3.04125,4.0,0.33743831433278626,0.9229296968165018
complete_simplex,870,0.42,0.18,0.4,0.231,3.05625,4.0,0.34581038755637034,0.914556695714793
complete_simplex,871,0.42,0.2,0.38,0.2285,3.105,4.0,0.36342300069157335,0.8969431547014655
complete_simplex,872,0.42,0.22,0.36,0.2285,3.15375,4.0,0.3807119227582878,0.8796533047566264
complete_simplex,873,0.42,0.24,0.34,0.2265,3.19125,4.0,0.39769860266589946,0.8626656969708901
complete_simplex,874,0.42,0.26,0.32,0.225,3.225,4.0,0.4139274161561192,0.8464359556025458
complete_simplex,875,0.42,0.28,0.3,0.223,3.255,4.0,0.42983075167357204,0.8305316922069683
complete_simplex,876,0.42,0.3,0.28,0.2396542739810095,4.5,6.0,0.4321755156057513,0.8281860003966645
complete_simplex,877,0.42,0.32,0.26,0.2396542739810095,4.5,6.0,0.4321749401574056,0.8281856479668857
complete_simplex,878,0.42,0.34,0.24,0.2396542739810095,4.5,6.0,0.43217436470905995,0.8281852955371067
complete_simplex,879,0.42,0.36,0.22,0.2396542739810095,4.5,6.0,0.43217378926071426,0.8281849431073276
complete_simplex,880,0.42,0.38,0.2,0.2396542739810095,4.5,6.0,0.4321732138123686,0.8281845906775487
complete_simplex,881,0.42,0.4,0.18,0.2396542739810095,4.5,6.0,0.432172638364023,0.8281842382477698
complete_simplex,882,0.42,0.42,0.16,0.2396542739810095,4.5,6.0,0.4321720629156773,0.8281838858179909
complete_simplex,883,0.42,0.44,0.14,0.2396542739810095,4.5,6.0,0.43217148746733164,0.8879518481590443
complete_simplex,884,0.42,0.46,0.12,0.2396542739810095,4.5,6.0,0.43217091201898594,0.9479501385577981
complete_simplex,885,0.42,0.48,0.1,0.2365,4.5,6.0,0.4327746530128195,1.0073441125143723
complete_simplex,886,0.42,0.5,0.08,0.233,4.5,6.0,0.4348348500716845,1.0652816304059147
complete_simplex,887,0.42,0.52,0.06,0.23,4.5,6.0,0.43772814566067897,1.1223860497673284
complete_simplex,888,0.42,0.54,0.04,0.227192366270697,4.5,6.0,0.4413492599911664,1.1787626503872488
complete_simplex,889,0.42,0.56,0.02,0.2245,4.5,6.0,0.4456267717197164,1.2344828536091068
complete_simplex,890,0.42,0.58,0.0,0.222,4.5,6.0,0.4502842306216899,1.2898231096575405
complete_simplex,891,0.44,0.0,0.56,0.2425,3.0825,4.0,0.3671202874165361,1.3124241208638474
complete_simplex,892,0.44,0.02,0.54,0.2395,3.07875,4.0,0.36539507553061834,1.25417160164899
complete_simplex,893,0.44,0.04,0.52,0.2405,3.07125,4.0,0.36288757773598607,1.1967013683428471
complete_simplex,894,0.44,0.06,0.5,0.2415,3.06375,4.0,0.36052275002396467,1.1390884649540935
complete_simplex,895,0.44,0.08,0.48,0.242,3.05625,4.0,0.35825637357834655,1.081377110298937
complete_simplex,896,0.44,0.1,0.46,0.242,3.04875,4.0,0.35584153365020177,1.023814219126307
complete_simplex,897,0.44,0.12,0.44,0.2415,3.04125,4.0,0.3534972484489509,0.9668882870444266
complete_simplex,898,0.44,0.14,0.42,0.2405,3.03375,4.0,0.3512633804644458,0.9691212271508072
complete_simplex,899,0.44,0.16,0.4,0.243,3.0225,4.0,0.3483781730069344,0.972005506730194
complete_simplex,900,0.44,0.18,0.38,0.2335,3.0375,4.0,0.3548388422960565,0.9655439095629472
complete_simplex,901,0.44,0.2,0.36,0.2305,3.08625,4.0,0.37228503435558963,0.9480967896252894
complete_simplex,902,0.44,0.22,0.34,0.229,3.13125,4.0,0.38970963029292927,0.9306712658098253
complete_simplex,903,0.44,0.24,0.32,0.2265,3.16875,4.0,0.4070199327975786,0.9133600354270515
complete_simplex,904,0.44,0.26,0.3,0.225,3.2025,4.0,0.42368039315873485,0.8966986471877706
complete_simplex,905,0.44,0.28,0.28,0.224,3.23625,4.0,0.4399302903139325,0.8804478221544482
complete_simplex,906,0.44,0.3,0.26,0.2396542739810095,4.5,6.0,0.45274992155493415,0.8676272630353219
complete_simplex,907,0.44,0.32,0.24,0.2396542739810095,4.5,6.0,0.4527493461065885,0.867626910605543
complete_simplex,908,0.44,0.34,0.22,0.2396542739810095,4.5,6.0,0.4527487706582428,0.8676265581757642
complete_simplex,909,0.44,0.36,0.2,0.2396542739810095,4.5,6.0,0.4527481952098972,0.867626205745985
complete_simplex,910,0.44,0.38,0.18,0.2396542739810095,4.5,6.0,0.45274761976155153,0.8676258533162061
complete_simplex,911,0.44,0.4,0.16,0.2396542739810095,4.5,6.0,0.45274704431320584,0.8676255008864273
complete_simplex,912,0.44,0.42,0.14,0.2396542739810095,4.5,6.0,0.4527464688648602,0.8676251484566484
complete_simplex,913,0.44,0.44,0.12,0.2396542739810095,4.5,6.0,0.4527458934165145,0.8676247960268695
complete_simplex,914,0.44,0.46,0.1,0.2396542739810095,4.5,6.0,0.45274531796816886,0.9273697462010002
complete_simplex,915,0.44,0.48,0.08,0.2396542739810095,4.5,6.0,0.45274474251982316,0.9873680365997535
complete_simplex,916,0.44,0.5,0.06,0.237,4.5,6.0,0.4531929278583856,1.046917566211599
complete_simplex,917,0.44,0.52,0.04,0.2335,4.5,6.0,0.4551354321520797,1.1049727768683129
complete_simplex,918,0.44,0.54,0.02,0.2305,4.5,6.0,0.45798745524518064,1.1621184687256196
complete_simplex,919,0.44,0.56,0.0,0.228,4.5,6.0,0.46117596313478293,1.2189276757864254
complete_simplex,920,0.46,0.0,0.54,0.24,3.07125,4.0,0.37935135585045165,1.240209323562775
complete_simplex,921,0.46,0.02,0.52,0.2405,3.06375,4.0,0.37679105284563513,1.1827918954668166
complete_simplex,922,0.46,0.04,0.5,0.2415,3.05625,4.0,0.3743765956000475,1.1252286216116292
complete_simplex,923,0.46,0.06,0.48,0.2415,3.04875,4.0,0.37192770705743383,1.0676997790534681
complete_simplex,924,0.46,0.08,0.46,0.2415,3.04125,4.0,0.3695561825651156,1.0108468772723516
complete_simplex,925,0.46,0.1,0.44,0.2405,3.03375,4.0,0.36722062789247456,1.013181504066868
complete_simplex,926,0.46,0.12,0.42,0.2412916771322051,3.025010061629679,4.0,0.3646782129367308,1.0157229911444872
complete_simplex,927,0.46,0.14,0.4,0.242,3.015,4.0,0.36192317889013226,1.018477097312961
complete_simplex,928,0.46,0.16,0.38,0.2435,3.00375,4.0,0.3591773123388765,1.0212220359860922
complete_simplex,929,0.46,0.18,0.36,0.2335,3.01125,4.0,0.3640697081642594,1.0163287122825846
complete_simplex,930,0.46,0.2,0.34,0.231,3.06375,4.0,0.38132938098854935,0.9990681115801701
complete_simplex,931,0.46,0.22,0.32,0.229,3.10875,4.0,0.39873821580923113,0.9816583488813637
complete_simplex,932,0.46,0.24,0.3,0.228,3.15,4.0,0.41599364509474707,0.9644019917177233
complete_simplex,933,0.46,0.26,0.28,0.226,3.18375,4.0,0.4330704084940395,0.947324300440306
complete_simplex,934,0.46,0.28,0.26,0.225,3.2175,4.0,0.44958603361844796,0.9308077474377731
complete_simplex,935,0.46,0.3,0.24,0.224,3.2475,4.0,0.4655341399710469,0.9148587132070496
complete_simplex,936,0.46,0.32,0.22,0.2396542739810095,4.5,6.0,0.4733237520557714,0.9070681732442005
complete_simplex,937,0.46,0.34,0.2,0.2396542739810095,4.5,6.0,0.47332317660742573,0.9070678208144216
complete_simplex,938,0.46,0.36,0.18,0.233,4.5,8.0,0.4707001754204777,0.9096898941232449
complete_simplex,939,0.46,0.38,0.16,0.2396542739810095,4.5,6.0,0.4733220257107344,0.9070671159548636
complete_simplex,940,0.46,0.4,0.14,0.2396542739810095,4.5,6.0,0.47332145026238875,0.9070667635250846
complete_simplex,941,0.46,0.42,0.12,0.2396542739810095,4.5,6.0,0.47332087481404306,0.9070664110953058
complete_simplex,942,0.46,0.44,0.1,0.2396542739810095,4.5,6.0,0.4733202993656974,0.9070660586655267
complete_simplex,943,0.46,0.46,0.08,0.2396542739810095,4.5,6.0,0.4733197239173517,0.9070657062357479
complete_simplex,944,0.46,0.48,0.06,0.2396542739810095,4.5,6.0,0.4733191484690061,0.9667876442429557
complete_simplex,945,0.46,0.5,0.04,0.2396542739810095,4.5,6.0,0.4733185730206604,1.0267859346417092
complete_simplex,946,0.46,0.52,0.02,0.2376840621995576,4.5,6.0,0.47357671809100205,1.0865255045217757
complete_simplex,947,0.46,0.54,0.0,0.2345,4.5,6.0,0.4751228356785264,1.144977101884659
complete_simplex,948,0.48,0.0,0.52,0.2405,3.05625,4.0,0.3905477124165669,1.1690292381295033
complete_simplex,949,0.48,0.02,0.5,0.2426599222359031,3.047724131099904,4.0,0.3879799567974746,1.1116192626478205
complete_simplex,950,0.48,0.04,0.48,0.2415,3.04125,4.0,0.3856151166812802,1.0548054675002763
complete_simplex,951,0.48,0.06,0.46,0.241,3.03375,4.0,0.3831859173750205,1.0572337389284114
complete_simplex,952,0.48,0.08,0.44,0.2412916771322051,3.025010061629679,4.0,0.38088213614436905,1.059536592280938
complete_simplex,953,0.48,0.1,0.42,0.2435,3.015,4.0,0.3779498447071585,1.062467955840024
complete_simplex,954,0.48,0.12,0.4,0.241,3.0075,4.0,0.37550754566992917,1.0649093269991288
complete_simplex,955,0.48,0.14,0.38,0.2413263843639705,3.0,4.0,0.37350384639761475,1.0669120983933187
complete_simplex,956,0.48,0.16,0.36,0.2413263843639705,3.0,4.0,0.37350608856341044,1.0669089283493984
complete_simplex,957,0.48,0.18,0.34,0.239,3.0,4.0,0.3738131108590268,1.0666009781756574
complete_simplex,958,0.48,0.2,0.32,0.2325,3.045,4.0,0.3901833127089456,1.050229848447614
complete_simplex,959,0.48,0.22,0.3,0.23,3.09,4.0,0.4077375617847708,1.0326746714936643
complete_simplex,960,0.48,0.24,0.28,0.2275,3.1275,4.0,0.42513264375812354,1.015278661642187
complete_simplex,961,0.48,0.26,0.26,0.2265,3.165,4.0,0.44232147142868083,0.9980889060935049
complete_simplex,962,0.48,0.28,0.24,0.226,3.19875,4.0,0.4592249472388326,0.9811845024052286
complete_simplex,963,0.48,0.3,0.22,0.2245,3.22875,4.0,0.4754377958201797,0.964970725945757
complete_simplex,964,0.48,0.32,0.2,0.1805,3.69375,10.0,0.4847193492488922,0.9556882446389199
complete_simplex,965,0.48,0.34,0.18,0.2405,4.5,8.0,0.47823156090791424,0.9621751051017733
complete_simplex,966,0.48,0.36,0.16,0.236,4.5,8.0,0.48500115375572495,0.9554045843758378
complete_simplex,967,0.48,0.38,0.14,0.2325,4.5,8.0,0.49334341516334024,0.9470613950900979
complete_simplex,968,0.48,0.4,0.12,0.2396542739810095,4.5,6.0,0.49389585621157156,0.946508026163742
complete_simplex,969,0.48,0.42,0.1,0.2396542739810095,4.5,6.0,0.4938952807632259,0.946507673733963
complete_simplex,970,0.48,0.44,0.08,0.2396542739810095,4.5,6.0,0.4938947053148802,0.946507321304184
complete_simplex,971,0.48,0.46,0.06,0.2396542739810095,4.5,6.0,0.4938941298665346,0.9465069688744051
complete_simplex,972,0.48,0.48,0.04,0.2396542739810095,4.5,6.0,0.4938935544181889,0.9465066164446263
complete_simplex,973,0.48,0.5,0.02,0.2396542739810095,4.5,6.0,0.49389297896984324,1.0062055422849117
complete_simplex,974,0.48,0.52,0.0,0.2396542739810095,4.5,6.0,0.49389240352149755,1.0662038326836651
complete_simplex,975,0.5,0.0,0.5,0.2415,3.04125,4.0,0.40167405079744484,1.0987640577282012
complete_simplex,976,0.5,0.02,0.48,0.2415,3.03375,4.0,0.39918145976014363,1.1012557208873779
complete_simplex,977,0.5,0.04,0.46,0.241,3.02625,4.0,0.3967471430344056,1.1036891097349912
complete_simplex,978,0.5,0.06,0.44,0.2419368114979096,3.017254030944409,4.0,0.3940457827004455,1.1063895421908267
complete_simplex,979,0.5,0.08,0.42,0.243,3.0075,4.0,0.3913434916387826,1.109090905374365
complete_simplex,980,0.5,0.1,0.4,0.2413263843639705,3.0,4.0,0.3890573374842328,1.1113761316507902
complete_simplex,981,0.5,0.12,0.38,0.2413263843639705,3.0,4.0,0.3890595796500285,1.11137296160687
complete_simplex,982,0.5,0.14,0.36,0.2413263843639705,3.0,4.0,0.3890618218158242,1.1113697915629497
complete_simplex,983,0.5,0.16,0.34,0.237,3.2325,6.0,0.3859528771221909,1.1144778083784581
complete_simplex,984,0.5,0.18,0.32,0.229,3.21,6.0,0.38423477425734753,1.116194983365177
complete_simplex,985,0.5,0.2,0.3,0.234,3.02625,4.0,0.39939151333850664,1.1010373164058933
complete_simplex,986,0.5,0.22,0.28,0.231,3.07125,4.0,0.4167713613945699,1.0836565404717056
complete_simplex,987,0.5,0.24,0.26,0.2295,3.1125,4.0,0.43417422014690527,1.0662527538412456
complete_simplex,988,0.5,0.26,0.24,0.2285,3.15,4.0,0.45150170432352604,1.0489243417865
complete_simplex,989,0.5,0.28,0.22,0.226,3.18,4.0,0.4685287281985496,1.031896390033352
complete_simplex,990,0.5,0.3,0.2,0.1865,3.6975,10.0,0.4686482693347265,1.0317759210190505
complete_simplex,991,0.5,0.32,0.18,0.1845,3.70875,10.0,0.49070026560477703,1.0097229968708754
complete_simplex,992,0.5,0.34,0.16,0.244,4.5,8.0,0.4948592000765566,1.005563134520971
complete_simplex,993,0.5,0.36,0.14,0.2395,4.5,8.0,0.4996226819822958,1.0007987247371073
complete_simplex,994,0.5,0.38,0.12,0.235,4.5,8.0,0.5071859282915996,0.9932345505496789
complete_simplex,995,0.5,0.4,0.1,0.2396542739810095,4.5,6.0,0.5144702621607544,0.9859492888023995
complete_simplex,996,0.5,0.42,0.08,0.2396542739810095,4.5,6.0,0.5144696867124088,0.9859489363726206
complete_simplex,997,0.5,0.44,0.06,0.2396542739810095,4.5,6.0,0.5144691112640631,0.9859485839428415
complete_simplex,998,0.5,0.46,0.04,0.2396542739810095,4.5,6.0,0.5144685358157175,0.9859482315130625
complete_simplex,999,0.5,0.48,0.02,0.2396542739810095,4.5,6.0,0.5144679603673717,0.9859478790832837
complete_simplex,1000,0.5,0.5,0.0,0.2396542739810095,4.5,6.0,0.5144673849190261,0.9859475266535048
complete_simplex,1001,0.52,0.0,0.48,0.242,3.02625,4.0,0.41269914644892997,1.1477546306645565
complete_simplex,1002,0.52,0.02,0.46,0.241,3.01875,4.0,0.4102082305202159,1.150244618715146
complete_simplex,1003,0.52,0.04,0.44,0.245,3.0075,4.0,0.407697890185371,1.1527540311718665
complete_simplex,1004,0.52,0.06,0.42,0.2425,3.0,4.0,0.4046959262938743,1.1557550671852386
complete_simplex,1005,0.52,0.08,0.4,0.2413263843639705,3.0,4.0,0.4046130707366466,1.1558369948643414
complete_simplex,1006,0.52,0.1,0.38,0.2413263843639705,3.0,4.0,0.4046153129024423,1.1558338248204212
complete_simplex,1007,0.52,0.12,0.36,0.237,3.24,6.0,0.4035763418798397,1.1568718679648993
complete_simplex,1008,0.52,0.14,0.34,0.239,3.21375,6.0,0.39680729623769634,1.1636399857289181
complete_simplex,1009,0.52,0.16,0.32,0.2375,3.19125,6.0,0.39051617144504114,1.1699301826434485
complete_simplex,1010,0.52,0.18,0.3,0.2295,3.18375,6.0,0.39286292271986434,1.1675825034905007
complete_simplex,1011,0.52,0.2,0.28,0.2345,3.00375,4.0,0.4085845152858884,1.151859983046352
complete_simplex,1012,0.52,0.22,0.26,0.232,3.0525,4.0,0.42571559119323393,1.134727979260882
complete_simplex,1013,0.52,0.24,0.24,0.23,3.09375,4.0,0.443210266745734,1.1172323758302574
complete_simplex,1014,0.52,0.26,0.22,0.2275,3.1275,4.0,0.46055553395995363,1.099886180737913
complete_simplex,1015,0.52,0.28,0.2,0.1935,3.68625,10.0,0.4589658431836584,1.1014749436360836
complete_simplex,1016,0.52,0.3,0.18,0.18,3.63,10.0,0.47337060361166067,1.0870692553299568
complete_simplex,1017,0.52,0.32,0.16,0.18,3.65625,10.0,0.4958915066888091,1.064547424374684
complete_simplex,1018,0.52,0.34,0.14,0.248,4.5,8.0,0.5132693927698233,1.0471686104155449
complete_simplex,1019,0.52,0.36,0.12,0.2425,4.5,8.0,0.5158588053210843,1.0445782699861592
complete_simplex,1020,0.52,0.38,0.1,0.238,4.5,8.0,0.5217358901906654,1.0387002572384536
complete_simplex,1021,0.52,0.4,0.08,0.2345,4.5,8.0,0.5292199192833249,1.0312153002676696
complete_simplex,1022,0.52,0.42,0.06,0.2396542739810095,4.5,6.0,0.5350440926615917,1.0253901990112784
complete_simplex,1023,0.52,0.44,0.04,0.2396542739810095,4.5,6.0,0.5350435172132461,1.0253898465814992
complete_simplex,1024,0.52,0.46,0.02,0.2396542739810095,4.5,6.0,0.5350429417649004,1.02538949415172
complete_simplex,1025,0.52,0.48,0.0,0.2396542739810095,4.5,6.0,0.5350423663165548,1.0253891417219414
complete_simplex,1026,0.54,0.0,0.46,0.2415,3.01125,4.0,0.4235917968634605,1.1968776488378663
complete_simplex,1027,0.54,0.02,0.44,0.245,3.0,4.0,0.42114341394633875,1.1993251038768635
complete_simplex,1028,0.54,0.04,0.42,0.2413278286498449,3.0,4.0,0.42016656181886686,1.200301028126211
complete_simplex,1029,0.54,0.06,0.4,0.2413263843639705,3.0,4.0,0.4201688039890603,1.2002978580778927
complete_simplex,1030,0.54,0.08,0.38,0.2413263843639705,3.0,4.0,0.420171046154856,1.2002946880339724
complete_simplex,1031,0.54,0.1,0.36,0.237,3.225,6.0,0.4146017658037584,1.2058630405069455
complete_simplex,1032,0.54,0.12,0.34,0.239,3.19875,6.0,0.407615300382004,1.2128485780505753
complete_simplex,1033,0.54,0.14,0.32,0.2375,3.17625,6.0,0.40198402675858774,1.218478923795867
complete_simplex,1034,0.54,0.16,0.3,0.238,3.15,6.0,0.39655311456378267,1.2239089081125474
complete_simplex,1035,0.54,0.18,0.28,0.23,3.1575,6.0,0.4019475734189331,1.2185135213792724
complete_simplex,1036,0.54,0.2,0.26,0.2265,3.2175,6.0,0.42003942241494957,1.2004207445051314
complete_simplex,1037,0.54,0.22,0.24,0.233,3.03375,4.0,0.43465553535860757,1.1858037036833489
complete_simplex,1038,0.54,0.24,0.22,0.232,3.07875,4.0,0.45206487711034654,1.168393434053485
complete_simplex,1039,0.54,0.26,0.2,0.198,3.64125,10.0,0.4501085543822391,1.1703488289034678
complete_simplex,1040,0.54,0.28,0.18,0.182,3.60375,10.0,0.4545666852145062,1.1658897701930762
complete_simplex,1041,0.54,0.3,0.16,0.1805,3.61875,10.0,0.4782938512486676,1.1421616762807902
complete_simplex,1042,0.54,0.32,0.14,0.181,3.64875,10.0,0.5010852406018959,1.1193693590494376
complete_simplex,1043,0.54,0.34,0.12,0.1835,3.69375,10.0,0.5235736127070646,1.096880059066144
complete_simplex,1044,0.54,0.36,0.1,0.246,4.5,8.0,0.5333569015124492,1.087095842382635
complete_simplex,1045,0.54,0.38,0.08,0.241,4.5,8.0,0.5373413519553368,1.0831104640616225
complete_simplex,1046,0.54,0.4,0.06,0.237,4.5,8.0,0.5436108164604002,1.0768400716784345
complete_simplex,1047,0.54,0.42,0.04,0.2335,4.5,8.0,0.551262117386798,1.069187842873912
complete_simplex,1048,0.54,0.44,0.02,0.2396542739810095,4.5,6.0,0.5556179231624289,1.0648311092201568
complete_simplex,1049,0.54,0.46,0.0,0.2396542739810095,4.5,6.0,0.5556173477140832,1.0648307567903776
complete_simplex,1050,0.56,0.0,0.44,0.2413278286498449,3.0,4.0,0.4357200528665817,1.2447650614225856
complete_simplex,1051,0.56,0.02,0.42,0.2413278286498449,3.0,4.0,0.4357222950608025,1.2447618913502403
complete_simplex,1052,0.56,0.04,0.4,0.2413263843639705,3.0,4.0,0.43572453724147414,1.244758721291444
complete_simplex,1053,0.56,0.06,0.38,0.2385,3.22875,6.0,0.432126707683265,1.2483556229715282
complete_simplex,1054,0.56,0.08,0.36,0.2375,3.21,6.0,0.42557775617244537,1.2549036466042234
complete_simplex,1055,0.56,0.1,0.34,0.2395,3.18375,6.0,0.4190822896986194,1.261398185199925
complete_simplex,1056,0.56,0.12,0.32,0.2375,3.16125,6.0,0.41351964438044486,1.2669599026399747
complete_simplex,1057,0.56,0.14,0.3,0.238,3.135,6.0,0.408487157557085,1.2719914615852101
complete_simplex,1058,0.56,0.16,0.28,0.238,3.10875,6.0,0.4045696118142312,1.2759080794499391
complete_simplex,1059,0.56,0.18,0.26,0.232,3.13875,6.0,0.41153337823875186,1.268943385147294
complete_simplex,1060,0.56,0.2,0.24,0.228,3.19875,6.0,0.4287111064066776,1.2517647291012437
complete_simplex,1061,0.56,0.22,0.22,0.234,3.015,4.0,0.44385406770085467,1.236620839928942
complete_simplex,1062,0.56,0.24,0.2,0.2055,3.61125,10.0,0.44247620807568405,1.2379977716759878
complete_simplex,1063,0.56,0.26,0.18,0.184,3.5775,10.0,0.4342532108280083,1.246219841045539
complete_simplex,1064,0.56,0.28,0.16,0.183,3.59625,10.0,0.4592824778482916,1.2211896461471312
complete_simplex,1065,0.56,0.3,0.14,0.1815,3.61125,10.0,0.48326196864859994,1.1972092274686983
complete_simplex,1066,0.56,0.32,0.12,0.1805,3.63,10.0,0.5062245150683128,1.1742457531708608
complete_simplex,1067,0.56,0.34,0.1,0.184,3.6825,10.0,0.5289229267117941,1.1515464136492548
complete_simplex,1068,0.56,0.36,0.08,0.181,3.6825,10.0,0.5509877861769397,1.1294806263059847
complete_simplex,1069,0.56,0.38,0.06,0.2445,4.5,8.0,0.5538641693575056,1.1266033152472943
complete_simplex,1070,0.56,0.4,0.04,0.24,4.5,8.0,0.5585967448142546,1.1218698119124206
complete_simplex,1071,0.56,0.42,0.02,0.236,4.5,8.0,0.5657913978741408,1.1146742309744098
complete_simplex,1072,0.56,0.44,0.0,0.233,4.5,8.0,0.5739034195289395,1.1065612814414862
complete_simplex,1073,0.58,0.0,0.42,0.2413278286498449,3.0,4.0,0.45127802830273805,1.2892227545742692
complete_simplex,1074,0.58,0.02,0.4,0.238,3.23625,6.0,0.4491691291047984,1.2913307258940843
complete_simplex,1075,0.58,0.04,0.38,0.2375,3.2175,6.0,0.44299507236766883,1.2975038547530893
complete_simplex,1076,0.58,0.06,0.36,0.2375,3.195,6.0,0.4365533566138882,1.303944642628745
complete_simplex,1077,0.58,0.08,0.34,0.2375,3.1725,6.0,0.43084533066850417,1.3096517406960047
complete_simplex,1078,0.58,0.1,0.32,0.238,3.14625,6.0,0.4251648038908967,1.3153313395954873
complete_simplex,1079,0.58,0.12,0.3,0.239,3.12,6.0,0.42066620814773437,1.3198290074605252
complete_simplex,1080,0.58,0.14,0.28,0.2385,3.09375,6.0,0.4172339850054243,1.3232603027247105
complete_simplex,1081,0.58,0.16,0.26,0.2385,3.06375,6.0,0.4149222376327477,1.3255711222192625
complete_simplex,1082,0.58,0.18,0.24,0.233,3.1125,6.0,0.4214476996879622,1.3190447322859236
complete_simplex,1083,0.58,0.2,0.22,0.2285,3.17625,6.0,0.4375710939053711,1.30292041019039
complete_simplex,1084,0.58,0.22,0.2,0.213,3.5625,10.0,0.4374150085555892,1.3030755676620474
complete_simplex,1085,0.58,0.24,0.18,0.188,3.56625,10.0,0.412432850251854,1.3280567980876579
complete_simplex,1086,0.58,0.26,0.16,0.188,3.59625,10.0,0.43856644351278457,1.3019222769486027
complete_simplex,1087,0.58,0.28,0.14,0.185,3.6,10.0,0.4629100544826962,1.2775777381005664
complete_simplex,1088,0.58,0.3,0.12,0.185,3.62625,10.0,0.48724806423753414,1.253238800467604
complete_simplex,1089,0.58,0.32,0.1,0.185497559103317,3.655436318216032,10.0,0.5110518919013654,1.229434044925648
complete_simplex,1090,0.58,0.34,0.08,0.1825,3.65625,10.0,0.533983936575963,1.2065010723729257
complete_simplex,1091,0.58,0.36,0.06,0.1805,3.66375,10.0,0.556472727840434,1.1840113532303302
complete_simplex,1092,0.58,0.38,0.04,0.2475,4.5,8.0,0.5724849210486883,1.1679982321439515
complete_simplex,1093,0.58,0.4,0.02,0.243,4.5,8.0,0.5748514138755942,1.1656308114389209
complete_simplex,1094,0.58,0.42,0.0,0.239,4.5,8.0,0.580131441805026,1.1603498556313645
complete_simplex,1095,0.6,0.0,0.4,0.237,3.225,6.0,0.4606444050547895,1.339872046410058
complete_simplex,1096,0.6,0.02,0.38,0.2375,3.2025,6.0,0.4537383729790189,1.346777150607704
complete_simplex,1097,0.6,0.04,0.36,0.2375,3.18,6.0,0.44757527976536504,1.352939315943233
complete_simplex,1098,0.6,0.06,0.34,0.2375,3.1575,6.0,0.44220141051990947,1.3583122573105642
complete_simplex,1099,0.6,0.08,0.32,0.2405,3.13125,6.0,0.43747003399813505,1.363042705954214
complete_simplex,1100,0.6,0.1,0.3,0.238,3.10875,6.0,0.4334503339451304,1.3670614781290942
complete_simplex,1101,0.6,0.12,0.28,0.2385,3.07875,6.0,0.4301966012290379,1.370314282967062
complete_simplex,1102,0.6,0.14,0.26,0.2384906561260222,3.0476766490129763,6.0,0.42868107739710604,1.3718288789208692
complete_simplex,1103,0.6,0.16,0.24,0.2387515110413764,3.03997719490247,6.0,0.4286058771536173,1.3719031512862334
complete_simplex,1104,0.6,0.18,0.22,0.2355,3.09375,6.0,0.43219783946491774,1.3683102610968083
complete_simplex,1105,0.6,0.2,0.2,0.2185,3.3825,8.0,0.4325049736378596,1.3680021990457418
complete_simplex,1106,0.6,0.22,0.18,0.203,3.61125,10.0,0.3996250424569741,1.4008812023485029
complete_simplex,1107,0.6,0.24,0.16,0.187,3.5475,10.0,0.4155545972586202,1.384950719668732
complete_simplex,1108,0.6,0.26,0.14,0.1855,3.5625,10.0,0.44214325090919804,1.3583611381400296
complete_simplex,1109,0.6,0.28,0.12,0.1889829569248165,3.617274399123744,10.0,0.46746685843168095,1.333036602739422
complete_simplex,1110,0.6,0.3,0.1,0.183,3.59625,10.0,0.4920717634086711,1.3084307698843074
complete_simplex,1111,0.6,0.32,0.08,0.183,3.6225,10.0,0.5155264970399261,1.2849751083749275
complete_simplex,1112,0.6,0.34,0.06,0.1805,3.62625,10.0,0.5392390841136323,1.2612615934230968
complete_simplex,1113,0.6,0.36,0.04,0.179,3.6375,10.0,0.5621466995526844,1.2383530501059203
complete_simplex,1114,0.6,0.38,0.02,0.179,3.66,10.0,0.5842332489216665,1.2162655728588136
complete_simplex,1115,0.6,0.4,0.0,0.246,4.5,8.0,0.5925888567897115,1.207909037112644
complete_simplex,1116,0.62,0.0,0.38,0.24,3.1875,6.0,0.4650705043338614,1.3954616157188264
complete_simplex,1117,0.62,0.02,0.36,0.2375,3.16875,6.0,0.4596056500438009,1.4009255421307625
complete_simplex,1118,0.62,0.04,0.34,0.2405,3.1425,6.0,0.45423783553050023,1.4062924287659384
complete_simplex,1119,0.62,0.06,0.32,0.238,3.12,6.0,0.4495934808484056,1.4109358555699083
complete_simplex,1120,0.62,0.08,0.3,0.2385,3.09375,6.0,0.44599193193810555,1.4145364766020838
complete_simplex,1121,0.62,0.1,0.28,0.2395,3.06375,6.0,0.44358587299312147,1.4169416076689434
complete_simplex,1122,0.62,0.12,0.26,0.2387515110413764,3.03997719490247,6.0,0.44288325753995056,1.4176432952439897
complete_simplex,1123,0.62,0.14,0.24,0.2387515110413764,3.03997719490247,6.0,0.44288497868538435,1.4176406462204312
complete_simplex,1124,0.62,0.16,0.22,0.2387515110413764,3.03997719490247,6.0,0.4428866998308182,1.4176379971968727
complete_simplex,1125,0.62,0.18,0.2,0.2315,3.38625,8.0,0.4247925333689551,1.4357312357806113
complete_simplex,1126,0.62,0.2,0.18,0.2115,3.5625,10.0,0.3940210864490683,1.4665017548223735
complete_simplex,1127,0.62,0.22,0.16,0.189,3.52125,10.0,0.39183820016450555,1.4686837132288115
complete_simplex,1128,0.62,0.24,0.14,0.1875,3.54,10.0,0.4187648819620513,1.4417561035531412
complete_simplex,1129,0.62,0.26,0.12,0.186,3.555,10.0,0.4455646200914589,1.414955437545609
complete_simplex,1130,0.62,0.28,0.1,0.1845,3.57,10.0,0.47126473929010954,1.389254390468834
complete_simplex,1131,0.62,0.3,0.08,0.1835,3.58875,10.0,0.4958907036780595,1.3646274982027593
complete_simplex,1132,0.62,0.32,0.06,0.188,3.64875,10.0,0.520510499741454,1.34000677426124
complete_simplex,1133,0.62,0.34,0.04,0.184,3.64125,10.0,0.5437080783993703,1.3168082677251993
complete_simplex,1134,0.62,0.36,0.02,0.183,3.65625,10.0,0.5668383976095163,1.2936770206369288
complete_simplex,1135,0.62,0.38,0.0,0.1835,3.6825,10.0,0.5895737737643691,1.2709407166039512
complete_simplex,1136,0.64,0.0,0.36,0.2385,3.15375,6.0,0.4708312524105717,1.4497165362299564
complete_simplex,1137,0.64,0.02,0.34,0.238,3.13125,6.0,0.4660892449240027,1.4544576158384008
complete_simplex,1138,0.64,0.04,0.32,0.238,3.10875,6.0,0.46233105607602965,1.4582148768082492
complete_simplex,1139,0.64,0.06,0.3,0.238749263020397,3.0797930901914747,6.0,0.4590388575761401,1.4615061474300142
complete_simplex,1140,0.64,0.08,0.28,0.2381176071255114,3.051449036519444,6.0,0.4573508418004665,1.4631932353275632
complete_simplex,1141,0.64,0.1,0.26,0.2387515110413764,3.03997719490247,6.0,0.4571623590717176,1.4633807901781877
complete_simplex,1142,0.64,0.12,0.24,0.2387515110413764,3.03997719490247,6.0,0.4571640802171514,1.463378141154629
complete_simplex,1143,0.64,0.14,0.22,0.2387515110413764,3.03997719490247,6.0,0.4571658013625852,1.4633754921310707
complete_simplex,1144,0.64,0.16,0.2,0.2335,3.3675,8.0,0.428434552435548,1.4921058131799834
complete_simplex,1145,0.64,0.18,0.18,0.2169919500064384,3.5362233949338644,10.0,0.3930189549850101,1.5275204827523967
complete_simplex,1146,0.64,0.2,0.16,0.191,3.495,10.0,0.3664011707890553,1.5541373390702269
complete_simplex,1147,0.64,0.22,0.14,0.1891383351223537,3.512057228838395,10.0,0.3945851791828013,1.5259524027983562
complete_simplex,1148,0.64,0.24,0.12,0.188,3.5325,10.0,0.42199831736253113,1.4985383367405016
complete_simplex,1149,0.64,0.26,0.1,0.1865,3.5475,10.0,0.449010646827807,1.4715250793971013
complete_simplex,1150,0.64,0.28,0.08,0.1855,3.56625,10.0,0.4749152806863625,1.4456195176604212
complete_simplex,1151,0.64,0.3,0.06,0.184,3.58125,10.0,0.49973709010597234,1.4207967803626869
complete_simplex,1152,0.64,0.32,0.04,0.183,3.59625,10.0,0.5248610489690507,1.3956718936214836
complete_simplex,1153,0.64,0.34,0.02,0.188,3.66,10.0,0.5488899061632898,1.37164210854912
complete_simplex,1154,0.64,0.36,0.0,0.187,3.675,10.0,0.5722916017311529,1.3482394851031323
complete_simplex,1155,0.66,0.0,0.34,0.238,3.12,6.0,0.4785842573529989,1.5019791998753695
complete_simplex,1156,0.66,0.02,0.32,0.239,3.09375,6.0,0.4747872648837202,1.5057752644665239
complete_simplex,1157,0.66,0.04,0.3,0.2385,3.0675,6.0,0.47234049392599936,1.5082211075461198
complete_simplex,1158,0.66,0.06,0.28,0.2387515110413764,3.03997719490247,6.0,0.4714397394580508,1.509120934135944
complete_simplex,1159,0.66,0.08,0.26,0.2387515110413764,3.03997719490247,6.0,0.47144146060348463,1.5091182851123854
complete_simplex,1160,0.66,0.1,0.24,0.2387515110413764,3.03997719490247,6.0,0.4714431817489184,1.5091156360888272
complete_simplex,1161,0.66,0.12,0.22,0.231,3.40875,8.0,0.4636815365694177,1.5168763533902032
complete_simplex,1162,0.66,0.14,0.2,0.2325,3.345,8.0,0.432579205606246,1.5479777564752502
complete_simplex,1163,0.66,0.16,0.18,0.2169919500064384,3.5362233949338644,10.0,0.39301564318235716,1.5875403910210144
complete_simplex,1164,0.66,0.18,0.16,0.2105,3.57,10.0,0.35068758600745265,1.6298675203177946
complete_simplex,1165,0.66,0.2,0.14,0.1915,3.4875,10.0,0.3692197505473767,1.611334427899746
complete_simplex,1166,0.66,0.22,0.12,0.19,3.50625,10.0,0.397901169606721,1.5826520809622768
complete_simplex,1167,0.66,0.24,0.1,0.1885,3.525,10.0,0.42525507784717165,1.5552972448437017
complete_simplex,1168,0.66,0.26,0.08,0.187,3.54,10.0,0.4524815201242784,1.5280698746884702
complete_simplex,1169,0.66,0.28,0.06,0.186,3.55875,10.0,0.47859071874259623,1.501959748192028
complete_simplex,1170,0.66,0.3,0.04,0.1845,3.57375,10.0,0.5036111409434275,1.476938398113072
complete_simplex,1171,0.66,0.32,0.02,0.1835,3.58875,10.0,0.5289348163498279,1.451613794828547
complete_simplex,1172,0.66,0.34,0.0,0.182,3.6,10.0,0.5533516625510693,1.427196020749181
complete_simplex,1173,0.68,0.0,0.32,0.2385,3.0825,6.0,0.4878785444168578,1.5527005813993513
complete_simplex,1174,0.68,0.02,0.3,0.2394024363714622,3.054754622310349,6.0,0.48604441878401017,1.5545337791540743
complete_simplex,1175,0.68,0.04,0.28,0.2387515110413764,3.03997719490247,6.0,0.4857188409898178,1.5548584290701422
complete_simplex,1176,0.68,0.06,0.26,0.2387515110413764,3.03997719490247,6.0,0.4857205621352516,1.5548557800465839
complete_simplex,1177,0.68,0.08,0.24,0.2387515110413764,3.03997719490247,6.0,0.48572228328068545,1.554853131023025
complete_simplex,1178,0.68,0.1,0.22,0.2318114364272776,3.388866993372381,8.0,0.4668853492363298,1.573689137189256
complete_simplex,1179,0.68,0.12,0.2,0.2169919500064384,3.5362233949338644,10.0,0.436669903333547,1.6039036552139143
complete_simplex,1180,0.68,0.14,0.18,0.2169919500064384,3.5362233949338644,10.0,0.39301233137970415,1.6475602992896325
complete_simplex,1181,0.68,0.16,0.16,0.2169919500064384,3.5362233949338644,10.0,0.34935475942586136,1.691216943365351
complete_simplex,1182,0.68,0.18,0.14,0.1916323844361694,3.447596573355463,10.0,0.34176143919547997,1.6988093357176077
complete_simplex,1183,0.68,0.2,0.12,0.192,3.48375,10.0,0.3711088187604207,1.6694610282745423
complete_simplex,1184,0.68,0.22,0.1,0.1905,3.5025,10.0,0.39994053328181906,1.6406283858750195
complete_simplex,1185,0.68,0.24,0.08,0.189,3.5175,10.0,0.42853533778742614,1.6120326534912879
complete_simplex,1186,0.68,0.26,0.06,0.189,3.5475,10.0,0.455288931100757,1.585278132299832
complete_simplex,1187,0.68,0.28,0.04,0.1865,3.55125,10.0,0.48229263644328924,1.5582734990791751
complete_simplex,1188,0.68,0.3,0.02,0.185,3.56625,10.0,0.507513074425776,1.5330521332185638
complete_simplex,1189,0.68,0.32,0.0,0.184,3.58125,10.0,0.5330378613345009,1.5075264184317145
complete_simplex,1190,0.7,0.0,0.3,0.2387475146702261,3.0421447732992166,6.0,0.500005441377173,1.600589353026876
complete_simplex,1191,0.7,0.02,0.28,0.2387515110413764,3.03997719490247,6.0,0.49999794252158475,1.6005959240043395
complete_simplex,1192,0.7,0.04,0.26,0.2387515110413764,3.03997719490247,6.0,0.49999966366701853,1.6005932749807812
complete_simplex,1193,0.7,0.06,0.24,0.2387515110413764,3.03997719490247,6.0,0.5000013848124524,1.600590625957223
complete_simplex,1194,0.7,0.08,0.22,0.233,3.37125,8.0,0.4705317901759616,1.630059292715589
complete_simplex,1195,0.7,0.1,0.2,0.2169919500064384,3.5362233949338644,10.0,0.436666591530894,1.663923563482532
complete_simplex,1196,0.7,0.12,0.18,0.2169919500064384,3.5362233949338644,10.0,0.39300901957705114,1.7075802075582502
complete_simplex,1197,0.7,0.14,0.16,0.2169919500064384,3.5362233949338644,10.0,0.34935144762320836,1.7512368516339687
complete_simplex,1198,0.7,0.16,0.14,0.2015,3.48,10.0,0.31338797996279794,1.787199391416254
complete_simplex,1199,0.7,0.18,0.12,0.194,3.4575,10.0,0.34351901002683033,1.757067433474097
complete_simplex,1200,0.7,0.2,0.1,0.1911932271389063,3.469476961195968,10.0,0.37321584258318047,1.7273696730396224
complete_simplex,1201,0.7,0.22,0.08,0.191,3.495,10.0,0.40301910315827333,1.697565484586405
complete_simplex,1202,0.7,0.24,0.06,0.1895,3.51375,10.0,0.4307339211188341,1.6698497387477196
complete_simplex,1203,0.7,0.26,0.04,0.188,3.52875,10.0,0.45831934833094984,1.6422633836574794
complete_simplex,1204,0.7,0.28,0.02,0.187,3.5475,10.0,0.4847753983110991,1.6158064057992054
complete_simplex,1205,0.7,0.3,0.0,0.1855,3.55875,10.0,0.511443108772713,1.589137767459467
complete_simplex,1206,0.72,0.0,0.28,0.2387515110413764,3.03997719490247,6.0,0.5142770440533518,1.646333418938538
complete_simplex,1207,0.72,0.02,0.26,0.2387515110413764,3.03997719490247,6.0,0.5142787651987857,1.6463307699149796
complete_simplex,1208,0.72,0.04,0.24,0.231,3.40875,8.0,0.5058137951110715,1.6547948121245692
complete_simplex,1209,0.72,0.06,0.22,0.2335,3.3525,8.0,0.47444183450272454,1.6861658448547912
complete_simplex,1210,0.72,0.08,0.2,0.2169919500064384,3.5362233949338644,10.0,0.436663279728241,1.7239434717511501
complete_simplex,1211,0.72,0.1,0.18,0.2169919500064384,3.5362233949338644,10.0,0.39300570777439814,1.7676001158268684
complete_simplex,1212,0.72,0.12,0.16,0.2169919500064384,3.5362233949338644,10.0,0.34934813582055535,1.8112567599025868
complete_simplex,1213,0.72,0.14,0.14,0.2169919500064384,3.5362233949338644,10.0,0.3056905638667127,1.8549134039783048
complete_simplex,1214,0.72,0.16,0.12,0.196,3.43125,10.0,0.31403830835650526,1.8465647316103877
complete_simplex,1215,0.72,0.18,0.1,0.1945,3.45375,10.0,0.3452721310780358,1.8153299810107326
complete_simplex,1216,0.72,0.2,0.08,0.193,3.4725,10.0,0.3758727427097937,1.7847284415008502
complete_simplex,1217,0.72,0.22,0.06,0.1915,3.49125,10.0,0.4050830482788831,1.7555172080536363
complete_simplex,1218,0.72,0.24,0.04,0.19,3.50625,10.0,0.43405319492993216,1.726546133524462
complete_simplex,1219,0.72,0.26,0.02,0.1895,3.5325,10.0,0.46184875580952234,1.6987496447667474
complete_simplex,1220,0.72,0.28,0.0,0.1875,3.54,10.0,0.48852130586289205,1.672076166835253
complete_simplex,1221,0.74,0.0,0.26,0.2387515110413764,3.03997719490247,6.0,0.5285578667305526,1.692068264849177
complete_simplex,1222,0.74,0.02,0.24,0.2315,3.39,8.0,0.5090204550069413,1.7116047486946637
complete_simplex,1223,0.74,0.04,0.22,0.2335,3.33375,8.0,0.47878100084854813,1.7418432749749324
complete_simplex,1224,0.74,0.06,0.2,0.2169919500064384,3.5362233949338644,10.0,0.436659967925588,1.7839633800197678
complete_simplex,1225,0.74,0.08,0.18,0.2169919500064384,3.5362233949338644,10.0,0.3930023959717452,1.827620024095486
complete_simplex,1226,0.74,0.1,0.16,0.2169919500064384,3.5362233949338644,10.0,0.3493448240179024,1.8712766681712043
complete_simplex,1227,0.74,0.12,0.14,0.2169919500064384,3.5362233949338644,10.0,0.30568725206405967,1.9149333122469225
complete_simplex,1228,0.74,0.14,0.12,0.1975,3.40125,10.0,0.2829906800025496,1.9376289564303075
complete_simplex,1229,0.74,0.16,0.1,0.1965,3.4275,10.0,0.31563697627486537,1.9049817322798672
complete_simplex,1230,0.74,0.18,0.08,0.195,3.45,10.0,0.34703407789098883,1.8735837027856193
complete_simplex,1231,0.74,0.2,0.06,0.1935,3.46875,10.0,0.37779420570506134,1.8428226470934221
complete_simplex,1232,0.74,0.22,0.04,0.1915,3.48375,10.0,0.40715722775619945,1.8134586971641595
complete_simplex,1233,0.74,0.24,0.02,0.1911285830863529,3.5084911690324776,10.0,0.4359117790305086,1.784703218011726
complete_simplex,1234,0.74,0.26,0.0,0.189,3.5175,10.0,0.4642269643682587,1.7563871047958513
complete_simplex,1235,0.76,0.0,0.24,0.2335,3.375,8.0,0.5125312168837655,1.768110583283805
complete_simplex,1236,0.76,0.02,0.22,0.2169919500064384,3.5362233949338644,10.0,0.48031422807677765,1.8003266442126684
complete_simplex,1237,0.76,0.04,0.2,0.2169919500064384,3.5362233949338644,10.0,0.436656656122935,1.8439832882883864
complete_simplex,1238,0.76,0.06,0.18,0.2169919500064384,3.5362233949338644,10.0,0.3929990841690922,1.8876399323641042
complete_simplex,1239,0.76,0.08,0.16,0.2169919500064384,3.5362233949338644,10.0,0.3493415122152494,1.9312965764398224
complete_simplex,1240,0.76,0.1,0.14,0.217,3.52875,10.0,0.30570586097514135,1.974931299801806
complete_simplex,1241,0.76,0.12,0.12,0.2205,3.49875,10.0,0.26262735715958796,2.018008875739235
complete_simplex,1242,0.76,0.14,0.1,0.1985,3.40125,10.0,0.28402247776235745,1.9966128272583408
complete_simplex,1243,0.76,0.16,0.08,0.197,3.42375,10.0,0.3172436766271599,1.9633907005154136
complete_simplex,1244,0.76,0.18,0.06,0.195,3.4425,10.0,0.348803566360712,1.931829882903737
complete_simplex,1245,0.76,0.2,0.04,0.1916323844361694,3.447596573355463,10.0,0.3797084313448308,1.9009240900414937
complete_simplex,1246,0.76,0.22,0.02,0.192,3.48,10.0,0.4095185590421576,1.8711130344660423
complete_simplex,1247,0.76,0.24,0.0,0.191,3.49875,10.0,0.4385145877632463,1.8421160778668286
complete_simplex,1248,0.78,0.0,0.22,0.2169919500064384,3.5362233949338644,10.0,0.4803109162741247,1.8603465524812854
complete_simplex,1249,0.78,0.02,0.2,0.2169919500064384,3.5362233949338644,10.0,0.436653344320282,1.9040031965570037
complete_simplex,1250,0.78,0.04,0.18,0.2169919500064384,3.5362233949338644,10.0,0.3929957723664392,1.947659840632722
complete_simplex,1251,0.78,0.06,0.16,0.2169919500064384,3.5362233949338644,10.0,0.3493382004125964,1.9913164847084401
complete_simplex,1252,0.78,0.08,0.14,0.218,3.525,10.0,0.3057401366497987,2.0349136205931133
complete_simplex,1253,0.78,0.1,0.12,0.2205,3.49125,10.0,0.26281779298970975,2.0778350363750775
complete_simplex,1254,0.78,0.12,0.1,0.201,3.375,10.0,0.25098121689057573,2.0896706845960873
complete_simplex,1255,0.78,0.14,0.08,0.199,3.3975,10.0,0.28546452558336693,2.055186448025171
complete_simplex,1256,0.78,0.16,0.06,0.1975,3.42,10.0,0.3188584486991553,2.021791597031258
complete_simplex,1257,0.78,0.18,0.04,0.1955,3.43875,10.0,0.35058117294411517,1.9900679449081737
complete_simplex,1258,0.78,0.2,0.02,0.194,3.4575,10.0,0.38166194847001983,1.9589862415041444
complete_simplex,1259,0.78,0.22,0.0,0.1925,3.47625,10.0,0.41217649827941705,1.9284707638166227
complete_simplex,1260,0.8,0.0,0.2,0.2169919500064384,3.5362233949338644,10.0,0.436650032517629,1.9640231048256223
complete_simplex,1261,0.8,0.02,0.18,0.2169919500064384,3.5362233949338644,10.0,0.3929924605637862,2.0076797489013405
complete_simplex,1262,0.8,0.04,0.16,0.2169919500064384,3.5362233949338644,10.0,0.34933488860994344,2.051336392977058
complete_simplex,1263,0.8,0.06,0.14,0.218,3.5175,10.0,0.3058189226301146,2.0948514310787627
complete_simplex,1264,0.8,0.08,0.12,0.221,3.4875,10.0,0.26297634121827196,2.1376930846124806
complete_simplex,1265,0.8,0.1,0.1,0.2185,3.435,10.0,0.22161666229627122,2.179051835656357
complete_simplex,1266,0.8,0.12,0.08,0.2015,3.37125,10.0,0.2522527579331214,2.148414812141382
complete_simplex,1267,0.8,0.14,0.06,0.1995,3.39375,10.0,0.28691379899945174,2.1137528431969272
complete_simplex,1268,0.8,0.16,0.04,0.1975,3.4125,10.0,0.3204797839515635,2.080185930366691
complete_simplex,1269,0.8,0.18,0.02,0.196,3.435,10.0,0.35236771857188065,2.048297067868249
complete_simplex,1270,0.8,0.2,0.0,0.1945,3.45375,10.0,0.383610266493209,2.0170535920687964
complete_simplex,1271,0.82,0.0,0.18,0.2169919500064384,3.5362233949338644,10.0,0.3929891487611332,2.0676996571699577
complete_simplex,1272,0.82,0.02,0.16,0.2169919500064384,3.5362233949338644,10.0,0.34933157680729043,2.111356301245676
complete_simplex,1273,0.82,0.04,0.14,0.219,3.51375,10.0,0.3059160706434935,2.1547708795313483
complete_simplex,1274,0.82,0.06,0.12,0.222,3.48375,10.0,0.2632197273467374,2.19746629494998
complete_simplex,1275,0.82,0.08,0.1,0.2245,3.45,10.0,0.22098396558787242,2.2397011288307205
complete_simplex,1276,0.82,0.1,0.08,0.203,3.3375,10.0,0.21690398555512097,2.2437801809853473
complete_simplex,1277,0.82,0.12,0.06,0.201,3.36375,10.0,0.2530391979900618,2.2076440406722813
complete_simplex,1278,0.82,0.14,0.04,0.199,3.38625,10.0,0.2879668909349786,2.17271541984924
complete_simplex,1279,0.82,0.16,0.02,0.198,3.4125,10.0,0.32129164300631324,2.139389739899781
complete_simplex,1280,0.82,0.18,0.0,0.1965,3.43125,10.0,0.35416324745717787,2.106517207570792
complete_simplex,1281,0.84,0.0,0.16,0.2169919500064384,3.5362233949338644,10.0,0.34932826500463743,2.1713762095142943
complete_simplex,1282,0.84,0.02,0.14,0.2195,3.51,10.0,0.30601466920959763,2.2146888774312092
complete_simplex,1283,0.84,0.04,0.12,0.2215,3.47625,10.0,0.26341901309099375,2.257283605671688
complete_simplex,1284,0.84,0.06,0.1,0.225,3.44625,10.0,0.22125244359937063,2.2994492472851866
complete_simplex,1285,0.84,0.08,0.08,0.216,3.37125,10.0,0.1819230230938386,2.338777739912594
complete_simplex,1286,0.84,0.1,0.06,0.204,3.3375,10.0,0.2177930430694806,2.3029067920588275
complete_simplex,1287,0.84,0.12,0.04,0.202,3.36375,10.0,0.2541682314485471,2.266530675801637
complete_simplex,1288,0.84,0.14,0.02,0.2,3.38625,10.0,0.2890980396704008,2.2315999397016584
complete_simplex,1289,0.84,0.16,0.0,0.198,3.405,10.0,0.32292536819156353,2.197771683302371
complete_simplex,1290,0.86,0.0,0.14,0.2195,3.5025,10.0,0.306174110535649,2.2745460325711226
complete_simplex,1291,0.86,0.02,0.12,0.222,3.4725,10.0,0.26362852649661034,2.3170906887320366
complete_simplex,1292,0.86,0.04,0.1,0.224,3.43875,10.0,0.2214688587540852,2.359249428596437
complete_simplex,1293,0.86,0.06,0.08,0.2265,3.40125,10.0,0.17954763612501906,2.4011697233473788
complete_simplex,1294,0.86,0.08,0.06,0.2065,3.3075,10.0,0.18005305059409588,2.4006633810001774
complete_simplex,1295,0.86,0.1,0.04,0.204,3.33375,10.0,0.21834000315124516,2.362375500564904
complete_simplex,1296,0.86,0.12,0.02,0.2015,3.35625,10.0,0.25481194648130445,2.3259026293567193
complete_simplex,1297,0.86,0.14,0.0,0.2005,3.3825,10.0,0.2905646411734826,2.2901490067864168
complete_simplex,1298,0.88,0.0,0.12,0.2225,3.46875,10.0,0.2638551267868225,2.37688068490779
complete_simplex,1299,0.88,0.02,0.1,0.2245,3.435,10.0,0.2217531530884044,2.418981730728083
complete_simplex,1300,0.88,0.04,0.08,0.2265,3.3975,10.0,0.1797858181988519,2.4609481377395106
complete_simplex,1301,0.88,0.06,0.06,0.216,3.315,10.0,0.14122663801920743,2.499506390041031
complete_simplex,1302,0.88,0.08,0.04,0.207,3.30375,10.0,0.1809587232383416,2.459773376943772
complete_simplex,1303,0.88,0.1,0.02,0.204,3.33,10.0,0.21931916071026492,2.4214120115937243
complete_simplex,1304,0.88,0.12,0.0,0.2025,3.35625,10.0,0.2560973437205552,2.3846329007053093
complete_simplex,1305,0.9,0.0,0.1,0.225,3.43125,10.0,0.22205234066614146,2.4786991396163107
complete_simplex,1306,0.9,0.02,0.08,0.2265,3.39375,10.0,0.18003240551839866,2.520718146885929
complete_simplex,1307,0.9,0.04,0.06,0.229,3.3525,10.0,0.13781397863705674,2.5629356458891466
complete_simplex,1308,0.9,0.06,0.04,0.2095,3.26625,10.0,0.1409458485974099,2.5598028480506687
complete_simplex,1309,0.9,0.08,0.02,0.207,3.3,10.0,0.1814105076223913,2.519337261147563
complete_simplex,1310,0.9,0.1,0.0,0.2045,3.32625,10.0,0.21999244485844632,2.4807543960333827
complete_simplex,1311,0.92,0.0,0.08,0.2265,3.39,10.0,0.180287456430576,2.580479692439717
complete_simplex,1312,0.92,0.02,0.06,0.2285,3.34875,10.0,0.1380037084302188,2.622762512561949
complete_simplex,1313,0.92,0.04,0.04,0.2175,3.25875,10.0,0.09840105045218646,2.662364242661857
complete_simplex,1314,0.92,0.06,0.02,0.2103326887520986,3.2699400759762263,10.0,0.14118429198940027,2.6195800732465186
complete_simplex,1315,0.92,0.08,0.0,0.2063965412624639,3.2927834283005404,10.0,0.1817392537761013,2.579024183581693
complete_simplex,1316,0.94,0.0,0.06,0.2285,3.345,10.0,0.13826768468237263,2.68251513277576
complete_simplex,1317,0.94,0.02,0.04,0.23,3.29625,10.0,0.09504633948028061,2.7257355500997273
complete_simplex,1318,0.94,0.04,0.02,0.213,3.225,10.0,0.09830498734797763,2.7224759743539058
complete_simplex,1319,0.94,0.06,0.0,0.21,3.2625,10.0,0.141646185497392,2.679133848326367
complete_simplex,1320,0.96,0.0,0.04,0.229,3.2925,10.0,0.09521506230860717,2.7855834237373656
complete_simplex,1321,0.96,0.02,0.02,0.2205,3.195,10.0,0.052085778029703926,2.8287117801381445
complete_simplex,1322,0.96,0.04,0.0,0.2135,3.225,10.0,0.09854651739919282,2.782250112890531
complete_simplex,1323,0.98,0.0,0.02,0.232,3.22875,10.0,0.05016085998993131,2.890653294643882
complete_simplex,1324,0.98,0.02,0.0,0.2198398811694215,3.186649091268809,10.0,0.05218769801985019,2.8886255287358384
complete_simplex,1325,1.0,0.0,0.0,0.232,3.0675,10.0,0.0,3.0008298232216535
balanced_w_ge_0p1,0,0.1,0.1,0.8,0.2172050706795334,3.4314911002273765,4.0,0.1254121895821928,2.2739669539359775
balanced_w_ge_0p1,1,0.1,0.12,0.78,0.215,3.51375,4.0,0.1368377022021274,2.202563710215267
balanced_w_ge_0p1,2,0.1,0.14,0.76,0.2155,3.5925,4.0,0.14678811414478563,2.1326355671718344
balanced_w_ge_0p1,3,0.1,0.16,0.74,0.2125,3.6525,4.0,0.15540490952478148,2.0640410406910634
balanced_w_ge_0p1,4,0.1,0.18,0.72,0.2275993538525749,4.5,4.0,0.1567155474782317,2.0027526716368382
balanced_w_ge_0p1,5,0.1,0.2,0.7,0.2275993538525749,4.5,4.0,0.15671623465078885,1.9427742533635062
balanced_w_ge_0p1,6,0.1,0.22,0.68,0.2275993538525749,4.5,4.0,0.15671692182334604,1.8827958350901746
balanced_w_ge_0p1,7,0.1,0.24,0.66,0.2275993538525749,4.5,4.0,0.1567176089959032,1.822817416816842
balanced_w_ge_0p1,8,0.1,0.26,0.64,0.2275993538525749,4.5,4.0,0.15671829616846036,1.7628389985435102
balanced_w_ge_0p1,9,0.1,0.28,0.62,0.2275993538525749,4.5,4.0,0.15671898334101753,1.702860580270178
balanced_w_ge_0p1,10,0.1,0.3,0.6,0.2275993538525749,4.5,4.0,0.15671967051357472,1.6428821619968457
balanced_w_ge_0p1,11,0.1,0.32,0.58,0.2275993538525749,4.5,4.0,0.15672035768613188,1.5829037437235136
balanced_w_ge_0p1,12,0.1,0.34,0.56,0.2275993538525749,4.5,4.0,0.15672104485868904,1.522925325450182
balanced_w_ge_0p1,13,0.1,0.36,0.54,0.2275993538525749,4.5,4.0,0.15672173203124623,1.46294690717685
balanced_w_ge_0p1,14,0.1,0.38,0.52,0.2275993538525749,4.5,4.0,0.1567224192038034,1.4029684889035174
balanced_w_ge_0p1,15,0.1,0.4,0.5,0.2275993538525749,4.5,4.0,0.15672310637636055,1.3429900706301854
balanced_w_ge_0p1,16,0.1,0.42,0.48,0.2275993538525749,4.5,4.0,0.15672379354891772,1.2830116523568535
balanced_w_ge_0p1,17,0.1,0.44,0.46,0.2275993538525749,4.5,4.0,0.1567244807214749,1.2230332340835215
balanced_w_ge_0p1,18,0.1,0.46,0.44,0.2265,4.5,4.0,0.15673966969398462,1.2234771634046373
balanced_w_ge_0p1,19,0.1,0.48,0.42,0.223,4.5,4.0,0.15697624445862335,1.283238303590406
balanced_w_ge_0p1,20,0.1,0.5,0.4,0.2195,4.5,4.0,0.15749237725427637,1.3427198857451608
balanced_w_ge_0p1,21,0.1,0.52,0.38,0.2167888933488503,4.5,4.0,0.15809448781963795,1.4021154901302073
balanced_w_ge_0p1,22,0.1,0.54,0.36,0.213557728466282,4.5,4.0,0.15897544447329903,1.461232248426954
balanced_w_ge_0p1,23,0.1,0.56,0.34,0.2105,4.5,4.0,0.16002016479784043,1.5201852430528207
balanced_w_ge_0p1,24,0.1,0.58,0.32,0.2075261824828214,4.5,4.0,0.1612098249548916,1.5789932978461767
balanced_w_ge_0p1,25,0.1,0.6,0.3,0.205,4.5,4.0,0.1623514263311564,1.6378494114203197
balanced_w_ge_0p1,26,0.1,0.62,0.28,0.202,4.5,4.0,0.163850075526,1.6963484771758843
balanced_w_ge_0p1,27,0.1,0.64,0.26,0.1990830923766229,4.499999999999999,4.0,0.16545583688424872,1.7547404307680434
balanced_w_ge_0p1,28,0.1,0.66,0.24,0.1965463730082495,4.5,4.0,0.16696448032224895,1.8132295022804508
balanced_w_ge_0p1,29,0.1,0.68,0.22,0.1937321373565153,4.5,4.0,0.16875446809959394,1.8714372294535138
balanced_w_ge_0p1,30,0.1,0.7,0.2,0.191,4.5,4.0,0.17065273907609144,1.9295366734274237
balanced_w_ge_0p1,31,0.1,0.72,0.18,0.188,4.5,4.0,0.17275369365729518,1.9874334337966284
balanced_w_ge_0p1,32,0.1,0.74,0.16,0.1853207159819171,4.5,4.0,0.17477381938259265,2.0454110230217384
balanced_w_ge_0p1,33,0.1,0.76,0.14,0.1825,4.5,4.0,0.17699636921131023,2.103186188143429
balanced_w_ge_0p1,34,0.1,0.78,0.12,0.1796571296707944,4.5,4.0,0.17934879824688058,2.1608314740582664
balanced_w_ge_0p1,35,0.1,0.8,0.1,0.1769634488378673,4.5,4.0,0.1819486510670988,2.218229336188456
balanced_w_ge_0p1,36,0.12,0.1,0.78,0.22,3.3525,4.0,0.13751373717532037,2.201881677475692
balanced_w_ge_0p1,37,0.12,0.12,0.76,0.2172050706795334,3.4314911002273765,4.0,0.1504928147711295,2.128924868779109
balanced_w_ge_0p1,38,0.12,0.14,0.74,0.2145,3.49875,4.0,0.16204855509595045,2.0573913973535127
balanced_w_ge_0p1,39,0.12,0.16,0.72,0.215,3.56625,4.0,0.1723024481227266,1.987159773225962
balanced_w_ge_0p1,40,0.12,0.18,0.7,0.215,3.62625,4.0,0.18147007221444492,1.9180144180334684
balanced_w_ge_0p1,41,0.12,0.2,0.68,0.2276073507002146,4.5,4.0,0.18805807074084344,1.8514486884062953
balanced_w_ge_0p1,42,0.12,0.22,0.66,0.2276073507002146,4.5,4.0,0.18805875796103894,1.791470270085325
balanced_w_ge_0p1,43,0.12,0.24,0.64,0.2276073507002146,4.5,4.0,0.18805944518123446,1.7314918517643543
balanced_w_ge_0p1,44,0.12,0.26,0.62,0.2275993538525749,4.5,4.0,0.18806013238398378,1.67151343346083
balanced_w_ge_0p1,45,0.12,0.28,0.6,0.2275993538525749,4.5,4.0,0.18806081955654094,1.6115350151874979
balanced_w_ge_0p1,46,0.12,0.3,0.58,0.2275993538525749,4.5,4.0,0.1880615067290981,1.5515565969141658
balanced_w_ge_0p1,47,0.12,0.32,0.56,0.2275993538525749,4.5,4.0,0.18806219390165527,1.491578178640834
balanced_w_ge_0p1,48,0.12,0.34,0.54,0.2275993538525749,4.5,4.0,0.18806288107421246,1.431599760367502
balanced_w_ge_0p1,49,0.12,0.36,0.52,0.2275993538525749,4.5,4.0,0.18806356824676962,1.3716213420941696
balanced_w_ge_0p1,50,0.12,0.38,0.5,0.2275993538525749,4.5,4.0,0.18806425541932678,1.3116429238208376
balanced_w_ge_0p1,51,0.12,0.4,0.48,0.2275993538525749,4.5,4.0,0.18806494259188394,1.2516645055475057
balanced_w_ge_0p1,52,0.12,0.42,0.46,0.2275993538525749,4.5,4.0,0.18806562976444113,1.1916860872741735
balanced_w_ge_0p1,53,0.12,0.44,0.44,0.2275993538525749,4.5,4.0,0.1880663169369983,1.1321468148036007
balanced_w_ge_0p1,54,0.12,0.46,0.42,0.2275993538525749,4.5,4.0,0.18806700410955546,1.1921438425814515
balanced_w_ge_0p1,55,0.12,0.48,0.4,0.2275993538525749,4.5,4.0,0.18806769128211265,1.252140870359302
balanced_w_ge_0p1,56,0.12,0.5,0.38,0.2275993538525749,4.5,4.0,0.1880683784546698,1.3121378981371525
balanced_w_ge_0p1,57,0.12,0.52,0.36,0.2275993538525749,4.5,4.0,0.18806906562722697,1.3721349259150033
balanced_w_ge_0p1,58,0.12,0.54,0.34,0.2275993538525749,4.5,4.0,0.18806975279978413,1.432131953692854
balanced_w_ge_0p1,59,0.12,0.56,0.32,0.2253158092371337,4.5,4.0,0.18814521430695025,1.492054207136096
balanced_w_ge_0p1,60,0.12,0.58,0.3,0.2225,4.5,4.0,0.1884397551319753,1.5517573812614782
balanced_w_ge_0p1,61,0.12,0.6,0.28,0.2195,4.5,4.0,0.18899070257476822,1.6112041487690931
balanced_w_ge_0p1,62,0.12,0.62,0.26,0.217,4.5,4.0,0.18963049496878298,1.6705620713254863
balanced_w_ge_0p1,63,0.12,0.64,0.24,0.2145,4.5,4.0,0.1904288818187962,1.729761399425881
balanced_w_ge_0p1,64,0.12,0.66,0.22,0.212,4.5,4.0,0.1913806581437943,1.7888073380512908
balanced_w_ge_0p1,65,0.12,0.68,0.2,0.2095,4.5,4.0,0.19248061961813748,1.8477050915273554
balanced_w_ge_0p1,66,0.12,0.7,0.18,0.207,4.5,4.0,0.19372356257156165,1.9064598635243386
balanced_w_ge_0p1,67,0.12,0.72,0.16,0.205,4.5,4.0,0.19481983169267728,1.9653613093536313
balanced_w_ge_0p1,68,0.12,0.74,0.14,0.2025,4.5,4.0,0.19630462448125857,2.023874231515457
balanced_w_ge_0p1,69,0.12,0.76,0.12,0.2001076557336187,4.5,4.0,0.1978480878484213,2.0823284830987028
balanced_w_ge_0p1,70,0.12,0.78,0.1,0.198,4.5,4.0,0.19939907673165605,2.140775209165876
balanced_w_ge_0p1,71,0.14,0.1,0.76,0.2265,3.29625,4.0,0.1486526694529581,2.1307590163308987
balanced_w_ge_0p1,72,0.14,0.12,0.74,0.2195,3.36375,4.0,0.16279215108831252,2.0566418035947693
balanced_w_ge_0p1,73,0.14,0.14,0.72,0.2172050706795334,3.4314911002273765,4.0,0.17557343996006627,1.9838827836222406
balanced_w_ge_0p1,74,0.14,0.16,0.7,0.2155,3.49125,4.0,0.1872309167283117,1.9122475757532198
balanced_w_ge_0p1,75,0.14,0.18,0.68,0.2135,3.54375,4.0,0.19779012135999097,1.8417106400207666
balanced_w_ge_0p1,76,0.14,0.2,0.66,0.216,3.60375,4.0,0.20730145752080764,1.7722215727591744
balanced_w_ge_0p1,77,0.14,0.22,0.64,0.2145,3.64875,4.0,0.21593554815328742,1.7036097510259198
balanced_w_ge_0p1,78,0.14,0.24,0.62,0.2276073507002146,4.5,4.0,0.21940128111152943,1.640166286966903
balanced_w_ge_0p1,79,0.14,0.26,0.6,0.2276073507002146,4.5,4.0,0.21940196833172493,1.5801878686459323
balanced_w_ge_0p1,80,0.14,0.28,0.58,0.2276073507002146,4.5,4.0,0.21940265555192046,1.5202094503249617
balanced_w_ge_0p1,81,0.14,0.3,0.56,0.2276073507002146,4.5,4.0,0.21940334277211596,1.4602310320039917
balanced_w_ge_0p1,82,0.14,0.32,0.54,0.2276073507002146,4.5,4.0,0.21940402999231146,1.4002526136830213
balanced_w_ge_0p1,83,0.14,0.34,0.52,0.2276073507002146,4.5,4.0,0.21940471721250698,1.340274195362051
balanced_w_ge_0p1,84,0.14,0.36,0.5,0.2276073507002146,4.5,4.0,0.21940540443270248,1.28029577704108
balanced_w_ge_0p1,85,0.14,0.38,0.48,0.2275993538525749,4.5,4.0,0.21940609163485023,1.2203173587381577
balanced_w_ge_0p1,86,0.14,0.4,0.46,0.2275993538525749,4.5,4.0,0.2194067788074074,1.1603389404648257
balanced_w_ge_0p1,87,0.14,0.42,0.44,0.2275993538525749,4.5,4.0,0.21940746597996455,1.1003605221914936
balanced_w_ge_0p1,88,0.14,0.44,0.42,0.2275993538525749,4.5,4.0,0.2194081531525217,1.1007989921804624
balanced_w_ge_0p1,89,0.14,0.46,0.4,0.2275993538525749,4.5,4.0,0.2194088403250789,1.1607960199583132
balanced_w_ge_0p1,90,0.14,0.48,0.38,0.2275993538525749,4.5,4.0,0.21940952749763606,1.2207930477361637
balanced_w_ge_0p1,91,0.14,0.5,0.36,0.2275993538525749,4.5,4.0,0.21941021467019323,1.2807900755140142
balanced_w_ge_0p1,92,0.14,0.52,0.34,0.2275993538525749,4.5,4.0,0.21941090184275042,1.3407871032918652
balanced_w_ge_0p1,93,0.14,0.54,0.32,0.2275993538525749,4.5,4.0,0.21941158901530758,1.4007841310697156
balanced_w_ge_0p1,94,0.14,0.56,0.3,0.2275993538525749,4.5,4.0,0.21941227618786474,1.4607811588475665
balanced_w_ge_0p1,95,0.14,0.58,0.28,0.2275993538525749,4.5,4.0,0.2194129633604219,1.5207781866254169
balanced_w_ge_0p1,96,0.14,0.6,0.26,0.2275993538525749,4.5,4.0,0.2194136505329791,1.5807752144032674
balanced_w_ge_0p1,97,0.14,0.62,0.24,0.2275993538525749,4.5,4.0,0.21941433770553626,1.6407722421811184
balanced_w_ge_0p1,98,0.14,0.64,0.22,0.2265,4.5,4.0,0.21943537689691348,1.7007489179401487
balanced_w_ge_0p1,99,0.14,0.66,0.2,0.2245,4.5,4.0,0.2195758990596855,1.7606061107277846
balanced_w_ge_0p1,100,0.14,0.68,0.18,0.222,4.5,4.0,0.21993389827154672,1.8202458264663313
balanced_w_ge_0p1,101,0.14,0.7,0.16,0.2195,4.5,4.0,0.22048902789526018,1.879688411793025
balanced_w_ge_0p1,102,0.14,0.72,0.14,0.2175,4.5,4.0,0.22107110354121762,1.939104051097476
balanced_w_ge_0p1,103,0.14,0.74,0.12,0.2155,4.5,4.0,0.2218598450343048,1.9983130245547962
balanced_w_ge_0p1,104,0.14,0.76,0.1,0.213,4.5,4.0,0.22281158575154283,2.0573589987879664
balanced_w_ge_0p1,105,0.16,0.1,0.74,0.2375,3.2625,4.0,0.16202030718212224,2.0574076497345777
balanced_w_ge_0p1,106,0.16,0.12,0.72,0.222,3.3075,4.0,0.17391614047144066,1.9855340853444845
balanced_w_ge_0p1,107,0.16,0.14,0.7,0.2185,3.37125,4.0,0.1879133165873435,1.9115591781278067
balanced_w_ge_0p1,108,0.16,0.16,0.68,0.2172050706795334,3.4314911002273765,4.0,0.20065406514900297,1.8388406984653727
balanced_w_ge_0p1,109,0.16,0.18,0.66,0.2155,3.48375,4.0,0.21236496364827717,1.7671520688653233
balanced_w_ge_0p1,110,0.16,0.2,0.64,0.2145,3.5325,4.0,0.22312191190973113,1.6964173895030945
balanced_w_ge_0p1,111,0.16,0.22,0.62,0.2135,3.5775,4.0,0.23292902148255265,1.626632548829498
balanced_w_ge_0p1,112,0.16,0.24,0.6,0.215,3.62625,4.0,0.24195833494711108,1.5576255042641645
balanced_w_ge_0p1,113,0.16,0.26,0.58,0.2135,3.66375,4.0,0.25019004711839105,1.4894160609921094
balanced_w_ge_0p1,114,0.16,0.28,0.56,0.2276073507002146,4.5,4.0,0.25074449148221534,1.4288838855275108
balanced_w_ge_0p1,115,0.16,0.3,0.54,0.2276073507002146,4.5,4.0,0.25074517870241086,1.3689054672065404
balanced_w_ge_0p1,116,0.16,0.32,0.52,0.2276073507002146,4.5,4.0,0.2507458659226064,1.3089270488855695
balanced_w_ge_0p1,117,0.16,0.34,0.5,0.2276073507002146,4.5,4.0,0.2507465531428019,1.2489486305645991
balanced_w_ge_0p1,118,0.16,0.36,0.48,0.2276073507002146,4.5,4.0,0.2507472403629974,1.188970212243629
balanced_w_ge_0p1,119,0.16,0.38,0.46,0.2276073507002146,4.5,4.0,0.2507479275831929,1.1289917939226586
balanced_w_ge_0p1,120,0.16,0.4,0.44,0.2276073507002146,4.5,4.0,0.25074861480338845,1.069013375601688
balanced_w_ge_0p1,121,0.16,0.42,0.42,0.2276073507002146,4.5,4.0,0.2507493020235839,1.0094541419513776
balanced_w_ge_0p1,122,0.16,0.44,0.4,0.2276073507002146,4.5,4.0,0.25074998924377945,1.0694511696815898
balanced_w_ge_0p1,123,0.16,0.46,0.38,0.2276073507002146,4.5,4.0,0.250750676463975,1.1294481974118025
balanced_w_ge_0p1,124,0.16,0.48,0.36,0.2276073507002146,4.5,4.0,0.25075136368417045,1.1894452251420142
balanced_w_ge_0p1,125,0.16,0.5,0.34,0.2275993538525749,4.5,4.0,0.2507520508857166,1.249442252890876
balanced_w_ge_0p1,126,0.16,0.52,0.32,0.2275993538525749,4.5,4.0,0.25075273805827375,1.309439280668727
balanced_w_ge_0p1,127,0.16,0.54,0.3,0.2275993538525749,4.5,4.0,0.25075342523083094,1.3694363084465775
balanced_w_ge_0p1,128,0.16,0.56,0.28,0.2275993538525749,4.5,4.0,0.25075411240338813,1.4294333362244285
balanced_w_ge_0p1,129,0.16,0.58,0.26,0.2275993538525749,4.5,4.0,0.25075479957594526,1.4894303640022786
balanced_w_ge_0p1,130,0.16,0.6,0.24,0.2275993538525749,4.5,4.0,0.25075548674850245,1.5494273917801291
balanced_w_ge_0p1,131,0.16,0.62,0.22,0.2275993538525749,4.5,4.0,0.25075617392105964,1.60942441955798
balanced_w_ge_0p1,132,0.16,0.64,0.2,0.2275993538525749,4.5,4.0,0.2507568610936168,1.6694214473358306
balanced_w_ge_0p1,133,0.16,0.66,0.18,0.2275993538525749,4.5,4.0,0.25075754826617397,1.7294184751136814
balanced_w_ge_0p1,134,0.16,0.68,0.16,0.2275993538525749,4.5,4.0,0.25075823543873116,1.7894155028915322
balanced_w_ge_0p1,135,0.16,0.7,0.14,0.2275993538525749,4.5,4.0,0.2507589226112883,1.8494125306693825
balanced_w_ge_0p1,136,0.16,0.72,0.12,0.2275993538525749,4.5,4.0,0.2507596097838455,1.909409558447233
balanced_w_ge_0p1,137,0.16,0.74,0.1,0.226,4.5,4.0,0.25080940228208676,1.9693574808993992
balanced_w_ge_0p1,138,0.18,0.1,0.72,0.2365,3.2475,4.0,0.1791193555809524,1.9803248724685913
balanced_w_ge_0p1,139,0.18,0.12,0.7,0.226,3.2625,4.0,0.18430366698895737,1.9151628299598111
balanced_w_ge_0p1,140,0.18,0.14,0.68,0.221,3.3225,4.0,0.19918986949627818,1.8402988963517157
balanced_w_ge_0p1,141,0.18,0.16,0.66,0.2185,3.37875,4.0,0.21304640074001224,1.7664646340072068
balanced_w_ge_0p1,142,0.18,0.18,0.64,0.2172050706795334,3.4314911002273765,4.0,0.22573469033793972,1.6937986133085041
balanced_w_ge_0p1,143,0.18,0.2,0.62,0.215,3.47625,4.0,0.23755279977472735,1.6220027727709416
balanced_w_ge_0p1,144,0.18,0.22,0.6,0.213,3.5175,4.0,0.2484640174530626,1.5511138239918314
balanced_w_ge_0p1,145,0.18,0.24,0.58,0.215,3.56625,4.0,0.25845116472783997,1.481148945616279
balanced_w_ge_0p1,146,0.18,0.26,0.56,0.214,3.60375,4.0,0.26781568452857407,1.4118066947147705
balanced_w_ge_0p1,147,0.18,0.28,0.54,0.215,3.645,4.0,0.27641964420982673,1.3432250039327427
balanced_w_ge_0p1,148,0.18,0.3,0.52,0.2276073507002146,4.5,4.0,0.2820870146327058,1.2775799024090886
balanced_w_ge_0p1,149,0.18,0.32,0.5,0.2276073507002146,4.5,4.0,0.28208770185290133,1.2176014840881182
balanced_w_ge_0p1,150,0.18,0.34,0.48,0.2276073507002146,4.5,4.0,0.28208838907309686,1.1576230657671478
balanced_w_ge_0p1,151,0.18,0.36,0.46,0.2276073507002146,4.5,4.0,0.28208907629329233,1.0976446474461774
balanced_w_ge_0p1,152,0.18,0.38,0.44,0.2276073507002146,4.5,4.0,0.28208976351348786,1.037666229125207
balanced_w_ge_0p1,153,0.18,0.4,0.42,0.2276073507002146,4.5,4.0,0.2820904507336834,0.9776878108042366
balanced_w_ge_0p1,154,0.18,0.42,0.4,0.2276073507002146,4.5,4.0,0.28209113795387886,0.9781063196134678
balanced_w_ge_0p1,155,0.18,0.44,0.38,0.2276073507002146,4.5,4.0,0.2820918251740744,1.03810334734368
balanced_w_ge_0p1,156,0.18,0.46,0.36,0.2276073507002146,4.5,4.0,0.2820925123942699,1.0981003750738925
balanced_w_ge_0p1,157,0.18,0.48,0.34,0.2276073507002146,4.5,4.0,0.28209319961446544,1.1580974028041044
balanced_w_ge_0p1,158,0.18,0.5,0.32,0.2276073507002146,4.5,4.0,0.2820938868346609,1.2180944305343169
balanced_w_ge_0p1,159,0.18,0.52,0.3,0.2276073507002146,4.5,4.0,0.28209457405485644,1.2780914582645293
balanced_w_ge_0p1,160,0.18,0.54,0.28,0.2276073507002146,4.5,4.0,0.28209526127505197,1.3380884859947415
balanced_w_ge_0p1,161,0.18,0.56,0.26,0.2276073507002146,4.5,4.0,0.28209594849524744,1.3980855137249542
balanced_w_ge_0p1,162,0.18,0.58,0.24,0.2276073507002146,4.5,4.0,0.28209663571544297,1.4580825414551661
balanced_w_ge_0p1,163,0.18,0.6,0.22,0.2276073507002146,4.5,4.0,0.2820973229356385,1.5180795691853783
balanced_w_ge_0p1,164,0.18,0.62,0.2,0.2275993538525749,4.5,4.0,0.2820980101365831,1.5780765969348416
balanced_w_ge_0p1,165,0.18,0.64,0.18,0.2275993538525749,4.5,4.0,0.2820986973091403,1.6380736247126921
balanced_w_ge_0p1,166,0.18,0.66,0.16,0.2275993538525749,4.5,4.0,0.2820993844816974,1.698070652490543
balanced_w_ge_0p1,167,0.18,0.68,0.14,0.2275993538525749,4.5,4.0,0.2821000716542546,1.7580676802683939
balanced_w_ge_0p1,168,0.18,0.7,0.12,0.2275993538525749,4.5,4.0,0.28210075882681174,1.818064708046244
balanced_w_ge_0p1,169,0.18,0.72,0.1,0.2275993538525749,4.5,4.0,0.2821014459993689,1.8780617358240952
balanced_w_ge_0p1,170,0.2,0.1,0.7,0.2365,3.2325,4.0,0.1956311059477349,1.9038293932346517
balanced_w_ge_0p1,171,0.2,0.12,0.68,0.234,3.22875,4.0,0.19535711709085352,1.844125650990759
balanced_w_ge_0p1,172,0.2,0.14,0.66,0.223,3.2775,4.0,0.20993679626983774,1.7695682407109994
balanced_w_ge_0p1,173,0.2,0.16,0.64,0.22,3.33375,4.0,0.22462105914764827,1.694906246732414
balanced_w_ge_0p1,174,0.2,0.18,0.62,0.219,3.38625,4.0,0.2381749239362755,1.6213746508430118
balanced_w_ge_0p1,175,0.2,0.2,0.6,0.2172050706795334,3.4314911002273765,4.0,0.25081531552687647,1.5487565281516358
balanced_w_ge_0p1,176,0.2,0.22,0.58,0.2155,3.4725,4.0,0.2627292477905649,1.4768648647871723
balanced_w_ge_0p1,177,0.2,0.24,0.56,0.215,3.51375,4.0,0.27366933342227695,1.4059470480546858
balanced_w_ge_0p1,178,0.2,0.26,0.54,0.2155,3.555,4.0,0.2839293060766004,1.3357093442995875
balanced_w_ge_0p1,179,0.2,0.28,0.52,0.2155,3.5925,4.0,0.2935715601715249,1.266089359103888
balanced_w_ge_0p1,180,0.2,0.3,0.5,0.215,3.62625,4.0,0.3024465976797774,1.1972365904948603
balanced_w_ge_0p1,181,0.2,0.32,0.48,0.2125,3.6525,4.0,0.3108025529241878,1.1289029041496752
balanced_w_ge_0p1,182,0.2,0.34,0.46,0.2276073507002146,4.5,4.0,0.3134302250033918,1.0662975009696964
balanced_w_ge_0p1,183,0.2,0.36,0.44,0.2276073507002146,4.5,4.0,0.3134309122235873,1.006319082648726
balanced_w_ge_0p1,184,0.2,0.38,0.42,0.2276073507002146,4.5,4.0,0.3134315994437828,0.9463406643277554
balanced_w_ge_0p1,185,0.2,0.4,0.4,0.2276073507002146,4.5,4.0,0.3134322866639783,0.8867614695453458
balanced_w_ge_0p1,186,0.2,0.42,0.38,0.2276073507002146,4.5,4.0,0.31343297388417385,0.9467584972755578
balanced_w_ge_0p1,187,0.2,0.44,0.36,0.2276073507002146,4.5,4.0,0.3134336611043693,1.0067555250057703
balanced_w_ge_0p1,188,0.2,0.46,0.34,0.2276073507002146,4.5,4.0,0.31343434832456485,1.0667525527359825
balanced_w_ge_0p1,189,0.2,0.48,0.32,0.2276073507002146,4.5,4.0,0.3134350355447604,1.1267495804661947
balanced_w_ge_0p1,190,0.2,0.5,0.3,0.2276073507002146,4.5,4.0,0.31343572276495585,1.186746608196407
balanced_w_ge_0p1,191,0.2,0.52,0.28,0.2276073507002146,4.5,4.0,0.3134364099851514,1.2467436359266195
balanced_w_ge_0p1,192,0.2,0.54,0.26,0.2276073507002146,4.5,4.0,0.3134370972053469,1.306740663656832
balanced_w_ge_0p1,193,0.2,0.56,0.24,0.2276073507002146,4.5,4.0,0.3134377844255424,1.3667376913870442
balanced_w_ge_0p1,194,0.2,0.58,0.22,0.2276073507002146,4.5,4.0,0.3134384716457379,1.4267347191172561
balanced_w_ge_0p1,195,0.2,0.6,0.2,0.2276073507002146,4.5,4.0,0.31343915886593343,1.4867317468474686
balanced_w_ge_0p1,196,0.2,0.62,0.18,0.2276073507002146,4.5,4.0,0.3134398460861289,1.546728774577681
balanced_w_ge_0p1,197,0.2,0.64,0.16,0.2276073507002146,4.5,4.0,0.31344053330632443,1.6067258023078934
balanced_w_ge_0p1,198,0.2,0.66,0.14,0.2276073507002146,4.5,4.0,0.31344122052651996,1.6667228300381054
balanced_w_ge_0p1,199,0.2,0.68,0.12,0.2276073507002146,4.5,4.0,0.3134419077467155,1.726719857768318
balanced_w_ge_0p1,200,0.2,0.7,0.1,0.2276073507002146,4.5,4.0,0.31344259496691096,1.7867168854985298
balanced_w_ge_0p1,201,0.22,0.1,0.68,0.239,3.21375,4.0,0.21074610371589814,1.8287306665993326
balanced_w_ge_0p1,202,0.22,0.12,0.66,0.239,3.21,4.0,0.20985137467160997,1.7696476645428456
balanced_w_ge_0p1,203,0.22,0.14,0.64,0.224,3.23625,4.0,0.2199811782006423,1.6995401299130386
balanced_w_ge_0p1,204,0.22,0.16,0.62,0.2215,3.2925,4.0,0.2353549849797783,1.6241885920331274
balanced_w_ge_0p1,205,0.22,0.18,0.6,0.2205,3.345,4.0,0.2497499247141279,1.5498159211980027
balanced_w_ge_0p1,206,0.22,0.2,0.58,0.2185,3.39,4.0,0.26337676079337036,1.4762113540179853
balanced_w_ge_0p1,207,0.22,0.22,0.56,0.2172050706795334,3.4314911002273765,4.0,0.2758959407158132,1.403714442994768
balanced_w_ge_0p1,208,0.22,0.24,0.54,0.2155,3.46875,4.0,0.2877798950463075,1.3318527575634986
balanced_w_ge_0p1,209,0.22,0.26,0.52,0.215,3.50625,4.0,0.298906662128243,1.2607482593807882
balanced_w_ge_0p1,210,0.22,0.28,0.5,0.2144984345116586,3.5415853945110407,4.0,0.3092772407322311,1.1903999496760251
balanced_w_ge_0p1,211,0.22,0.3,0.48,0.215,3.5775,4.0,0.319065453575826,1.1206340057316555
balanced_w_ge_0p1,212,0.22,0.32,0.46,0.214,3.6075,4.0,0.3282548021937832,1.0514669260129235
balanced_w_ge_0p1,213,0.22,0.34,0.44,0.2135,3.6375,4.0,0.33689655694765885,0.9828474401582726
balanced_w_ge_0p1,214,0.22,0.36,0.42,0.2276073507002146,4.5,4.0,0.3447727481538822,0.9149935178512745
balanced_w_ge_0p1,215,0.22,0.38,0.4,0.2276073507002146,4.5,4.0,0.3447734353740777,0.8550150995303043
balanced_w_ge_0p1,216,0.22,0.4,0.38,0.2276073507002146,4.5,4.0,0.3447741225942732,0.8554136472074362
balanced_w_ge_0p1,217,0.22,0.42,0.36,0.2276073507002146,4.5,4.0,0.34477480981446873,0.915410674937648
balanced_w_ge_0p1,218,0.22,0.44,0.34,0.2276073507002146,4.5,4.0,0.3447754970346642,0.9754077026678605
balanced_w_ge_0p1,219,0.22,0.46,0.32,0.2276073507002146,4.5,4.0,0.34477618425485973,1.035404730398073
balanced_w_ge_0p1,220,0.22,0.48,0.3,0.2276073507002146,4.5,4.0,0.34477687147505526,1.095401758128285
balanced_w_ge_0p1,221,0.22,0.5,0.28,0.2085,4.5,6.0,0.3419931728709658,1.1581831716827822
balanced_w_ge_0p1,222,0.22,0.52,0.26,0.2010966496004539,4.5,6.0,0.3342280517318371,1.2259460077723188
balanced_w_ge_0p1,223,0.22,0.54,0.24,0.1944743704521894,4.5,6.0,0.32737222909747365,1.2927995453570902
balanced_w_ge_0p1,224,0.22,0.56,0.22,0.1870231483912201,4.5,6.0,0.32041616797737954,1.3597533214275923
balanced_w_ge_0p1,225,0.22,0.58,0.2,0.181,4.5,6.0,0.3170038896498219,1.4231633147055573
balanced_w_ge_0p1,226,0.22,0.6,0.18,0.178976050230504,4.5,6.0,0.32316124319349,1.4770036761122969
balanced_w_ge_0p1,227,0.22,0.62,0.16,0.1767446323417184,4.5,6.0,0.3288134797564898,1.531349154499705
balanced_w_ge_0p1,228,0.22,0.64,0.14,0.1748769944968108,4.5,6.0,0.33484133239161923,1.5853190168149836
balanced_w_ge_0p1,229,0.22,0.66,0.12,0.173,4.5,6.0,0.3408400278044985,1.6393180363525122
balanced_w_ge_0p1,230,0.22,0.68,0.1,0.2276073507002146,4.5,4.0,0.34478374367701037,1.6953720354304083
balanced_w_ge_0p1,231,0.24,0.1,0.66,0.2385,3.19875,4.0,0.225984432817788,1.7535086086302858
balanced_w_ge_0p1,232,0.24,0.12,0.64,0.238,3.195,4.0,0.22501325502296585,1.6945020553243333
balanced_w_ge_0p1,233,0.24,0.14,0.62,0.229,3.20625,4.0,0.22972664393550984,1.6298109353110142
balanced_w_ge_0p1,234,0.24,0.16,0.6,0.223,3.255,4.0,0.2456299560525955,1.5539298920931537
balanced_w_ge_0p1,235,0.24,0.18,0.58,0.222,3.3075,4.0,0.26086409883593203,1.478718018209042
balanced_w_ge_0p1,236,0.24,0.2,0.56,0.22,3.3525,4.0,0.2750123017286358,1.404592084215564
balanced_w_ge_0p1,237,0.24,0.22,0.54,0.2185,3.39375,4.0,0.28845098560368787,1.3311756692397367
balanced_w_ge_0p1,238,0.24,0.24,0.52,0.2172050706795334,3.4314911002273765,4.0,0.3009765659047499,1.2586723578378998
balanced_w_ge_0p1,239,0.24,0.26,0.5,0.2189330101863049,3.474212391163765,4.0,0.31297383416601626,1.1866973584758584
balanced_w_ge_0p1,240,0.24,0.28,0.48,0.2145,3.49875,4.0,0.32409014218759985,1.1156033193534998
balanced_w_ge_0p1,241,0.24,0.3,0.46,0.2145,3.5325,4.0,0.3346799339824426,1.0450357964578822
balanced_w_ge_0p1,242,0.24,0.32,0.44,0.215,3.56625,4.0,0.3445998813329533,0.9751381180065967
balanced_w_ge_0p1,243,0.24,0.34,0.42,0.2135,3.5925,4.0,0.35406704256376054,0.9056932256750146
balanced_w_ge_0p1,244,0.24,0.36,0.4,0.215,3.62625,4.0,0.3629348604124435,0.8368476767255569
balanced_w_ge_0p1,245,0.24,0.38,0.38,0.213,3.64875,4.0,0.3712889150366988,0.7688951534069876
balanced_w_ge_0p1,246,0.24,0.4,0.36,0.2276073507002146,4.5,4.0,0.3761159585245681,0.8240658248695263
balanced_w_ge_0p1,247,0.24,0.42,0.34,0.2276073507002146,4.5,4.0,0.3761166457447636,0.8840628525997385
balanced_w_ge_0p1,248,0.24,0.44,0.32,0.2249317396262705,4.5,6.0,0.3709285434720083,0.9492486698229013
balanced_w_ge_0p1,249,0.24,0.46,0.3,0.2195,4.5,6.0,0.34989723967214453,1.0302776885731733
balanced_w_ge_0p1,250,0.24,0.48,0.28,0.2114239394155163,4.5,6.0,0.33687773724679276,1.1032949059489325
balanced_w_ge_0p1,251,0.24,0.5,0.26,0.2035673305392526,4.5,6.0,0.3280976557133996,1.1720727024327335
balanced_w_ge_0p1,252,0.24,0.52,0.24,0.1965,4.5,6.0,0.3205100157537504,1.2396580573427909
balanced_w_ge_0p1,253,0.24,0.54,0.22,0.191,4.5,6.0,0.31840543031952806,1.3017603577274208
balanced_w_ge_0p1,254,0.24,0.56,0.2,0.1885,4.5,6.0,0.3242544080910566,1.3559090949063004
balanced_w_ge_0p1,255,0.24,0.58,0.18,0.1865,4.5,6.0,0.33026320248832125,1.4098980154594432
balanced_w_ge_0p1,256,0.24,0.6,0.16,0.1843429565776892,4.5,6.0,0.33612947067205134,1.464029462226121
balanced_w_ge_0p1,257,0.24,0.62,0.14,0.1822896178271306,4.5,6.0,0.342073709919497,1.5180829379290832
balanced_w_ge_0p1,258,0.24,0.64,0.12,0.1802716113405559,4.5,6.0,0.3479332238601135,1.5722211389388745
balanced_w_ge_0p1,259,0.24,0.66,0.1,0.1785,4.5,6.0,0.3542503464238638,1.625901731325532
balanced_w_ge_0p1,260,0.26,0.1,0.64,0.239,3.18375,4.0,0.2407720528400672,1.6787372597408503
balanced_w_ge_0p1,261,0.26,0.12,0.62,0.238,3.18,4.0,0.23972425201085357,1.619807329469289
balanced_w_ge_0p1,262,0.26,0.14,0.6,0.2345,3.18,4.0,0.24002797458960282,1.5595258757897645
balanced_w_ge_0p1,263,0.26,0.16,0.58,0.2245,3.22125,4.0,0.2554879421104692,1.4840881771681231
balanced_w_ge_0p1,264,0.26,0.18,0.56,0.222,3.27,4.0,0.2713296391257509,1.4082687490520671
balanced_w_ge_0p1,265,0.26,0.2,0.54,0.2215,3.31875,4.0,0.2861565888648729,1.3334640682121701
balanced_w_ge_0p1,266,0.26,0.22,0.52,0.22,3.36,4.0,0.3003269884674553,1.2593159375088128
balanced_w_ge_0p1,267,0.26,0.24,0.5,0.2175,3.39375,4.0,0.3136538382847265,1.1860113565907664
balanced_w_ge_0p1,268,0.26,0.26,0.48,0.2172050706795334,3.4314911002273765,4.0,0.32605719109368664,1.1136302726810314
balanced_w_ge_0p1,269,0.26,0.28,0.46,0.215,3.46125,4.0,0.3380261735140711,1.0416835591598723
balanced_w_ge_0p1,270,0.26,0.3,0.44,0.2165,3.49875,4.0,0.34926795573955205,0.9704640458336163
balanced_w_ge_0p1,271,0.26,0.32,0.42,0.2145,3.525,4.0,0.3599302367157029,0.8998240337566905
balanced_w_ge_0p1,272,0.26,0.34,0.4,0.2145,3.555,4.0,0.37007260153092525,0.8297039378406934
balanced_w_ge_0p1,273,0.26,0.36,0.38,0.2135,3.58125,4.0,0.37968628114093345,0.7601125271299103
balanced_w_ge_0p1,274,0.26,0.38,0.36,0.2145,3.61125,4.0,0.38878797136130755,0.751390110674764
balanced_w_ge_0p1,275,0.26,0.4,0.34,0.2249317396262705,4.5,6.0,0.39410671877550624,0.8060690782109732
balanced_w_ge_0p1,276,0.26,0.42,0.32,0.2249317396262705,4.5,6.0,0.3709290650546169,0.8892444468822702
balanced_w_ge_0p1,277,0.26,0.44,0.3,0.2239122915257003,4.5,6.0,0.34782843264778524,0.9723427942395098
balanced_w_ge_0p1,278,0.26,0.46,0.28,0.2145,4.5,6.0,0.33216553292534634,1.0480034089123567
balanced_w_ge_0p1,279,0.26,0.48,0.26,0.2063165821632989,4.499999999999999,6.0,0.3219409712950337,1.1182256854930768
balanced_w_ge_0p1,280,0.26,0.5,0.24,0.2005,4.5,6.0,0.31880869751674945,1.1813556742217688
balanced_w_ge_0p1,281,0.26,0.52,0.22,0.198,4.5,6.0,0.325040781567805,1.2351213051211212
balanced_w_ge_0p1,282,0.26,0.54,0.2,0.1957059857558834,4.5,6.0,0.33101397952231487,1.2891458221170193
balanced_w_ge_0p1,283,0.26,0.56,0.18,0.1935,4.5,6.0,0.33697948234990677,1.3431780342398354
balanced_w_ge_0p1,284,0.26,0.58,0.16,0.1915,4.5,6.0,0.3433343052315565,1.396820926308593
balanced_w_ge_0p1,285,0.26,0.6,0.14,0.1892580628783082,4.5,6.0,0.3490323360880885,1.4511206104024688
balanced_w_ge_0p1,286,0.26,0.62,0.12,0.1871950783010619,4.5,6.0,0.3551573360402777,1.5049933254006875
balanced_w_ge_0p1,287,0.26,0.64,0.1,0.1851668971539313,4.5,6.0,0.36133868849496203,1.558809687896411
balanced_w_ge_0p1,288,0.28,0.1,0.62,0.24,3.16875,4.0,0.25512887316904914,1.6043967105447117
balanced_w_ge_0p1,289,0.28,0.12,0.6,0.2385,3.165,4.0,0.2539571286833563,1.5455907239296294
balanced_w_ge_0p1,290,0.28,0.14,0.58,0.238,3.16125,4.0,0.2529196729966044,1.4866504485156065
balanced_w_ge_0p1,291,0.28,0.16,0.56,0.2265,3.19125,4.0,0.26514600004354427,1.414446390367892
balanced_w_ge_0p1,292,0.28,0.18,0.54,0.224,3.24,4.0,0.2814116904291258,1.3382029688815356
balanced_w_ge_0p1,293,0.28,0.2,0.52,0.222,3.285,4.0,0.2967721676364206,1.2628647605734657
balanced_w_ge_0p1,294,0.28,0.22,0.5,0.2205,3.32625,4.0,0.31150744563249133,1.18815175147662
balanced_w_ge_0p1,295,0.28,0.24,0.48,0.2195,3.36375,4.0,0.3255701740530599,1.1141112919552767
balanced_w_ge_0p1,296,0.28,0.26,0.46,0.219,3.40125,4.0,0.3387351917790955,1.0409685431284663
balanced_w_ge_0p1,297,0.28,0.28,0.44,0.2172050706795334,3.4314911002273765,4.0,0.3511378162826234,0.9685881875241632
balanced_w_ge_0p1,298,0.28,0.3,0.42,0.216,3.46125,4.0,0.36314879241418224,0.8965994802918296
balanced_w_ge_0p1,299,0.28,0.32,0.4,0.2155,3.49125,4.0,0.3744552276662054,0.8253153139390317
balanced_w_ge_0p1,300,0.28,0.34,0.38,0.217,3.525,4.0,0.3852486694975797,0.7545441410068825
balanced_w_ge_0p1,301,0.28,0.36,0.36,0.2135,3.54375,4.0,0.39557394778226057,0.6846004328957882
balanced_w_ge_0p1,302,0.28,0.38,0.34,0.2249317396262705,4.5,6.0,0.3941072403581148,0.7460648552703419
balanced_w_ge_0p1,303,0.28,0.4,0.32,0.2249317396262705,4.5,6.0,0.3709295866372255,0.8292402239416392
balanced_w_ge_0p1,304,0.28,0.42,0.3,0.2249317396262705,4.5,6.0,0.3477519329163361,0.912415592612936
balanced_w_ge_0p1,305,0.28,0.44,0.28,0.2178963573071295,4.5,6.0,0.3280808706239372,0.9920843698557428
balanced_w_ge_0p1,306,0.28,0.46,0.26,0.2105,4.5,6.0,0.3201333345327267,1.0600296208973614
balanced_w_ge_0p1,307,0.28,0.48,0.24,0.2076469440994266,4.5,6.0,0.3259623844670756,1.11419828591342
balanced_w_ge_0p1,308,0.28,0.5,0.22,0.205,4.5,6.0,0.3320657225639899,1.1680926627669135
balanced_w_ge_0p1,309,0.28,0.52,0.2,0.2025,4.5,6.0,0.33818595380678745,1.2219701464745238
balanced_w_ge_0p1,310,0.28,0.54,0.18,0.2004750972079673,4.5,6.0,0.3440724648750583,1.2760813503566608
balanced_w_ge_0p1,311,0.28,0.56,0.16,0.198,4.5,6.0,0.3500337832014754,1.330117746980652
balanced_w_ge_0p1,312,0.28,0.58,0.14,0.196,4.5,6.0,0.3560112098245558,1.3841380353079789
balanced_w_ge_0p1,313,0.28,0.6,0.12,0.194,4.5,6.0,0.36233871918684724,1.4378082408960953
balanced_w_ge_0p1,314,0.28,0.62,0.1,0.192,4.5,6.0,0.36846143429259365,1.4916832407407568
balanced_w_ge_0p1,315,0.3,0.1,0.6,0.241,3.15375,4.0,0.2690707512619415,1.5304711035846628
balanced_w_ge_0p1,316,0.3,0.12,0.58,0.2385,3.15,4.0,0.26772032205042895,1.4718438016954003
balanced_w_ge_0p1,317,0.3,0.14,0.56,0.2385,3.14625,4.0,0.2666541820522677,1.412932210592787
balanced_w_ge_0p1,318,0.3,0.16,0.54,0.228,3.16125,4.0,0.27436235677162146,1.3452463047726582
balanced_w_ge_0p1,319,0.3,0.18,0.52,0.225,3.21,4.0,0.29106164464677836,1.2685692857967263
balanced_w_ge_0p1,320,0.3,0.2,0.5,0.223,3.255,4.0,0.3070302212595877,1.192622978083142
balanced_w_ge_0p1,321,0.3,0.22,0.48,0.2215,3.29625,4.0,0.32223385177207853,1.1174416164698764
balanced_w_ge_0p1,322,0.3,0.24,0.46,0.22,3.33375,4.0,0.3369227501701894,1.0427749869709906
balanced_w_ge_0p1,323,0.3,0.26,0.44,0.2206615691514306,3.372695539050833,4.0,0.35066976756000195,0.9690502384804032
balanced_w_ge_0p1,324,0.3,0.28,0.42,0.218,3.40125,4.0,0.36388555712130094,0.8958567178183294
balanced_w_ge_0p1,325,0.3,0.3,0.4,0.2172050706795334,3.4314911002273765,4.0,0.3762184414715601,0.8235461023672954
balanced_w_ge_0p1,326,0.3,0.32,0.38,0.2155,3.4575,4.0,0.3884057018203487,0.7513811109177316
balanced_w_ge_0p1,327,0.3,0.34,0.36,0.217,3.49125,4.0,0.3995887619327679,0.6802203197045376
balanced_w_ge_0p1,328,0.3,0.36,0.34,0.2249317396262705,4.5,6.0,0.39410776194072333,0.6860606323297107
balanced_w_ge_0p1,329,0.3,0.38,0.32,0.2249317396262705,4.5,6.0,0.370930108219834,0.7692360010010078
balanced_w_ge_0p1,330,0.3,0.4,0.3,0.2249317396262705,4.5,6.0,0.34775245449894465,0.8524113696723051
balanced_w_ge_0p1,331,0.3,0.42,0.28,0.2216654048048889,4.5,6.0,0.32530628176384746,0.9348552573578099
balanced_w_ge_0p1,332,0.3,0.44,0.26,0.2178963573071295,4.5,6.0,0.32811315742861846,0.9920460966434468
balanced_w_ge_0p1,333,0.3,0.46,0.24,0.215,4.5,6.0,0.333722917524754,1.046434051497719
balanced_w_ge_0p1,334,0.3,0.48,0.22,0.2121772685789945,4.5,6.0,0.33921577326318203,1.1009389107096987
balanced_w_ge_0p1,335,0.3,0.5,0.2,0.2095,4.5,6.0,0.34491383936073466,1.1552385595625538
balanced_w_ge_0p1,336,0.3,0.52,0.18,0.207,4.5,6.0,0.3507957233116118,1.2093543905620847
balanced_w_ge_0p1,337,0.3,0.54,0.16,0.2045,4.5,6.0,0.3570580404932317,1.2630897883308727
balanced_w_ge_0p1,338,0.3,0.56,0.14,0.2025,4.5,6.0,0.3630390120317118,1.3171065317428006
balanced_w_ge_0p1,339,0.3,0.58,0.12,0.2,4.5,6.0,0.36924720211819656,1.3708960566067232
balanced_w_ge_0p1,340,0.3,0.6,0.1,0.198,4.5,6.0,0.3750267848351456,1.425114188840182
balanced_w_ge_0p1,341,0.32,0.1,0.58,0.242,3.13875,4.0,0.28271303640401496,1.4568450895754326
balanced_w_ge_0p1,342,0.32,0.12,0.56,0.239,3.135,4.0,0.28107512471815804,1.3985052701605152
balanced_w_ge_0p1,343,0.32,0.14,0.54,0.2404075065306343,3.128839694115445,4.0,0.27938564445070446,1.3402170193271936
balanced_w_ge_0p1,344,0.32,0.16,0.52,0.2305,3.135,4.0,0.28348338712888665,1.2761415455482366
balanced_w_ge_0p1,345,0.32,0.18,0.5,0.2255,3.18,4.0,0.30060920624392035,1.1990379953324277
balanced_w_ge_0p1,346,0.32,0.2,0.48,0.2245,3.22875,4.0,0.3169696456397553,1.122699824835818
balanced_w_ge_0p1,347,0.32,0.22,0.46,0.223,3.27,4.0,0.33272329462734884,1.0469684447474497
balanced_w_ge_0p1,348,0.32,0.24,0.44,0.222,3.3075,4.0,0.34781205720042335,0.9719019510736002
balanced_w_ge_0p1,349,0.32,0.26,0.42,0.2214788504840721,3.3441341051031594,4.0,0.3620341974907152,0.8977020796825333
balanced_w_ge_0p1,350,0.32,0.28,0.4,0.2185,3.37125,4.0,0.37581269148454177,0.823945854587932
balanced_w_ge_0p1,351,0.32,0.3,0.38,0.2175,3.40125,4.0,0.3889294593995167,0.7508513555721821
balanced_w_ge_0p1,352,0.32,0.32,0.36,0.2172050706795334,3.4314911002273765,4.0,0.4012990666604968,0.6785040172104271
balanced_w_ge_0p1,353,0.32,0.34,0.34,0.2249317396262705,4.5,6.0,0.3941082835233319,0.6260564093890795
balanced_w_ge_0p1,354,0.32,0.36,0.32,0.2249317396262705,4.5,6.0,0.37093062980244257,0.7092317780603765
balanced_w_ge_0p1,355,0.32,0.38,0.3,0.2249317396262705,4.5,6.0,0.3477529760815532,0.7924071467316738
balanced_w_ge_0p1,356,0.32,0.4,0.28,0.2295,4.5,6.0,0.33437547148312796,0.8657823662805069
balanced_w_ge_0p1,357,0.32,0.42,0.26,0.2255842493438246,4.499999999999998,6.0,0.33816922059414134,0.9219863321199011
balanced_w_ge_0p1,358,0.32,0.44,0.24,0.2225,4.5,6.0,0.3430079465600457,0.9771453211044046
balanced_w_ge_0p1,359,0.32,0.46,0.22,0.2191257732727781,4.5,6.0,0.3477843912064243,1.0323665914084341
balanced_w_ge_0p1,360,0.32,0.48,0.2,0.2165,4.5,6.0,0.35318024400239434,1.0869684535628716
balanced_w_ge_0p1,361,0.32,0.5,0.18,0.2135384125402995,4.5,6.0,0.3586577442157173,1.1414886682999563
balanced_w_ge_0p1,362,0.32,0.52,0.16,0.211,4.5,6.0,0.3643362314960783,1.1958078959700034
balanced_w_ge_0p1,363,0.32,0.54,0.14,0.2085,4.5,6.0,0.3703600773853793,1.2497817650311103
balanced_w_ge_0p1,364,0.32,0.56,0.12,0.2065,4.5,6.0,0.3759474855307329,1.3041920718361646
balanced_w_ge_0p1,365,0.32,0.58,0.1,0.2040373673727001,4.5,6.0,0.38213303210298555,1.3580042402143193
balanced_w_ge_0p1,366,0.34,0.1,0.56,0.2435,3.12375,4.0,0.29607034747228694,1.3835040496400046
balanced_w_ge_0p1,367,0.34,0.12,0.54,0.2395,3.12,4.0,0.2940508096911796,1.3255458563203368
balanced_w_ge_0p1,368,0.34,0.14,0.52,0.2404105931983237,3.113410374684605,4.0,0.29215761573893956,1.2674613191718018
balanced_w_ge_0p1,369,0.34,0.16,0.5,0.234,3.1125,4.0,0.29314530796602156,1.206495895843945
balanced_w_ge_0p1,370,0.34,0.18,0.48,0.228,3.1575,4.0,0.30975055237390225,1.1299129203352893
balanced_w_ge_0p1,371,0.34,0.2,0.46,0.2255,3.2025,4.0,0.32663270169690617,1.0530530399115108
balanced_w_ge_0p1,372,0.34,0.22,0.44,0.224,3.24375,4.0,0.3427081550743852,0.9769998554332566
balanced_w_ge_0p1,373,0.34,0.24,0.42,0.2225,3.28125,4.0,0.35833437547291525,0.9013959039339517
balanced_w_ge_0p1,374,0.34,0.26,0.4,0.221,3.315,4.0,0.37318334207883896,0.8265692062272533
balanced_w_ge_0p1,375,0.34,0.28,0.38,0.2195,3.345,4.0,0.3874609224270206,0.7523138947782966
balanced_w_ge_0p1,376,0.34,0.3,0.36,0.2185,3.375,4.0,0.40105002627123043,0.6787470598333116
balanced_w_ge_0p1,377,0.34,0.32,0.34,0.2249317396262705,4.5,6.0,0.39410880510594043,0.6261891086669895
balanced_w_ge_0p1,378,0.34,0.34,0.32,0.2249317396262705,4.5,6.0,0.3709311513850511,0.6493658345097544
balanced_w_ge_0p1,379,0.34,0.36,0.3,0.2325,4.5,6.0,0.3523656389814365,0.7277907824737677
balanced_w_ge_0p1,380,0.34,0.38,0.28,0.2385,4.5,6.0,0.34994089600659734,0.7902132403990147
balanced_w_ge_0p1,381,0.34,0.4,0.26,0.2340995299006754,4.5,6.0,0.35138246652445426,0.8487693848315658
balanced_w_ge_0p1,382,0.34,0.42,0.24,0.23,4.5,6.0,0.3543735845649337,0.9057759817414941
balanced_w_ge_0p1,383,0.34,0.44,0.22,0.2265,4.5,6.0,0.35813515637646204,0.9620121248803732
balanced_w_ge_0p1,384,0.34,0.46,0.2,0.2235,4.5,6.0,0.36221242075574395,1.0179325754514994
balanced_w_ge_0p1,385,0.34,0.48,0.18,0.2205,4.5,6.0,0.36705037585843026,1.0730923352992208
balanced_w_ge_0p1,386,0.34,0.5,0.16,0.2175,4.5,6.0,0.37262360016133933,1.1275168259467194
balanced_w_ge_0p1,387,0.34,0.52,0.14,0.215,4.5,6.0,0.3778111257928736,1.1823270152655934
balanced_w_ge_0p1,388,0.34,0.54,0.12,0.2125,4.5,6.0,0.38347687200748737,1.2366589840013873
balanced_w_ge_0p1,389,0.34,0.56,0.1,0.21,4.5,6.0,0.38960612712538495,1.2905274438338976
balanced_w_ge_0p1,390,0.36,0.1,0.54,0.2404419499255741,3.110246750915058,4.0,0.30847021932323276,1.3111204489219022
balanced_w_ge_0p1,391,0.36,0.12,0.52,0.2395,3.105,4.0,0.3066617272323466,1.2529512099120133
balanced_w_ge_0p1,392,0.36,0.14,0.5,0.2415,3.0975,4.0,0.3046069167650375,1.1950282892785475
balanced_w_ge_0p1,393,0.36,0.16,0.48,0.2395,3.09375,4.0,0.3032944065620395,1.1363630683807704
balanced_w_ge_0p1,394,0.36,0.18,0.46,0.229,3.13125,4.0,0.3188634681776317,1.0608162756644035
balanced_w_ge_0p1,395,0.36,0.2,0.44,0.226,3.17625,4.0,0.33605014511993336,0.9836518676213268
balanced_w_ge_0p1,396,0.36,0.22,0.42,0.2245,3.2175,4.0,0.3525261230270303,0.9071981586134552
balanced_w_ge_0p1,397,0.36,0.24,0.4,0.223,3.255,4.0,0.36843048646657983,0.8313160640731309
balanced_w_ge_0p1,398,0.36,0.26,0.38,0.2215,3.28875,4.0,0.38378220890906245,0.755986610529873
balanced_w_ge_0p1,399,0.36,0.28,0.36,0.221,3.3225,4.0,0.3983611329748843,0.6819543051421354
balanced_w_ge_0p1,400,0.36,0.3,0.34,0.2249317396262705,4.5,6.0,0.394109326688549,0.686205183550346
balanced_w_ge_0p1,401,0.36,0.32,0.32,0.231,4.5,6.0,0.3742921298351034,0.706021452525667
balanced_w_ge_0p1,402,0.36,0.34,0.3,0.2396414702732897,4.5,6.0,0.3704511457733802,0.7098615087092657
balanced_w_ge_0p1,403,0.36,0.36,0.28,0.2396414702732897,4.5,6.0,0.37045057027908324,0.709861156325438
balanced_w_ge_0p1,404,0.36,0.38,0.26,0.2396414702732897,4.5,6.0,0.37044999478478635,0.7696981552132107
balanced_w_ge_0p1,405,0.36,0.4,0.24,0.239,4.5,6.0,0.3704714709144394,0.8296743940339657
balanced_w_ge_0p1,406,0.36,0.42,0.22,0.235,4.5,6.0,0.3715722299410344,0.8885713499577783
balanced_w_ge_0p1,407,0.36,0.44,0.2,0.231,4.5,6.0,0.3742882935277068,0.9458530013215138
balanced_w_ge_0p1,408,0.36,0.46,0.18,0.2275,4.5,6.0,0.3779396676540983,1.0021993421455304
balanced_w_ge_0p1,409,0.36,0.48,0.16,0.2245,4.5,6.0,0.38198235994593743,1.0581543648040985
balanced_w_ge_0p1,410,0.36,0.5,0.14,0.2216654048048889,4.5,6.0,0.3866012923655885,1.1135331473348553
balanced_w_ge_0p1,411,0.36,0.52,0.12,0.219,4.5,6.0,0.3918267123199615,1.1683054423308905
balanced_w_ge_0p1,412,0.36,0.54,0.1,0.2165,4.5,6.0,0.39731307627204293,1.2228167933292169
balanced_w_ge_0p1,413,0.38,0.1,0.52,0.2426580686116522,3.095242080133884,4.0,0.3210906541923392,1.2385162851856388
balanced_w_ge_0p1,414,0.38,0.12,0.5,0.2395,3.09,4.0,0.31897645609767955,1.1806527521795236
balanced_w_ge_0p1,415,0.38,0.14,0.48,0.2405,3.0825,4.0,0.3167426406903528,1.1229088364860755
balanced_w_ge_0p1,416,0.38,0.16,0.46,0.241,3.075,4.0,0.3145634528687057,1.0651102932069478
balanced_w_ge_0p1,417,0.38,0.18,0.44,0.2295,3.105,4.0,0.32791500950216573,0.991781005472713
balanced_w_ge_0p1,418,0.38,0.2,0.42,0.2275,3.15375,4.0,0.34530416956240334,0.9144141143117004
balanced_w_ge_0p1,419,0.38,0.22,0.4,0.2255,3.195,4.0,0.36218588091788373,0.8375546718554452
balanced_w_ge_0p1,420,0.38,0.24,0.38,0.224,3.2325,4.0,0.378419140501943,0.7619138219591661
balanced_w_ge_0p1,421,0.38,0.26,0.36,0.2225,3.26625,4.0,0.39403958228455876,0.7462924522984258
balanced_w_ge_0p1,422,0.38,0.28,0.34,0.23,4.5,6.0,0.39632919799937005,0.7440019087054898
balanced_w_ge_0p1,423,0.38,0.3,0.32,0.2396414702732897,4.5,6.0,0.3910267032652772,0.749303475561458
balanced_w_ge_0p1,424,0.38,0.32,0.3,0.2396414702732897,4.5,6.0,0.39102612777098034,0.7493031231776304
balanced_w_ge_0p1,425,0.38,0.34,0.28,0.2396414702732897,4.5,6.0,0.3910255522766834,0.7493027707938027
balanced_w_ge_0p1,426,0.38,0.36,0.26,0.2396414702732897,4.5,6.0,0.3910249767823865,0.749302418409975
balanced_w_ge_0p1,427,0.38,0.38,0.24,0.2396414702732897,4.5,6.0,0.3910244012880896,0.7493020660261472
balanced_w_ge_0p1,428,0.38,0.4,0.22,0.2396414702732897,4.5,6.0,0.3910238257937927,0.8091160527469977
balanced_w_ge_0p1,429,0.38,0.42,0.2,0.2396414702732897,4.5,6.0,0.39102325029949575,0.8691143431917021
balanced_w_ge_0p1,430,0.38,0.44,0.18,0.2355,4.5,6.0,0.3919686883224253,0.9281666201191803
balanced_w_ge_0p1,431,0.38,0.46,0.16,0.232,4.5,6.0,0.39444737628537235,0.9856856471066413
balanced_w_ge_0p1,432,0.38,0.48,0.14,0.2285651249512418,4.5,6.0,0.3976268782415217,1.0425038601008996
balanced_w_ge_0p1,433,0.38,0.5,0.12,0.2255,4.5,6.0,0.4016778039067528,1.0984506493860764
balanced_w_ge_0p1,434,0.38,0.52,0.1,0.2227345859715467,4.5,6.0,0.40628457547565455,1.1538415927675825
balanced_w_ge_0p1,435,0.4,0.1,0.5,0.244,3.07875,4.0,0.3331267386516829,1.1664964718591386
balanced_w_ge_0p1,436,0.4,0.12,0.48,0.2430212080951415,3.073090217085962,4.0,0.33094803951394053,1.1086974398961063
balanced_w_ge_0p1,437,0.4,0.14,0.46,0.24,3.0675,4.0,0.32876873365557574,1.050899014653696
balanced_w_ge_0p1,438,0.4,0.16,0.44,0.2423370922740524,3.05790207588867,4.0,0.32619286123906466,0.9934971559694322
balanced_w_ge_0p1,439,0.4,0.18,0.42,0.231,3.0825,4.0,0.33676843717211824,0.9229438489356039
balanced_w_ge_0p1,440,0.4,0.2,0.4,0.229,3.13125,4.0,0.3542865492352806,0.846063937569918
balanced_w_ge_0p1,441,0.4,0.22,0.38,0.2265,3.1725,4.0,0.3714482442245305,0.8289013147025436
balanced_w_ge_0p1,442,0.4,0.24,0.36,0.225,3.21,4.0,0.38806977059478054,0.812278860454169
balanced_w_ge_0p1,443,0.4,0.26,0.34,0.223,3.24375,4.0,0.40428755229983376,0.7960601508709912
balanced_w_ge_0p1,444,0.4,0.28,0.32,0.2396542739810095,4.5,6.0,0.41160168510491413,0.788745090187786
balanced_w_ge_0p1,445,0.4,0.3,0.3,0.2396542739810095,4.5,6.0,0.41160110965656843,0.7887447377580072
balanced_w_ge_0p1,446,0.4,0.32,0.28,0.2396542739810095,4.5,6.0,0.4116005342082228,0.7887443853282283
balanced_w_ge_0p1,447,0.4,0.34,0.26,0.2396542739810095,4.5,6.0,0.4115999587598771,0.7887440328984494
balanced_w_ge_0p1,448,0.4,0.36,0.24,0.2396414702732897,4.5,6.0,0.41159938328568973,0.7887436804945123
balanced_w_ge_0p1,449,0.4,0.38,0.22,0.2396414702732897,4.5,6.0,0.41159880779139285,0.7887433281106844
balanced_w_ge_0p1,450,0.4,0.4,0.2,0.2396414702732897,4.5,6.0,0.4115982322970959,0.7887429757268567
balanced_w_ge_0p1,451,0.4,0.42,0.18,0.2396414702732897,4.5,6.0,0.41159765680279903,0.848533950280784
balanced_w_ge_0p1,452,0.4,0.44,0.16,0.2396414702732897,4.5,6.0,0.4115970813085021,0.9085322407254888
balanced_w_ge_0p1,453,0.4,0.46,0.14,0.236207882518536,4.499999999999999,6.0,0.41228305914069663,0.9678439778437021
balanced_w_ge_0p1,454,0.4,0.48,0.12,0.2325,4.5,6.0,0.41452533966114813,1.0255994122736583
balanced_w_ge_0p1,455,0.4,0.5,0.1,0.2295,4.5,6.0,0.4179402359465026,1.0821822309387117
balanced_w_ge_0p1,456,0.42,0.1,0.48,0.2435,3.06375,4.0,0.3446482643679156,1.0949912172757494
balanced_w_ge_0p1,457,0.42,0.12,0.46,0.2435,3.05625,4.0,0.3423122324902578,1.0373495180526326
balanced_w_ge_0p1,458,0.42,0.14,0.44,0.2425,3.04875,4.0,0.33985524559084923,0.9798287738512661
balanced_w_ge_0p1,459,0.42,0.16,0.42,0.2415,3.04125,4.0,0.33743831433278626,0.9229296968165018
balanced_w_ge_0p1,460,0.42,0.18,0.4,0.231,3.05625,4.0,0.34581038755637034,0.914556695714793
balanced_w_ge_0p1,461,0.42,0.2,0.38,0.2285,3.105,4.0,0.36342300069157335,0.8969431547014655
balanced_w_ge_0p1,462,0.42,0.22,0.36,0.2285,3.15375,4.0,0.3807119227582878,0.8796533047566264
balanced_w_ge_0p1,463,0.42,0.24,0.34,0.2265,3.19125,4.0,0.39769860266589946,0.8626656969708901
balanced_w_ge_0p1,464,0.42,0.26,0.32,0.225,3.225,4.0,0.4139274161561192,0.8464359556025458
balanced_w_ge_0p1,465,0.42,0.28,0.3,0.223,3.255,4.0,0.42983075167357204,0.8305316922069683
balanced_w_ge_0p1,466,0.42,0.3,0.28,0.2396542739810095,4.5,6.0,0.4321755156057513,0.8281860003966645
balanced_w_ge_0p1,467,0.42,0.32,0.26,0.2396542739810095,4.5,6.0,0.4321749401574056,0.8281856479668857
balanced_w_ge_0p1,468,0.42,0.34,0.24,0.2396542739810095,4.5,6.0,0.43217436470905995,0.8281852955371067
balanced_w_ge_0p1,469,0.42,0.36,0.22,0.2396542739810095,4.5,6.0,0.43217378926071426,0.8281849431073276
balanced_w_ge_0p1,470,0.42,0.38,0.2,0.2396542739810095,4.5,6.0,0.4321732138123686,0.8281845906775487
balanced_w_ge_0p1,471,0.42,0.4,0.18,0.2396542739810095,4.5,6.0,0.432172638364023,0.8281842382477698
balanced_w_ge_0p1,472,0.42,0.42,0.16,0.2396542739810095,4.5,6.0,0.4321720629156773,0.8281838858179909
balanced_w_ge_0p1,473,0.42,0.44,0.14,0.2396542739810095,4.5,6.0,0.43217148746733164,0.8879518481590443
balanced_w_ge_0p1,474,0.42,0.46,0.12,0.2396542739810095,4.5,6.0,0.43217091201898594,0.9479501385577981
balanced_w_ge_0p1,475,0.42,0.48,0.1,0.2365,4.5,6.0,0.4327746530128195,1.0073441125143723
balanced_w_ge_0p1,476,0.44,0.1,0.46,0.242,3.04875,4.0,0.35584153365020177,1.023814219126307
balanced_w_ge_0p1,477,0.44,0.12,0.44,0.2415,3.04125,4.0,0.3534972484489509,0.9668882870444266
balanced_w_ge_0p1,478,0.44,0.14,0.42,0.2405,3.03375,4.0,0.3512633804644458,0.9691212271508072
balanced_w_ge_0p1,479,0.44,0.16,0.4,0.243,3.0225,4.0,0.3483781730069344,0.972005506730194
balanced_w_ge_0p1,480,0.44,0.18,0.38,0.2335,3.0375,4.0,0.3548388422960565,0.9655439095629472
balanced_w_ge_0p1,481,0.44,0.2,0.36,0.2305,3.08625,4.0,0.37228503435558963,0.9480967896252894
balanced_w_ge_0p1,482,0.44,0.22,0.34,0.229,3.13125,4.0,0.38970963029292927,0.9306712658098253
balanced_w_ge_0p1,483,0.44,0.24,0.32,0.2265,3.16875,4.0,0.4070199327975786,0.9133600354270515
balanced_w_ge_0p1,484,0.44,0.26,0.3,0.225,3.2025,4.0,0.42368039315873485,0.8966986471877706
balanced_w_ge_0p1,485,0.44,0.28,0.28,0.224,3.23625,4.0,0.4399302903139325,0.8804478221544482
balanced_w_ge_0p1,486,0.44,0.3,0.26,0.2396542739810095,4.5,6.0,0.45274992155493415,0.8676272630353219
balanced_w_ge_0p1,487,0.44,0.32,0.24,0.2396542739810095,4.5,6.0,0.4527493461065885,0.867626910605543
balanced_w_ge_0p1,488,0.44,0.34,0.22,0.2396542739810095,4.5,6.0,0.4527487706582428,0.8676265581757642
balanced_w_ge_0p1,489,0.44,0.36,0.2,0.2396542739810095,4.5,6.0,0.4527481952098972,0.867626205745985
balanced_w_ge_0p1,490,0.44,0.38,0.18,0.2396542739810095,4.5,6.0,0.45274761976155153,0.8676258533162061
balanced_w_ge_0p1,491,0.44,0.4,0.16,0.2396542739810095,4.5,6.0,0.45274704431320584,0.8676255008864273
balanced_w_ge_0p1,492,0.44,0.42,0.14,0.2396542739810095,4.5,6.0,0.4527464688648602,0.8676251484566484
balanced_w_ge_0p1,493,0.44,0.44,0.12,0.2396542739810095,4.5,6.0,0.4527458934165145,0.8676247960268695
balanced_w_ge_0p1,494,0.44,0.46,0.1,0.2396542739810095,4.5,6.0,0.45274531796816886,0.9273697462010002
balanced_w_ge_0p1,495,0.46,0.1,0.44,0.2405,3.03375,4.0,0.36722062789247456,1.013181504066868
balanced_w_ge_0p1,496,0.46,0.12,0.42,0.2412916771322051,3.025010061629679,4.0,0.3646782129367308,1.0157229911444872
balanced_w_ge_0p1,497,0.46,0.14,0.4,0.242,3.015,4.0,0.36192317889013226,1.018477097312961
balanced_w_ge_0p1,498,0.46,0.16,0.38,0.2435,3.00375,4.0,0.3591773123388765,1.0212220359860922
balanced_w_ge_0p1,499,0.46,0.18,0.36,0.2335,3.01125,4.0,0.3640697081642594,1.0163287122825846
balanced_w_ge_0p1,500,0.46,0.2,0.34,0.231,3.06375,4.0,0.38132938098854935,0.9990681115801701
balanced_w_ge_0p1,501,0.46,0.22,0.32,0.229,3.10875,4.0,0.39873821580923113,0.9816583488813637
balanced_w_ge_0p1,502,0.46,0.24,0.3,0.228,3.15,4.0,0.41599364509474707,0.9644019917177233
balanced_w_ge_0p1,503,0.46,0.26,0.28,0.226,3.18375,4.0,0.4330704084940395,0.947324300440306
balanced_w_ge_0p1,504,0.46,0.28,0.26,0.225,3.2175,4.0,0.44958603361844796,0.9308077474377731
balanced_w_ge_0p1,505,0.46,0.3,0.24,0.224,3.2475,4.0,0.4655341399710469,0.9148587132070496
balanced_w_ge_0p1,506,0.46,0.32,0.22,0.2396542739810095,4.5,6.0,0.4733237520557714,0.9070681732442005
balanced_w_ge_0p1,507,0.46,0.34,0.2,0.2396542739810095,4.5,6.0,0.47332317660742573,0.9070678208144216
balanced_w_ge_0p1,508,0.46,0.36,0.18,0.233,4.5,8.0,0.4707001754204777,0.9096898941232449
balanced_w_ge_0p1,509,0.46,0.38,0.16,0.2396542739810095,4.5,6.0,0.4733220257107344,0.9070671159548636
balanced_w_ge_0p1,510,0.46,0.4,0.14,0.2396542739810095,4.5,6.0,0.47332145026238875,0.9070667635250846
balanced_w_ge_0p1,511,0.46,0.42,0.12,0.2396542739810095,4.5,6.0,0.47332087481404306,0.9070664110953058
balanced_w_ge_0p1,512,0.46,0.44,0.1,0.2396542739810095,4.5,6.0,0.4733202993656974,0.9070660586655267
balanced_w_ge_0p1,513,0.48,0.1,0.42,0.2435,3.015,4.0,0.3779498447071585,1.062467955840024
balanced_w_ge_0p1,514,0.48,0.12,0.4,0.241,3.0075,4.0,0.37550754566992917,1.0649093269991288
balanced_w_ge_0p1,515,0.48,0.14,0.38,0.2413263843639705,3.0,4.0,0.37350384639761475,1.0669120983933187
balanced_w_ge_0p1,516,0.48,0.16,0.36,0.2413263843639705,3.0,4.0,0.37350608856341044,1.0669089283493984
balanced_w_ge_0p1,517,0.48,0.18,0.34,0.239,3.0,4.0,0.3738131108590268,1.0666009781756574
balanced_w_ge_0p1,518,0.48,0.2,0.32,0.2325,3.045,4.0,0.3901833127089456,1.050229848447614
balanced_w_ge_0p1,519,0.48,0.22,0.3,0.23,3.09,4.0,0.4077375617847708,1.0326746714936643
balanced_w_ge_0p1,520,0.48,0.24,0.28,0.2275,3.1275,4.0,0.42513264375812354,1.015278661642187
balanced_w_ge_0p1,521,0.48,0.26,0.26,0.2265,3.165,4.0,0.44232147142868083,0.9980889060935049
balanced_w_ge_0p1,522,0.48,0.28,0.24,0.226,3.19875,4.0,0.4592249472388326,0.9811845024052286
balanced_w_ge_0p1,523,0.48,0.3,0.22,0.2245,3.22875,4.0,0.4754377958201797,0.964970725945757
balanced_w_ge_0p1,524,0.48,0.32,0.2,0.1805,3.69375,10.0,0.4847193492488922,0.9556882446389199
balanced_w_ge_0p1,525,0.48,0.34,0.18,0.2405,4.5,8.0,0.47823156090791424,0.9621751051017733
balanced_w_ge_0p1,526,0.48,0.36,0.16,0.236,4.5,8.0,0.48500115375572495,0.9554045843758378
balanced_w_ge_0p1,527,0.48,0.38,0.14,0.2325,4.5,8.0,0.49334341516334024,0.9470613950900979
balanced_w_ge_0p1,528,0.48,0.4,0.12,0.2396542739810095,4.5,6.0,0.49389585621157156,0.946508026163742
balanced_w_ge_0p1,529,0.48,0.42,0.1,0.2396542739810095,4.5,6.0,0.4938952807632259,0.946507673733963
balanced_w_ge_0p1,530,0.5,0.1,0.4,0.2413263843639705,3.0,4.0,0.3890573374842328,1.1113761316507902
balanced_w_ge_0p1,531,0.5,0.12,0.38,0.2413263843639705,3.0,4.0,0.3890595796500285,1.11137296160687
balanced_w_ge_0p1,532,0.5,0.14,0.36,0.2413263843639705,3.0,4.0,0.3890618218158242,1.1113697915629497
balanced_w_ge_0p1,533,0.5,0.16,0.34,0.237,3.2325,6.0,0.3859528771221909,1.1144778083784581
balanced_w_ge_0p1,534,0.5,0.18,0.32,0.229,3.21,6.0,0.38423477425734753,1.116194983365177
balanced_w_ge_0p1,535,0.5,0.2,0.3,0.234,3.02625,4.0,0.39939151333850664,1.1010373164058933
balanced_w_ge_0p1,536,0.5,0.22,0.28,0.231,3.07125,4.0,0.4167713613945699,1.0836565404717056
balanced_w_ge_0p1,537,0.5,0.24,0.26,0.2295,3.1125,4.0,0.43417422014690527,1.0662527538412456
balanced_w_ge_0p1,538,0.5,0.26,0.24,0.2285,3.15,4.0,0.45150170432352604,1.0489243417865
balanced_w_ge_0p1,539,0.5,0.28,0.22,0.226,3.18,4.0,0.4685287281985496,1.031896390033352
balanced_w_ge_0p1,540,0.5,0.3,0.2,0.1865,3.6975,10.0,0.4686482693347265,1.0317759210190505
balanced_w_ge_0p1,541,0.5,0.32,0.18,0.1845,3.70875,10.0,0.49070026560477703,1.0097229968708754
balanced_w_ge_0p1,542,0.5,0.34,0.16,0.244,4.5,8.0,0.4948592000765566,1.005563134520971
balanced_w_ge_0p1,543,0.5,0.36,0.14,0.2395,4.5,8.0,0.4996226819822958,1.0007987247371073
balanced_w_ge_0p1,544,0.5,0.38,0.12,0.235,4.5,8.0,0.5071859282915996,0.9932345505496789
balanced_w_ge_0p1,545,0.5,0.4,0.1,0.2396542739810095,4.5,6.0,0.5144702621607544,0.9859492888023995
balanced_w_ge_0p1,546,0.52,0.1,0.38,0.2413263843639705,3.0,4.0,0.4046153129024423,1.1558338248204212
balanced_w_ge_0p1,547,0.52,0.12,0.36,0.237,3.24,6.0,0.4035763418798397,1.1568718679648993
balanced_w_ge_0p1,548,0.52,0.14,0.34,0.239,3.21375,6.0,0.39680729623769634,1.1636399857289181
balanced_w_ge_0p1,549,0.52,0.16,0.32,0.2375,3.19125,6.0,0.39051617144504114,1.1699301826434485
balanced_w_ge_0p1,550,0.52,0.18,0.3,0.2295,3.18375,6.0,0.39286292271986434,1.1675825034905007
balanced_w_ge_0p1,551,0.52,0.2,0.28,0.2345,3.00375,4.0,0.4085845152858884,1.151859983046352
balanced_w_ge_0p1,552,0.52,0.22,0.26,0.232,3.0525,4.0,0.42571559119323393,1.134727979260882
balanced_w_ge_0p1,553,0.52,0.24,0.24,0.23,3.09375,4.0,0.443210266745734,1.1172323758302574
balanced_w_ge_0p1,554,0.52,0.26,0.22,0.2275,3.1275,4.0,0.46055553395995363,1.099886180737913
balanced_w_ge_0p1,555,0.52,0.28,0.2,0.1935,3.68625,10.0,0.4589658431836584,1.1014749436360836
balanced_w_ge_0p1,556,0.52,0.3,0.18,0.18,3.63,10.0,0.47337060361166067,1.0870692553299568
balanced_w_ge_0p1,557,0.52,0.32,0.16,0.18,3.65625,10.0,0.4958915066888091,1.064547424374684
balanced_w_ge_0p1,558,0.52,0.34,0.14,0.248,4.5,8.0,0.5132693927698233,1.0471686104155449
balanced_w_ge_0p1,559,0.52,0.36,0.12,0.2425,4.5,8.0,0.5158588053210843,1.0445782699861592
balanced_w_ge_0p1,560,0.52,0.38,0.1,0.238,4.5,8.0,0.5217358901906654,1.0387002572384536
balanced_w_ge_0p1,561,0.54,0.1,0.36,0.237,3.225,6.0,0.4146017658037584,1.2058630405069455
balanced_w_ge_0p1,562,0.54,0.12,0.34,0.239,3.19875,6.0,0.407615300382004,1.2128485780505753
balanced_w_ge_0p1,563,0.54,0.14,0.32,0.2375,3.17625,6.0,0.40198402675858774,1.218478923795867
balanced_w_ge_0p1,564,0.54,0.16,0.3,0.238,3.15,6.0,0.39655311456378267,1.2239089081125474
balanced_w_ge_0p1,565,0.54,0.18,0.28,0.23,3.1575,6.0,0.4019475734189331,1.2185135213792724
balanced_w_ge_0p1,566,0.54,0.2,0.26,0.2265,3.2175,6.0,0.42003942241494957,1.2004207445051314
balanced_w_ge_0p1,567,0.54,0.22,0.24,0.233,3.03375,4.0,0.43465553535860757,1.1858037036833489
balanced_w_ge_0p1,568,0.54,0.24,0.22,0.232,3.07875,4.0,0.45206487711034654,1.168393434053485
balanced_w_ge_0p1,569,0.54,0.26,0.2,0.198,3.64125,10.0,0.4501085543822391,1.1703488289034678
balanced_w_ge_0p1,570,0.54,0.28,0.18,0.182,3.60375,10.0,0.4545666852145062,1.1658897701930762
balanced_w_ge_0p1,571,0.54,0.3,0.16,0.1805,3.61875,10.0,0.4782938512486676,1.1421616762807902
balanced_w_ge_0p1,572,0.54,0.32,0.14,0.181,3.64875,10.0,0.5010852406018959,1.1193693590494376
balanced_w_ge_0p1,573,0.54,0.34,0.12,0.1835,3.69375,10.0,0.5235736127070646,1.096880059066144
balanced_w_ge_0p1,574,0.54,0.36,0.1,0.246,4.5,8.0,0.5333569015124492,1.087095842382635
balanced_w_ge_0p1,575,0.56,0.1,0.34,0.2395,3.18375,6.0,0.4190822896986194,1.261398185199925
balanced_w_ge_0p1,576,0.56,0.12,0.32,0.2375,3.16125,6.0,0.41351964438044486,1.2669599026399747
balanced_w_ge_0p1,577,0.56,0.14,0.3,0.238,3.135,6.0,0.408487157557085,1.2719914615852101
balanced_w_ge_0p1,578,0.56,0.16,0.28,0.238,3.10875,6.0,0.4045696118142312,1.2759080794499391
balanced_w_ge_0p1,579,0.56,0.18,0.26,0.232,3.13875,6.0,0.41153337823875186,1.268943385147294
balanced_w_ge_0p1,580,0.56,0.2,0.24,0.228,3.19875,6.0,0.4287111064066776,1.2517647291012437
balanced_w_ge_0p1,581,0.56,0.22,0.22,0.234,3.015,4.0,0.44385406770085467,1.236620839928942
balanced_w_ge_0p1,582,0.56,0.24,0.2,0.2055,3.61125,10.0,0.44247620807568405,1.2379977716759878
balanced_w_ge_0p1,583,0.56,0.26,0.18,0.184,3.5775,10.0,0.4342532108280083,1.246219841045539
balanced_w_ge_0p1,584,0.56,0.28,0.16,0.183,3.59625,10.0,0.4592824778482916,1.2211896461471312
balanced_w_ge_0p1,585,0.56,0.3,0.14,0.1815,3.61125,10.0,0.48326196864859994,1.1972092274686983
balanced_w_ge_0p1,586,0.56,0.32,0.12,0.1805,3.63,10.0,0.5062245150683128,1.1742457531708608
balanced_w_ge_0p1,587,0.56,0.34,0.1,0.184,3.6825,10.0,0.5289229267117941,1.1515464136492548
balanced_w_ge_0p1,588,0.58,0.1,0.32,0.238,3.14625,6.0,0.4251648038908967,1.3153313395954873
balanced_w_ge_0p1,589,0.58,0.12,0.3,0.239,3.12,6.0,0.42066620814773437,1.3198290074605252
balanced_w_ge_0p1,590,0.58,0.14,0.28,0.2385,3.09375,6.0,0.4172339850054243,1.3232603027247105
balanced_w_ge_0p1,591,0.58,0.16,0.26,0.2385,3.06375,6.0,0.4149222376327477,1.3255711222192625
balanced_w_ge_0p1,592,0.58,0.18,0.24,0.233,3.1125,6.0,0.4214476996879622,1.3190447322859236
balanced_w_ge_0p1,593,0.58,0.2,0.22,0.2285,3.17625,6.0,0.4375710939053711,1.30292041019039
balanced_w_ge_0p1,594,0.58,0.22,0.2,0.213,3.5625,10.0,0.4374150085555892,1.3030755676620474
balanced_w_ge_0p1,595,0.58,0.24,0.18,0.188,3.56625,10.0,0.412432850251854,1.3280567980876579
balanced_w_ge_0p1,596,0.58,0.26,0.16,0.188,3.59625,10.0,0.43856644351278457,1.3019222769486027
balanced_w_ge_0p1,597,0.58,0.28,0.14,0.185,3.6,10.0,0.4629100544826962,1.2775777381005664
balanced_w_ge_0p1,598,0.58,0.3,0.12,0.185,3.62625,10.0,0.48724806423753414,1.253238800467604
balanced_w_ge_0p1,599,0.58,0.32,0.1,0.185497559103317,3.655436318216032,10.0,0.5110518919013654,1.229434044925648
balanced_w_ge_0p1,600,0.6,0.1,0.3,0.238,3.10875,6.0,0.4334503339451304,1.3670614781290942
balanced_w_ge_0p1,601,0.6,0.12,0.28,0.2385,3.07875,6.0,0.4301966012290379,1.370314282967062
balanced_w_ge_0p1,602,0.6,0.14,0.26,0.2384906561260222,3.0476766490129763,6.0,0.42868107739710604,1.3718288789208692
balanced_w_ge_0p1,603,0.6,0.16,0.24,0.2387515110413764,3.03997719490247,6.0,0.4286058771536173,1.3719031512862334
balanced_w_ge_0p1,604,0.6,0.18,0.22,0.2355,3.09375,6.0,0.43219783946491774,1.3683102610968083
balanced_w_ge_0p1,605,0.6,0.2,0.2,0.2185,3.3825,8.0,0.4325049736378596,1.3680021990457418
balanced_w_ge_0p1,606,0.6,0.22,0.18,0.203,3.61125,10.0,0.3996250424569741,1.4008812023485029
balanced_w_ge_0p1,607,0.6,0.24,0.16,0.187,3.5475,10.0,0.4155545972586202,1.384950719668732
balanced_w_ge_0p1,608,0.6,0.26,0.14,0.1855,3.5625,10.0,0.44214325090919804,1.3583611381400296
balanced_w_ge_0p1,609,0.6,0.28,0.12,0.1889829569248165,3.617274399123744,10.0,0.46746685843168095,1.333036602739422
balanced_w_ge_0p1,610,0.6,0.3,0.1,0.183,3.59625,10.0,0.4920717634086711,1.3084307698843074
balanced_w_ge_0p1,611,0.62,0.1,0.28,0.2395,3.06375,6.0,0.44358587299312147,1.4169416076689434
balanced_w_ge_0p1,612,0.62,0.12,0.26,0.2387515110413764,3.03997719490247,6.0,0.44288325753995056,1.4176432952439897
balanced_w_ge_0p1,613,0.62,0.14,0.24,0.2387515110413764,3.03997719490247,6.0,0.44288497868538435,1.4176406462204312
balanced_w_ge_0p1,614,0.62,0.16,0.22,0.2387515110413764,3.03997719490247,6.0,0.4428866998308182,1.4176379971968727
balanced_w_ge_0p1,615,0.62,0.18,0.2,0.2315,3.38625,8.0,0.4247925333689551,1.4357312357806113
balanced_w_ge_0p1,616,0.62,0.2,0.18,0.2115,3.5625,10.0,0.3940210864490683,1.4665017548223735
balanced_w_ge_0p1,617,0.62,0.22,0.16,0.189,3.52125,10.0,0.39183820016450555,1.4686837132288115
balanced_w_ge_0p1,618,0.62,0.24,0.14,0.1875,3.54,10.0,0.4187648819620513,1.4417561035531412
balanced_w_ge_0p1,619,0.62,0.26,0.12,0.186,3.555,10.0,0.4455646200914589,1.414955437545609
balanced_w_ge_0p1,620,0.62,0.28,0.1,0.1845,3.57,10.0,0.47126473929010954,1.389254390468834
balanced_w_ge_0p1,621,0.64,0.1,0.26,0.2387515110413764,3.03997719490247,6.0,0.4571623590717176,1.4633807901781877
balanced_w_ge_0p1,622,0.64,0.12,0.24,0.2387515110413764,3.03997719490247,6.0,0.4571640802171514,1.463378141154629
balanced_w_ge_0p1,623,0.64,0.14,0.22,0.2387515110413764,3.03997719490247,6.0,0.4571658013625852,1.4633754921310707
balanced_w_ge_0p1,624,0.64,0.16,0.2,0.2335,3.3675,8.0,0.428434552435548,1.4921058131799834
balanced_w_ge_0p1,625,0.64,0.18,0.18,0.2169919500064384,3.5362233949338644,10.0,0.3930189549850101,1.5275204827523967
balanced_w_ge_0p1,626,0.64,0.2,0.16,0.191,3.495,10.0,0.3664011707890553,1.5541373390702269
balanced_w_ge_0p1,627,0.64,0.22,0.14,0.1891383351223537,3.512057228838395,10.0,0.3945851791828013,1.5259524027983562
balanced_w_ge_0p1,628,0.64,0.24,0.12,0.188,3.5325,10.0,0.42199831736253113,1.4985383367405016
balanced_w_ge_0p1,629,0.64,0.26,0.1,0.1865,3.5475,10.0,0.449010646827807,1.4715250793971013
balanced_w_ge_0p1,630,0.66,0.1,0.24,0.2387515110413764,3.03997719490247,6.0,0.4714431817489184,1.5091156360888272
balanced_w_ge_0p1,631,0.66,0.12,0.22,0.231,3.40875,8.0,0.4636815365694177,1.5168763533902032
balanced_w_ge_0p1,632,0.66,0.14,0.2,0.2325,3.345,8.0,0.432579205606246,1.5479777564752502
balanced_w_ge_0p1,633,0.66,0.16,0.18,0.2169919500064384,3.5362233949338644,10.0,0.39301564318235716,1.5875403910210144
balanced_w_ge_0p1,634,0.66,0.18,0.16,0.2105,3.57,10.0,0.35068758600745265,1.6298675203177946
balanced_w_ge_0p1,635,0.66,0.2,0.14,0.1915,3.4875,10.0,0.3692197505473767,1.611334427899746
balanced_w_ge_0p1,636,0.66,0.22,0.12,0.19,3.50625,10.0,0.397901169606721,1.5826520809622768
balanced_w_ge_0p1,637,0.66,0.24,0.1,0.1885,3.525,10.0,0.42525507784717165,1.5552972448437017
balanced_w_ge_0p1,638,0.68,0.1,0.22,0.2318114364272776,3.388866993372381,8.0,0.4668853492363298,1.573689137189256
balanced_w_ge_0p1,639,0.68,0.12,0.2,0.2169919500064384,3.5362233949338644,10.0,0.436669903333547,1.6039036552139143
balanced_w_ge_0p1,640,0.68,0.14,0.18,0.2169919500064384,3.5362233949338644,10.0,0.39301233137970415,1.6475602992896325
balanced_w_ge_0p1,641,0.68,0.16,0.16,0.2169919500064384,3.5362233949338644,10.0,0.34935475942586136,1.691216943365351
balanced_w_ge_0p1,642,0.68,0.18,0.14,0.1916323844361694,3.447596573355463,10.0,0.34176143919547997,1.6988093357176077
balanced_w_ge_0p1,643,0.68,0.2,0.12,0.192,3.48375,10.0,0.3711088187604207,1.6694610282745423
balanced_w_ge_0p1,644,0.68,0.22,0.1,0.1905,3.5025,10.0,0.39994053328181906,1.6406283858750195
balanced_w_ge_0p1,645,0.7,0.1,0.2,0.2169919500064384,3.5362233949338644,10.0,0.436666591530894,1.663923563482532
balanced_w_ge_0p1,646,0.7,0.12,0.18,0.2169919500064384,3.5362233949338644,10.0,0.39300901957705114,1.7075802075582502
balanced_w_ge_0p1,647,0.7,0.14,0.16,0.2169919500064384,3.5362233949338644,10.0,0.34935144762320836,1.7512368516339687
balanced_w_ge_0p1,648,0.7,0.16,0.14,0.2015,3.48,10.0,0.31338797996279794,1.787199391416254
balanced_w_ge_0p1,649,0.7,0.18,0.12,0.194,3.4575,10.0,0.34351901002683033,1.757067433474097
balanced_w_ge_0p1,650,0.7,0.2,0.1,0.1911932271389063,3.469476961195968,10.0,0.37321584258318047,1.7273696730396224
balanced_w_ge_0p1,651,0.72,0.1,0.18,0.2169919500064384,3.5362233949338644,10.0,0.39300570777439814,1.7676001158268684
balanced_w_ge_0p1,652,0.72,0.12,0.16,0.2169919500064384,3.5362233949338644,10.0,0.34934813582055535,1.8112567599025868
balanced_w_ge_0p1,653,0.72,0.14,0.14,0.2169919500064384,3.5362233949338644,10.0,0.3056905638667127,1.8549134039783048
balanced_w_ge_0p1,654,0.72,0.16,0.12,0.196,3.43125,10.0,0.31403830835650526,1.8465647316103877
balanced_w_ge_0p1,655,0.72,0.18,0.1,0.1945,3.45375,10.0,0.3452721310780358,1.8153299810107326
balanced_w_ge_0p1,656,0.74,0.1,0.16,0.2169919500064384,3.5362233949338644,10.0,0.3493448240179024,1.8712766681712043
balanced_w_ge_0p1,657,0.74,0.12,0.14,0.2169919500064384,3.5362233949338644,10.0,0.30568725206405967,1.9149333122469225
balanced_w_ge_0p1,658,0.74,0.14,0.12,0.1975,3.40125,10.0,0.2829906800025496,1.9376289564303075
balanced_w_ge_0p1,659,0.74,0.16,0.1,0.1965,3.4275,10.0,0.31563697627486537,1.9049817322798672
balanced_w_ge_0p1,660,0.76,0.1,0.14,0.217,3.52875,10.0,0.30570586097514135,1.974931299801806
balanced_w_ge_0p1,661,0.76,0.12,0.12,0.2205,3.49875,10.0,0.26262735715958796,2.018008875739235
balanced_w_ge_0p1,662,0.76,0.14,0.1,0.1985,3.40125,10.0,0.28402247776235745,1.9966128272583408
balanced_w_ge_0p1,663,0.78,0.1,0.12,0.2205,3.49125,10.0,0.26281779298970975,2.0778350363750775
balanced_w_ge_0p1,664,0.78,0.12,0.1,0.201,3.375,10.0,0.25098121689057573,2.0896706845960873
balanced_w_ge_0p1,665,0.8,0.1,0.1,0.2185,3.435,10.0,0.22161666229627122,2.179051835656357
thermal_priority_wR_ge_0p5,0,0.5,0.0,0.5,0.2415,3.04125,4.0,0.40167405079744484,1.0987640577282012
thermal_priority_wR_ge_0p5,1,0.5,0.02,0.48,0.2415,3.03375,4.0,0.39918145976014363,1.1012557208873779
thermal_priority_wR_ge_0p5,2,0.5,0.04,0.46,0.241,3.02625,4.0,0.3967471430344056,1.1036891097349912
thermal_priority_wR_ge_0p5,3,0.5,0.06,0.44,0.2419368114979096,3.017254030944409,4.0,0.3940457827004455,1.1063895421908267
thermal_priority_wR_ge_0p5,4,0.5,0.08,0.42,0.243,3.0075,4.0,0.3913434916387826,1.109090905374365
thermal_priority_wR_ge_0p5,5,0.5,0.1,0.4,0.2413263843639705,3.0,4.0,0.3890573374842328,1.1113761316507902
thermal_priority_wR_ge_0p5,6,0.5,0.12,0.38,0.2413263843639705,3.0,4.0,0.3890595796500285,1.11137296160687
thermal_priority_wR_ge_0p5,7,0.5,0.14,0.36,0.2413263843639705,3.0,4.0,0.3890618218158242,1.1113697915629497
thermal_priority_wR_ge_0p5,8,0.5,0.16,0.34,0.237,3.2325,6.0,0.3859528771221909,1.1144778083784581
thermal_priority_wR_ge_0p5,9,0.5,0.18,0.32,0.229,3.21,6.0,0.38423477425734753,1.116194983365177
thermal_priority_wR_ge_0p5,10,0.5,0.2,0.3,0.234,3.02625,4.0,0.39939151333850664,1.1010373164058933
thermal_priority_wR_ge_0p5,11,0.5,0.22,0.28,0.231,3.07125,4.0,0.4167713613945699,1.0836565404717056
thermal_priority_wR_ge_0p5,12,0.5,0.24,0.26,0.2295,3.1125,4.0,0.43417422014690527,1.0662527538412456
thermal_priority_wR_ge_0p5,13,0.5,0.26,0.24,0.2285,3.15,4.0,0.45150170432352604,1.0489243417865
thermal_priority_wR_ge_0p5,14,0.5,0.28,0.22,0.226,3.18,4.0,0.4685287281985496,1.031896390033352
thermal_priority_wR_ge_0p5,15,0.5,0.3,0.2,0.1865,3.6975,10.0,0.4686482693347265,1.0317759210190505
thermal_priority_wR_ge_0p5,16,0.5,0.32,0.18,0.1845,3.70875,10.0,0.49070026560477703,1.0097229968708754
thermal_priority_wR_ge_0p5,17,0.5,0.34,0.16,0.244,4.5,8.0,0.4948592000765566,1.005563134520971
thermal_priority_wR_ge_0p5,18,0.5,0.36,0.14,0.2395,4.5,8.0,0.4996226819822958,1.0007987247371073
thermal_priority_wR_ge_0p5,19,0.5,0.38,0.12,0.235,4.5,8.0,0.5071859282915996,0.9932345505496789
thermal_priority_wR_ge_0p5,20,0.5,0.4,0.1,0.2396542739810095,4.5,6.0,0.5144702621607544,0.9859492888023995
thermal_priority_wR_ge_0p5,21,0.5,0.42,0.08,0.2396542739810095,4.5,6.0,0.5144696867124088,0.9859489363726206
thermal_priority_wR_ge_0p5,22,0.5,0.44,0.06,0.2396542739810095,4.5,6.0,0.5144691112640631,0.9859485839428415
thermal_priority_wR_ge_0p5,23,0.5,0.46,0.04,0.2396542739810095,4.5,6.0,0.5144685358157175,0.9859482315130625
thermal_priority_wR_ge_0p5,24,0.5,0.48,0.02,0.2396542739810095,4.5,6.0,0.5144679603673717,0.9859478790832837
thermal_priority_wR_ge_0p5,25,0.5,0.5,0.0,0.2396542739810095,4.5,6.0,0.5144673849190261,0.9859475266535048
thermal_priority_wR_ge_0p5,26,0.52,0.0,0.48,0.242,3.02625,4.0,0.41269914644892997,1.1477546306645565
thermal_priority_wR_ge_0p5,27,0.52,0.02,0.46,0.241,3.01875,4.0,0.4102082305202159,1.150244618715146
thermal_priority_wR_ge_0p5,28,0.52,0.04,0.44,0.245,3.0075,4.0,0.407697890185371,1.1527540311718665
thermal_priority_wR_ge_0p5,29,0.52,0.06,0.42,0.2425,3.0,4.0,0.4046959262938743,1.1557550671852386
thermal_priority_wR_ge_0p5,30,0.52,0.08,0.4,0.2413263843639705,3.0,4.0,0.4046130707366466,1.1558369948643414
thermal_priority_wR_ge_0p5,31,0.52,0.1,0.38,0.2413263843639705,3.0,4.0,0.4046153129024423,1.1558338248204212
thermal_priority_wR_ge_0p5,32,0.52,0.12,0.36,0.237,3.24,6.0,0.4035763418798397,1.1568718679648993
thermal_priority_wR_ge_0p5,33,0.52,0.14,0.34,0.239,3.21375,6.0,0.39680729623769634,1.1636399857289181
thermal_priority_wR_ge_0p5,34,0.52,0.16,0.32,0.2375,3.19125,6.0,0.39051617144504114,1.1699301826434485
thermal_priority_wR_ge_0p5,35,0.52,0.18,0.3,0.2295,3.18375,6.0,0.39286292271986434,1.1675825034905007
thermal_priority_wR_ge_0p5,36,0.52,0.2,0.28,0.2345,3.00375,4.0,0.4085845152858884,1.151859983046352
thermal_priority_wR_ge_0p5,37,0.52,0.22,0.26,0.232,3.0525,4.0,0.42571559119323393,1.134727979260882
thermal_priority_wR_ge_0p5,38,0.52,0.24,0.24,0.23,3.09375,4.0,0.443210266745734,1.1172323758302574
thermal_priority_wR_ge_0p5,39,0.52,0.26,0.22,0.2275,3.1275,4.0,0.46055553395995363,1.099886180737913
thermal_priority_wR_ge_0p5,40,0.52,0.28,0.2,0.1935,3.68625,10.0,0.4589658431836584,1.1014749436360836
thermal_priority_wR_ge_0p5,41,0.52,0.3,0.18,0.18,3.63,10.0,0.47337060361166067,1.0870692553299568
thermal_priority_wR_ge_0p5,42,0.52,0.32,0.16,0.18,3.65625,10.0,0.4958915066888091,1.064547424374684
thermal_priority_wR_ge_0p5,43,0.52,0.34,0.14,0.248,4.5,8.0,0.5132693927698233,1.0471686104155449
thermal_priority_wR_ge_0p5,44,0.52,0.36,0.12,0.2425,4.5,8.0,0.5158588053210843,1.0445782699861592
thermal_priority_wR_ge_0p5,45,0.52,0.38,0.1,0.238,4.5,8.0,0.5217358901906654,1.0387002572384536
thermal_priority_wR_ge_0p5,46,0.52,0.4,0.08,0.2345,4.5,8.0,0.5292199192833249,1.0312153002676696
thermal_priority_wR_ge_0p5,47,0.52,0.42,0.06,0.2396542739810095,4.5,6.0,0.5350440926615917,1.0253901990112784
thermal_priority_wR_ge_0p5,48,0.52,0.44,0.04,0.2396542739810095,4.5,6.0,0.5350435172132461,1.0253898465814992
thermal_priority_wR_ge_0p5,49,0.52,0.46,0.02,0.2396542739810095,4.5,6.0,0.5350429417649004,1.02538949415172
thermal_priority_wR_ge_0p5,50,0.52,0.48,0.0,0.2396542739810095,4.5,6.0,0.5350423663165548,1.0253891417219414
thermal_priority_wR_ge_0p5,51,0.54,0.0,0.46,0.2415,3.01125,4.0,0.4235917968634605,1.1968776488378663
thermal_priority_wR_ge_0p5,52,0.54,0.02,0.44,0.245,3.0,4.0,0.42114341394633875,1.1993251038768635
thermal_priority_wR_ge_0p5,53,0.54,0.04,0.42,0.2413278286498449,3.0,4.0,0.42016656181886686,1.200301028126211
thermal_priority_wR_ge_0p5,54,0.54,0.06,0.4,0.2413263843639705,3.0,4.0,0.4201688039890603,1.2002978580778927
thermal_priority_wR_ge_0p5,55,0.54,0.08,0.38,0.2413263843639705,3.0,4.0,0.420171046154856,1.2002946880339724
thermal_priority_wR_ge_0p5,56,0.54,0.1,0.36,0.237,3.225,6.0,0.4146017658037584,1.2058630405069455
thermal_priority_wR_ge_0p5,57,0.54,0.12,0.34,0.239,3.19875,6.0,0.407615300382004,1.2128485780505753
thermal_priority_wR_ge_0p5,58,0.54,0.14,0.32,0.2375,3.17625,6.0,0.40198402675858774,1.218478923795867
thermal_priority_wR_ge_0p5,59,0.54,0.16,0.3,0.238,3.15,6.0,0.39655311456378267,1.2239089081125474
thermal_priority_wR_ge_0p5,60,0.54,0.18,0.28,0.23,3.1575,6.0,0.4019475734189331,1.2185135213792724
thermal_priority_wR_ge_0p5,61,0.54,0.2,0.26,0.2265,3.2175,6.0,0.42003942241494957,1.2004207445051314
thermal_priority_wR_ge_0p5,62,0.54,0.22,0.24,0.233,3.03375,4.0,0.43465553535860757,1.1858037036833489
thermal_priority_wR_ge_0p5,63,0.54,0.24,0.22,0.232,3.07875,4.0,0.45206487711034654,1.168393434053485
thermal_priority_wR_ge_0p5,64,0.54,0.26,0.2,0.198,3.64125,10.0,0.4501085543822391,1.1703488289034678
thermal_priority_wR_ge_0p5,65,0.54,0.28,0.18,0.182,3.60375,10.0,0.4545666852145062,1.1658897701930762
thermal_priority_wR_ge_0p5,66,0.54,0.3,0.16,0.1805,3.61875,10.0,0.4782938512486676,1.1421616762807902
thermal_priority_wR_ge_0p5,67,0.54,0.32,0.14,0.181,3.64875,10.0,0.5010852406018959,1.1193693590494376
thermal_priority_wR_ge_0p5,68,0.54,0.34,0.12,0.1835,3.69375,10.0,0.5235736127070646,1.096880059066144
thermal_priority_wR_ge_0p5,69,0.54,0.36,0.1,0.246,4.5,8.0,0.5333569015124492,1.087095842382635
thermal_priority_wR_ge_0p5,70,0.54,0.38,0.08,0.241,4.5,8.0,0.5373413519553368,1.0831104640616225
thermal_priority_wR_ge_0p5,71,0.54,0.4,0.06,0.237,4.5,8.0,0.5436108164604002,1.0768400716784345
thermal_priority_wR_ge_0p5,72,0.54,0.42,0.04,0.2335,4.5,8.0,0.551262117386798,1.069187842873912
thermal_priority_wR_ge_0p5,73,0.54,0.44,0.02,0.2396542739810095,4.5,6.0,0.5556179231624289,1.0648311092201568
thermal_priority_wR_ge_0p5,74,0.54,0.46,0.0,0.2396542739810095,4.5,6.0,0.5556173477140832,1.0648307567903776
thermal_priority_wR_ge_0p5,75,0.56,0.0,0.44,0.2413278286498449,3.0,4.0,0.4357200528665817,1.2447650614225856
thermal_priority_wR_ge_0p5,76,0.56,0.02,0.42,0.2413278286498449,3.0,4.0,0.4357222950608025,1.2447618913502403
thermal_priority_wR_ge_0p5,77,0.56,0.04,0.4,0.2413263843639705,3.0,4.0,0.43572453724147414,1.244758721291444
thermal_priority_wR_ge_0p5,78,0.56,0.06,0.38,0.2385,3.22875,6.0,0.432126707683265,1.2483556229715282
thermal_priority_wR_ge_0p5,79,0.56,0.08,0.36,0.2375,3.21,6.0,0.42557775617244537,1.2549036466042234
thermal_priority_wR_ge_0p5,80,0.56,0.1,0.34,0.2395,3.18375,6.0,0.4190822896986194,1.261398185199925
thermal_priority_wR_ge_0p5,81,0.56,0.12,0.32,0.2375,3.16125,6.0,0.41351964438044486,1.2669599026399747
thermal_priority_wR_ge_0p5,82,0.56,0.14,0.3,0.238,3.135,6.0,0.408487157557085,1.2719914615852101
thermal_priority_wR_ge_0p5,83,0.56,0.16,0.28,0.238,3.10875,6.0,0.4045696118142312,1.2759080794499391
thermal_priority_wR_ge_0p5,84,0.56,0.18,0.26,0.232,3.13875,6.0,0.41153337823875186,1.268943385147294
thermal_priority_wR_ge_0p5,85,0.56,0.2,0.24,0.228,3.19875,6.0,0.4287111064066776,1.2517647291012437
thermal_priority_wR_ge_0p5,86,0.56,0.22,0.22,0.234,3.015,4.0,0.44385406770085467,1.236620839928942
thermal_priority_wR_ge_0p5,87,0.56,0.24,0.2,0.2055,3.61125,10.0,0.44247620807568405,1.2379977716759878
thermal_priority_wR_ge_0p5,88,0.56,0.26,0.18,0.184,3.5775,10.0,0.4342532108280083,1.246219841045539
thermal_priority_wR_ge_0p5,89,0.56,0.28,0.16,0.183,3.59625,10.0,0.4592824778482916,1.2211896461471312
thermal_priority_wR_ge_0p5,90,0.56,0.3,0.14,0.1815,3.61125,10.0,0.48326196864859994,1.1972092274686983
thermal_priority_wR_ge_0p5,91,0.56,0.32,0.12,0.1805,3.63,10.0,0.5062245150683128,1.1742457531708608
thermal_priority_wR_ge_0p5,92,0.56,0.34,0.1,0.184,3.6825,10.0,0.5289229267117941,1.1515464136492548
thermal_priority_wR_ge_0p5,93,0.56,0.36,0.08,0.181,3.6825,10.0,0.5509877861769397,1.1294806263059847
thermal_priority_wR_ge_0p5,94,0.56,0.38,0.06,0.2445,4.5,8.0,0.5538641693575056,1.1266033152472943
thermal_priority_wR_ge_0p5,95,0.56,0.4,0.04,0.24,4.5,8.0,0.5585967448142546,1.1218698119124206
thermal_priority_wR_ge_0p5,96,0.56,0.42,0.02,0.236,4.5,8.0,0.5657913978741408,1.1146742309744098
thermal_priority_wR_ge_0p5,97,0.56,0.44,0.0,0.233,4.5,8.0,0.5739034195289395,1.1065612814414862
thermal_priority_wR_ge_0p5,98,0.58,0.0,0.42,0.2413278286498449,3.0,4.0,0.45127802830273805,1.2892227545742692
thermal_priority_wR_ge_0p5,99,0.58,0.02,0.4,0.238,3.23625,6.0,0.4491691291047984,1.2913307258940843
thermal_priority_wR_ge_0p5,100,0.58,0.04,0.38,0.2375,3.2175,6.0,0.44299507236766883,1.2975038547530893
thermal_priority_wR_ge_0p5,101,0.58,0.06,0.36,0.2375,3.195,6.0,0.4365533566138882,1.303944642628745
thermal_priority_wR_ge_0p5,102,0.58,0.08,0.34,0.2375,3.1725,6.0,0.43084533066850417,1.3096517406960047
thermal_priority_wR_ge_0p5,103,0.58,0.1,0.32,0.238,3.14625,6.0,0.4251648038908967,1.3153313395954873
thermal_priority_wR_ge_0p5,104,0.58,0.12,0.3,0.239,3.12,6.0,0.42066620814773437,1.3198290074605252
thermal_priority_wR_ge_0p5,105,0.58,0.14,0.28,0.2385,3.09375,6.0,0.4172339850054243,1.3232603027247105
thermal_priority_wR_ge_0p5,106,0.58,0.16,0.26,0.2385,3.06375,6.0,0.4149222376327477,1.3255711222192625
thermal_priority_wR_ge_0p5,107,0.58,0.18,0.24,0.233,3.1125,6.0,0.4214476996879622,1.3190447322859236
thermal_priority_wR_ge_0p5,108,0.58,0.2,0.22,0.2285,3.17625,6.0,0.4375710939053711,1.30292041019039
thermal_priority_wR_ge_0p5,109,0.58,0.22,0.2,0.213,3.5625,10.0,0.4374150085555892,1.3030755676620474
thermal_priority_wR_ge_0p5,110,0.58,0.24,0.18,0.188,3.56625,10.0,0.412432850251854,1.3280567980876579
thermal_priority_wR_ge_0p5,111,0.58,0.26,0.16,0.188,3.59625,10.0,0.43856644351278457,1.3019222769486027
thermal_priority_wR_ge_0p5,112,0.58,0.28,0.14,0.185,3.6,10.0,0.4629100544826962,1.2775777381005664
thermal_priority_wR_ge_0p5,113,0.58,0.3,0.12,0.185,3.62625,10.0,0.48724806423753414,1.253238800467604
thermal_priority_wR_ge_0p5,114,0.58,0.32,0.1,0.185497559103317,3.655436318216032,10.0,0.5110518919013654,1.229434044925648
thermal_priority_wR_ge_0p5,115,0.58,0.34,0.08,0.1825,3.65625,10.0,0.533983936575963,1.2065010723729257
thermal_priority_wR_ge_0p5,116,0.58,0.36,0.06,0.1805,3.66375,10.0,0.556472727840434,1.1840113532303302
thermal_priority_wR_ge_0p5,117,0.58,0.38,0.04,0.2475,4.5,8.0,0.5724849210486883,1.1679982321439515
thermal_priority_wR_ge_0p5,118,0.58,0.4,0.02,0.243,4.5,8.0,0.5748514138755942,1.1656308114389209
thermal_priority_wR_ge_0p5,119,0.58,0.42,0.0,0.239,4.5,8.0,0.580131441805026,1.1603498556313645
thermal_priority_wR_ge_0p5,120,0.6,0.0,0.4,0.237,3.225,6.0,0.4606444050547895,1.339872046410058
thermal_priority_wR_ge_0p5,121,0.6,0.02,0.38,0.2375,3.2025,6.0,0.4537383729790189,1.346777150607704
thermal_priority_wR_ge_0p5,122,0.6,0.04,0.36,0.2375,3.18,6.0,0.44757527976536504,1.352939315943233
thermal_priority_wR_ge_0p5,123,0.6,0.06,0.34,0.2375,3.1575,6.0,0.44220141051990947,1.3583122573105642
thermal_priority_wR_ge_0p5,124,0.6,0.08,0.32,0.2405,3.13125,6.0,0.43747003399813505,1.363042705954214
thermal_priority_wR_ge_0p5,125,0.6,0.1,0.3,0.238,3.10875,6.0,0.4334503339451304,1.3670614781290942
thermal_priority_wR_ge_0p5,126,0.6,0.12,0.28,0.2385,3.07875,6.0,0.4301966012290379,1.370314282967062
thermal_priority_wR_ge_0p5,127,0.6,0.14,0.26,0.2384906561260222,3.0476766490129763,6.0,0.42868107739710604,1.3718288789208692
thermal_priority_wR_ge_0p5,128,0.6,0.16,0.24,0.2387515110413764,3.03997719490247,6.0,0.4286058771536173,1.3719031512862334
thermal_priority_wR_ge_0p5,129,0.6,0.18,0.22,0.2355,3.09375,6.0,0.43219783946491774,1.3683102610968083
thermal_priority_wR_ge_0p5,130,0.6,0.2,0.2,0.2185,3.3825,8.0,0.4325049736378596,1.3680021990457418
thermal_priority_wR_ge_0p5,131,0.6,0.22,0.18,0.203,3.61125,10.0,0.3996250424569741,1.4008812023485029
thermal_priority_wR_ge_0p5,132,0.6,0.24,0.16,0.187,3.5475,10.0,0.4155545972586202,1.384950719668732
thermal_priority_wR_ge_0p5,133,0.6,0.26,0.14,0.1855,3.5625,10.0,0.44214325090919804,1.3583611381400296
thermal_priority_wR_ge_0p5,134,0.6,0.28,0.12,0.1889829569248165,3.617274399123744,10.0,0.46746685843168095,1.333036602739422
thermal_priority_wR_ge_0p5,135,0.6,0.3,0.1,0.183,3.59625,10.0,0.4920717634086711,1.3084307698843074
thermal_priority_wR_ge_0p5,136,0.6,0.32,0.08,0.183,3.6225,10.0,0.5155264970399261,1.2849751083749275
thermal_priority_wR_ge_0p5,137,0.6,0.34,0.06,0.1805,3.62625,10.0,0.5392390841136323,1.2612615934230968
thermal_priority_wR_ge_0p5,138,0.6,0.36,0.04,0.179,3.6375,10.0,0.5621466995526844,1.2383530501059203
thermal_priority_wR_ge_0p5,139,0.6,0.38,0.02,0.179,3.66,10.0,0.5842332489216665,1.2162655728588136
thermal_priority_wR_ge_0p5,140,0.6,0.4,0.0,0.246,4.5,8.0,0.5925888567897115,1.207909037112644
thermal_priority_wR_ge_0p5,141,0.62,0.0,0.38,0.24,3.1875,6.0,0.4650705043338614,1.3954616157188264
thermal_priority_wR_ge_0p5,142,0.62,0.02,0.36,0.2375,3.16875,6.0,0.4596056500438009,1.4009255421307625
thermal_priority_wR_ge_0p5,143,0.62,0.04,0.34,0.2405,3.1425,6.0,0.45423783553050023,1.4062924287659384
thermal_priority_wR_ge_0p5,144,0.62,0.06,0.32,0.238,3.12,6.0,0.4495934808484056,1.4109358555699083
thermal_priority_wR_ge_0p5,145,0.62,0.08,0.3,0.2385,3.09375,6.0,0.44599193193810555,1.4145364766020838
thermal_priority_wR_ge_0p5,146,0.62,0.1,0.28,0.2395,3.06375,6.0,0.44358587299312147,1.4169416076689434
thermal_priority_wR_ge_0p5,147,0.62,0.12,0.26,0.2387515110413764,3.03997719490247,6.0,0.44288325753995056,1.4176432952439897
thermal_priority_wR_ge_0p5,148,0.62,0.14,0.24,0.2387515110413764,3.03997719490247,6.0,0.44288497868538435,1.4176406462204312
thermal_priority_wR_ge_0p5,149,0.62,0.16,0.22,0.2387515110413764,3.03997719490247,6.0,0.4428866998308182,1.4176379971968727
thermal_priority_wR_ge_0p5,150,0.62,0.18,0.2,0.2315,3.38625,8.0,0.4247925333689551,1.4357312357806113
thermal_priority_wR_ge_0p5,151,0.62,0.2,0.18,0.2115,3.5625,10.0,0.3940210864490683,1.4665017548223735
thermal_priority_wR_ge_0p5,152,0.62,0.22,0.16,0.189,3.52125,10.0,0.39183820016450555,1.4686837132288115
thermal_priority_wR_ge_0p5,153,0.62,0.24,0.14,0.1875,3.54,10.0,0.4187648819620513,1.4417561035531412
thermal_priority_wR_ge_0p5,154,0.62,0.26,0.12,0.186,3.555,10.0,0.4455646200914589,1.414955437545609
thermal_priority_wR_ge_0p5,155,0.62,0.28,0.1,0.1845,3.57,10.0,0.47126473929010954,1.389254390468834
thermal_priority_wR_ge_0p5,156,0.62,0.3,0.08,0.1835,3.58875,10.0,0.4958907036780595,1.3646274982027593
thermal_priority_wR_ge_0p5,157,0.62,0.32,0.06,0.188,3.64875,10.0,0.520510499741454,1.34000677426124
thermal_priority_wR_ge_0p5,158,0.62,0.34,0.04,0.184,3.64125,10.0,0.5437080783993703,1.3168082677251993
thermal_priority_wR_ge_0p5,159,0.62,0.36,0.02,0.183,3.65625,10.0,0.5668383976095163,1.2936770206369288
thermal_priority_wR_ge_0p5,160,0.62,0.38,0.0,0.1835,3.6825,10.0,0.5895737737643691,1.2709407166039512
thermal_priority_wR_ge_0p5,161,0.64,0.0,0.36,0.2385,3.15375,6.0,0.4708312524105717,1.4497165362299564
thermal_priority_wR_ge_0p5,162,0.64,0.02,0.34,0.238,3.13125,6.0,0.4660892449240027,1.4544576158384008
thermal_priority_wR_ge_0p5,163,0.64,0.04,0.32,0.238,3.10875,6.0,0.46233105607602965,1.4582148768082492
thermal_priority_wR_ge_0p5,164,0.64,0.06,0.3,0.238749263020397,3.0797930901914747,6.0,0.4590388575761401,1.4615061474300142
thermal_priority_wR_ge_0p5,165,0.64,0.08,0.28,0.2381176071255114,3.051449036519444,6.0,0.4573508418004665,1.4631932353275632
thermal_priority_wR_ge_0p5,166,0.64,0.1,0.26,0.2387515110413764,3.03997719490247,6.0,0.4571623590717176,1.4633807901781877
thermal_priority_wR_ge_0p5,167,0.64,0.12,0.24,0.2387515110413764,3.03997719490247,6.0,0.4571640802171514,1.463378141154629
thermal_priority_wR_ge_0p5,168,0.64,0.14,0.22,0.2387515110413764,3.03997719490247,6.0,0.4571658013625852,1.4633754921310707
thermal_priority_wR_ge_0p5,169,0.64,0.16,0.2,0.2335,3.3675,8.0,0.428434552435548,1.4921058131799834
thermal_priority_wR_ge_0p5,170,0.64,0.18,0.18,0.2169919500064384,3.5362233949338644,10.0,0.3930189549850101,1.5275204827523967
thermal_priority_wR_ge_0p5,171,0.64,0.2,0.16,0.191,3.495,10.0,0.3664011707890553,1.5541373390702269
thermal_priority_wR_ge_0p5,172,0.64,0.22,0.14,0.1891383351223537,3.512057228838395,10.0,0.3945851791828013,1.5259524027983562
thermal_priority_wR_ge_0p5,173,0.64,0.24,0.12,0.188,3.5325,10.0,0.42199831736253113,1.4985383367405016
thermal_priority_wR_ge_0p5,174,0.64,0.26,0.1,0.1865,3.5475,10.0,0.449010646827807,1.4715250793971013
thermal_priority_wR_ge_0p5,175,0.64,0.28,0.08,0.1855,3.56625,10.0,0.4749152806863625,1.4456195176604212
thermal_priority_wR_ge_0p5,176,0.64,0.3,0.06,0.184,3.58125,10.0,0.49973709010597234,1.4207967803626869
thermal_priority_wR_ge_0p5,177,0.64,0.32,0.04,0.183,3.59625,10.0,0.5248610489690507,1.3956718936214836
thermal_priority_wR_ge_0p5,178,0.64,0.34,0.02,0.188,3.66,10.0,0.5488899061632898,1.37164210854912
thermal_priority_wR_ge_0p5,179,0.64,0.36,0.0,0.187,3.675,10.0,0.5722916017311529,1.3482394851031323
thermal_priority_wR_ge_0p5,180,0.66,0.0,0.34,0.238,3.12,6.0,0.4785842573529989,1.5019791998753695
thermal_priority_wR_ge_0p5,181,0.66,0.02,0.32,0.239,3.09375,6.0,0.4747872648837202,1.5057752644665239
thermal_priority_wR_ge_0p5,182,0.66,0.04,0.3,0.2385,3.0675,6.0,0.47234049392599936,1.5082211075461198
thermal_priority_wR_ge_0p5,183,0.66,0.06,0.28,0.2387515110413764,3.03997719490247,6.0,0.4714397394580508,1.509120934135944
thermal_priority_wR_ge_0p5,184,0.66,0.08,0.26,0.2387515110413764,3.03997719490247,6.0,0.47144146060348463,1.5091182851123854
thermal_priority_wR_ge_0p5,185,0.66,0.1,0.24,0.2387515110413764,3.03997719490247,6.0,0.4714431817489184,1.5091156360888272
thermal_priority_wR_ge_0p5,186,0.66,0.12,0.22,0.231,3.40875,8.0,0.4636815365694177,1.5168763533902032
thermal_priority_wR_ge_0p5,187,0.66,0.14,0.2,0.2325,3.345,8.0,0.432579205606246,1.5479777564752502
thermal_priority_wR_ge_0p5,188,0.66,0.16,0.18,0.2169919500064384,3.5362233949338644,10.0,0.39301564318235716,1.5875403910210144
thermal_priority_wR_ge_0p5,189,0.66,0.18,0.16,0.2105,3.57,10.0,0.35068758600745265,1.6298675203177946
thermal_priority_wR_ge_0p5,190,0.66,0.2,0.14,0.1915,3.4875,10.0,0.3692197505473767,1.611334427899746
thermal_priority_wR_ge_0p5,191,0.66,0.22,0.12,0.19,3.50625,10.0,0.397901169606721,1.5826520809622768
thermal_priority_wR_ge_0p5,192,0.66,0.24,0.1,0.1885,3.525,10.0,0.42525507784717165,1.5552972448437017
thermal_priority_wR_ge_0p5,193,0.66,0.26,0.08,0.187,3.54,10.0,0.4524815201242784,1.5280698746884702
thermal_priority_wR_ge_0p5,194,0.66,0.28,0.06,0.186,3.55875,10.0,0.47859071874259623,1.501959748192028
thermal_priority_wR_ge_0p5,195,0.66,0.3,0.04,0.1845,3.57375,10.0,0.5036111409434275,1.476938398113072
thermal_priority_wR_ge_0p5,196,0.66,0.32,0.02,0.1835,3.58875,10.0,0.5289348163498279,1.451613794828547
thermal_priority_wR_ge_0p5,197,0.66,0.34,0.0,0.182,3.6,10.0,0.5533516625510693,1.427196020749181
thermal_priority_wR_ge_0p5,198,0.68,0.0,0.32,0.2385,3.0825,6.0,0.4878785444168578,1.5527005813993513
thermal_priority_wR_ge_0p5,199,0.68,0.02,0.3,0.2394024363714622,3.054754622310349,6.0,0.48604441878401017,1.5545337791540743
thermal_priority_wR_ge_0p5,200,0.68,0.04,0.28,0.2387515110413764,3.03997719490247,6.0,0.4857188409898178,1.5548584290701422
thermal_priority_wR_ge_0p5,201,0.68,0.06,0.26,0.2387515110413764,3.03997719490247,6.0,0.4857205621352516,1.5548557800465839
thermal_priority_wR_ge_0p5,202,0.68,0.08,0.24,0.2387515110413764,3.03997719490247,6.0,0.48572228328068545,1.554853131023025
thermal_priority_wR_ge_0p5,203,0.68,0.1,0.22,0.2318114364272776,3.388866993372381,8.0,0.4668853492363298,1.573689137189256
thermal_priority_wR_ge_0p5,204,0.68,0.12,0.2,0.2169919500064384,3.5362233949338644,10.0,0.436669903333547,1.6039036552139143
thermal_priority_wR_ge_0p5,205,0.68,0.14,0.18,0.2169919500064384,3.5362233949338644,10.0,0.39301233137970415,1.6475602992896325
thermal_priority_wR_ge_0p5,206,0.68,0.16,0.16,0.2169919500064384,3.5362233949338644,10.0,0.34935475942586136,1.691216943365351
thermal_priority_wR_ge_0p5,207,0.68,0.18,0.14,0.1916323844361694,3.447596573355463,10.0,0.34176143919547997,1.6988093357176077
thermal_priority_wR_ge_0p5,208,0.68,0.2,0.12,0.192,3.48375,10.0,0.3711088187604207,1.6694610282745423
thermal_priority_wR_ge_0p5,209,0.68,0.22,0.1,0.1905,3.5025,10.0,0.39994053328181906,1.6406283858750195
thermal_priority_wR_ge_0p5,210,0.68,0.24,0.08,0.189,3.5175,10.0,0.42853533778742614,1.6120326534912879
thermal_priority_wR_ge_0p5,211,0.68,0.26,0.06,0.189,3.5475,10.0,0.455288931100757,1.585278132299832
thermal_priority_wR_ge_0p5,212,0.68,0.28,0.04,0.1865,3.55125,10.0,0.48229263644328924,1.5582734990791751
thermal_priority_wR_ge_0p5,213,0.68,0.3,0.02,0.185,3.56625,10.0,0.507513074425776,1.5330521332185638
thermal_priority_wR_ge_0p5,214,0.68,0.32,0.0,0.184,3.58125,10.0,0.5330378613345009,1.5075264184317145
thermal_priority_wR_ge_0p5,215,0.7,0.0,0.3,0.2387475146702261,3.0421447732992166,6.0,0.500005441377173,1.600589353026876
thermal_priority_wR_ge_0p5,216,0.7,0.02,0.28,0.2387515110413764,3.03997719490247,6.0,0.49999794252158475,1.6005959240043395
thermal_priority_wR_ge_0p5,217,0.7,0.04,0.26,0.2387515110413764,3.03997719490247,6.0,0.49999966366701853,1.6005932749807812
thermal_priority_wR_ge_0p5,218,0.7,0.06,0.24,0.2387515110413764,3.03997719490247,6.0,0.5000013848124524,1.600590625957223
thermal_priority_wR_ge_0p5,219,0.7,0.08,0.22,0.233,3.37125,8.0,0.4705317901759616,1.630059292715589
thermal_priority_wR_ge_0p5,220,0.7,0.1,0.2,0.2169919500064384,3.5362233949338644,10.0,0.436666591530894,1.663923563482532
thermal_priority_wR_ge_0p5,221,0.7,0.12,0.18,0.2169919500064384,3.5362233949338644,10.0,0.39300901957705114,1.7075802075582502
thermal_priority_wR_ge_0p5,222,0.7,0.14,0.16,0.2169919500064384,3.5362233949338644,10.0,0.34935144762320836,1.7512368516339687
thermal_priority_wR_ge_0p5,223,0.7,0.16,0.14,0.2015,3.48,10.0,0.31338797996279794,1.787199391416254
thermal_priority_wR_ge_0p5,224,0.7,0.18,0.12,0.194,3.4575,10.0,0.34351901002683033,1.757067433474097
thermal_priority_wR_ge_0p5,225,0.7,0.2,0.1,0.1911932271389063,3.469476961195968,10.0,0.37321584258318047,1.7273696730396224
thermal_priority_wR_ge_0p5,226,0.7,0.22,0.08,0.191,3.495,10.0,0.40301910315827333,1.697565484586405
thermal_priority_wR_ge_0p5,227,0.7,0.24,0.06,0.1895,3.51375,10.0,0.4307339211188341,1.6698497387477196
thermal_priority_wR_ge_0p5,228,0.7,0.26,0.04,0.188,3.52875,10.0,0.45831934833094984,1.6422633836574794
thermal_priority_wR_ge_0p5,229,0.7,0.28,0.02,0.187,3.5475,10.0,0.4847753983110991,1.6158064057992054
thermal_priority_wR_ge_0p5,230,0.7,0.3,0.0,0.1855,3.55875,10.0,0.511443108772713,1.589137767459467
thermal_priority_wR_ge_0p5,231,0.72,0.0,0.28,0.2387515110413764,3.03997719490247,6.0,0.5142770440533518,1.646333418938538
thermal_priority_wR_ge_0p5,232,0.72,0.02,0.26,0.2387515110413764,3.03997719490247,6.0,0.5142787651987857,1.6463307699149796
thermal_priority_wR_ge_0p5,233,0.72,0.04,0.24,0.231,3.40875,8.0,0.5058137951110715,1.6547948121245692
thermal_priority_wR_ge_0p5,234,0.72,0.06,0.22,0.2335,3.3525,8.0,0.47444183450272454,1.6861658448547912
thermal_priority_wR_ge_0p5,235,0.72,0.08,0.2,0.2169919500064384,3.5362233949338644,10.0,0.436663279728241,1.7239434717511501
thermal_priority_wR_ge_0p5,236,0.72,0.1,0.18,0.2169919500064384,3.5362233949338644,10.0,0.39300570777439814,1.7676001158268684
thermal_priority_wR_ge_0p5,237,0.72,0.12,0.16,0.2169919500064384,3.5362233949338644,10.0,0.34934813582055535,1.8112567599025868
thermal_priority_wR_ge_0p5,238,0.72,0.14,0.14,0.2169919500064384,3.5362233949338644,10.0,0.3056905638667127,1.8549134039783048
thermal_priority_wR_ge_0p5,239,0.72,0.16,0.12,0.196,3.43125,10.0,0.31403830835650526,1.8465647316103877
thermal_priority_wR_ge_0p5,240,0.72,0.18,0.1,0.1945,3.45375,10.0,0.3452721310780358,1.8153299810107326
thermal_priority_wR_ge_0p5,241,0.72,0.2,0.08,0.193,3.4725,10.0,0.3758727427097937,1.7847284415008502
thermal_priority_wR_ge_0p5,242,0.72,0.22,0.06,0.1915,3.49125,10.0,0.4050830482788831,1.7555172080536363
thermal_priority_wR_ge_0p5,243,0.72,0.24,0.04,0.19,3.50625,10.0,0.43405319492993216,1.726546133524462
thermal_priority_wR_ge_0p5,244,0.72,0.26,0.02,0.1895,3.5325,10.0,0.46184875580952234,1.6987496447667474
thermal_priority_wR_ge_0p5,245,0.72,0.28,0.0,0.1875,3.54,10.0,0.48852130586289205,1.672076166835253
thermal_priority_wR_ge_0p5,246,0.74,0.0,0.26,0.2387515110413764,3.03997719490247,6.0,0.5285578667305526,1.692068264849177
thermal_priority_wR_ge_0p5,247,0.74,0.02,0.24,0.2315,3.39,8.0,0.5090204550069413,1.7116047486946637
thermal_priority_wR_ge_0p5,248,0.74,0.04,0.22,0.2335,3.33375,8.0,0.47878100084854813,1.7418432749749324
thermal_priority_wR_ge_0p5,249,0.74,0.06,0.2,0.2169919500064384,3.5362233949338644,10.0,0.436659967925588,1.7839633800197678
thermal_priority_wR_ge_0p5,250,0.74,0.08,0.18,0.2169919500064384,3.5362233949338644,10.0,0.3930023959717452,1.827620024095486
thermal_priority_wR_ge_0p5,251,0.74,0.1,0.16,0.2169919500064384,3.5362233949338644,10.0,0.3493448240179024,1.8712766681712043
thermal_priority_wR_ge_0p5,252,0.74,0.12,0.14,0.2169919500064384,3.5362233949338644,10.0,0.30568725206405967,1.9149333122469225
thermal_priority_wR_ge_0p5,253,0.74,0.14,0.12,0.1975,3.40125,10.0,0.2829906800025496,1.9376289564303075
thermal_priority_wR_ge_0p5,254,0.74,0.16,0.1,0.1965,3.4275,10.0,0.31563697627486537,1.9049817322798672
thermal_priority_wR_ge_0p5,255,0.74,0.18,0.08,0.195,3.45,10.0,0.34703407789098883,1.8735837027856193
thermal_priority_wR_ge_0p5,256,0.74,0.2,0.06,0.1935,3.46875,10.0,0.37779420570506134,1.8428226470934221
thermal_priority_wR_ge_0p5,257,0.74,0.22,0.04,0.1915,3.48375,10.0,0.40715722775619945,1.8134586971641595
thermal_priority_wR_ge_0p5,258,0.74,0.24,0.02,0.1911285830863529,3.5084911690324776,10.0,0.4359117790305086,1.784703218011726
thermal_priority_wR_ge_0p5,259,0.74,0.26,0.0,0.189,3.5175,10.0,0.4642269643682587,1.7563871047958513
thermal_priority_wR_ge_0p5,260,0.76,0.0,0.24,0.2335,3.375,8.0,0.5125312168837655,1.768110583283805
thermal_priority_wR_ge_0p5,261,0.76,0.02,0.22,0.2169919500064384,3.5362233949338644,10.0,0.48031422807677765,1.8003266442126684
thermal_priority_wR_ge_0p5,262,0.76,0.04,0.2,0.2169919500064384,3.5362233949338644,10.0,0.436656656122935,1.8439832882883864
thermal_priority_wR_ge_0p5,263,0.76,0.06,0.18,0.2169919500064384,3.5362233949338644,10.0,0.3929990841690922,1.8876399323641042
thermal_priority_wR_ge_0p5,264,0.76,0.08,0.16,0.2169919500064384,3.5362233949338644,10.0,0.3493415122152494,1.9312965764398224
thermal_priority_wR_ge_0p5,265,0.76,0.1,0.14,0.217,3.52875,10.0,0.30570586097514135,1.974931299801806
thermal_priority_wR_ge_0p5,266,0.76,0.12,0.12,0.2205,3.49875,10.0,0.26262735715958796,2.018008875739235
thermal_priority_wR_ge_0p5,267,0.76,0.14,0.1,0.1985,3.40125,10.0,0.28402247776235745,1.9966128272583408
thermal_priority_wR_ge_0p5,268,0.76,0.16,0.08,0.197,3.42375,10.0,0.3172436766271599,1.9633907005154136
thermal_priority_wR_ge_0p5,269,0.76,0.18,0.06,0.195,3.4425,10.0,0.348803566360712,1.931829882903737
thermal_priority_wR_ge_0p5,270,0.76,0.2,0.04,0.1916323844361694,3.447596573355463,10.0,0.3797084313448308,1.9009240900414937
thermal_priority_wR_ge_0p5,271,0.76,0.22,0.02,0.192,3.48,10.0,0.4095185590421576,1.8711130344660423
thermal_priority_wR_ge_0p5,272,0.76,0.24,0.0,0.191,3.49875,10.0,0.4385145877632463,1.8421160778668286
thermal_priority_wR_ge_0p5,273,0.78,0.0,0.22,0.2169919500064384,3.5362233949338644,10.0,0.4803109162741247,1.8603465524812854
thermal_priority_wR_ge_0p5,274,0.78,0.02,0.2,0.2169919500064384,3.5362233949338644,10.0,0.436653344320282,1.9040031965570037
thermal_priority_wR_ge_0p5,275,0.78,0.04,0.18,0.2169919500064384,3.5362233949338644,10.0,0.3929957723664392,1.947659840632722
thermal_priority_wR_ge_0p5,276,0.78,0.06,0.16,0.2169919500064384,3.5362233949338644,10.0,0.3493382004125964,1.9913164847084401
thermal_priority_wR_ge_0p5,277,0.78,0.08,0.14,0.218,3.525,10.0,0.3057401366497987,2.0349136205931133
thermal_priority_wR_ge_0p5,278,0.78,0.1,0.12,0.2205,3.49125,10.0,0.26281779298970975,2.0778350363750775
thermal_priority_wR_ge_0p5,279,0.78,0.12,0.1,0.201,3.375,10.0,0.25098121689057573,2.0896706845960873
thermal_priority_wR_ge_0p5,280,0.78,0.14,0.08,0.199,3.3975,10.0,0.28546452558336693,2.055186448025171
thermal_priority_wR_ge_0p5,281,0.78,0.16,0.06,0.1975,3.42,10.0,0.3188584486991553,2.021791597031258
thermal_priority_wR_ge_0p5,282,0.78,0.18,0.04,0.1955,3.43875,10.0,0.35058117294411517,1.9900679449081737
thermal_priority_wR_ge_0p5,283,0.78,0.2,0.02,0.194,3.4575,10.0,0.38166194847001983,1.9589862415041444
thermal_priority_wR_ge_0p5,284,0.78,0.22,0.0,0.1925,3.47625,10.0,0.41217649827941705,1.9284707638166227
thermal_priority_wR_ge_0p5,285,0.8,0.0,0.2,0.2169919500064384,3.5362233949338644,10.0,0.436650032517629,1.9640231048256223
thermal_priority_wR_ge_0p5,286,0.8,0.02,0.18,0.2169919500064384,3.5362233949338644,10.0,0.3929924605637862,2.0076797489013405
thermal_priority_wR_ge_0p5,287,0.8,0.04,0.16,0.2169919500064384,3.5362233949338644,10.0,0.34933488860994344,2.051336392977058
thermal_priority_wR_ge_0p5,288,0.8,0.06,0.14,0.218,3.5175,10.0,0.3058189226301146,2.0948514310787627
thermal_priority_wR_ge_0p5,289,0.8,0.08,0.12,0.221,3.4875,10.0,0.26297634121827196,2.1376930846124806
thermal_priority_wR_ge_0p5,290,0.8,0.1,0.1,0.2185,3.435,10.0,0.22161666229627122,2.179051835656357
thermal_priority_wR_ge_0p5,291,0.8,0.12,0.08,0.2015,3.37125,10.0,0.2522527579331214,2.148414812141382
thermal_priority_wR_ge_0p5,292,0.8,0.14,0.06,0.1995,3.39375,10.0,0.28691379899945174,2.1137528431969272
thermal_priority_wR_ge_0p5,293,0.8,0.16,0.04,0.1975,3.4125,10.0,0.3204797839515635,2.080185930366691
thermal_priority_wR_ge_0p5,294,0.8,0.18,0.02,0.196,3.435,10.0,0.35236771857188065,2.048297067868249
thermal_priority_wR_ge_0p5,295,0.8,0.2,0.0,0.1945,3.45375,10.0,0.383610266493209,2.0170535920687964
thermal_priority_wR_ge_0p5,296,0.82,0.0,0.18,0.2169919500064384,3.5362233949338644,10.0,0.3929891487611332,2.0676996571699577
thermal_priority_wR_ge_0p5,297,0.82,0.02,0.16,0.2169919500064384,3.5362233949338644,10.0,0.34933157680729043,2.111356301245676
thermal_priority_wR_ge_0p5,298,0.82,0.04,0.14,0.219,3.51375,10.0,0.3059160706434935,2.1547708795313483
thermal_priority_wR_ge_0p5,299,0.82,0.06,0.12,0.222,3.48375,10.0,0.2632197273467374,2.19746629494998
thermal_priority_wR_ge_0p5,300,0.82,0.08,0.1,0.2245,3.45,10.0,0.22098396558787242,2.2397011288307205
thermal_priority_wR_ge_0p5,301,0.82,0.1,0.08,0.203,3.3375,10.0,0.21690398555512097,2.2437801809853473
thermal_priority_wR_ge_0p5,302,0.82,0.12,0.06,0.201,3.36375,10.0,0.2530391979900618,2.2076440406722813
thermal_priority_wR_ge_0p5,303,0.82,0.14,0.04,0.199,3.38625,10.0,0.2879668909349786,2.17271541984924
thermal_priority_wR_ge_0p5,304,0.82,0.16,0.02,0.198,3.4125,10.0,0.32129164300631324,2.139389739899781
thermal_priority_wR_ge_0p5,305,0.82,0.18,0.0,0.1965,3.43125,10.0,0.35416324745717787,2.106517207570792
thermal_priority_wR_ge_0p5,306,0.84,0.0,0.16,0.2169919500064384,3.5362233949338644,10.0,0.34932826500463743,2.1713762095142943
thermal_priority_wR_ge_0p5,307,0.84,0.02,0.14,0.2195,3.51,10.0,0.30601466920959763,2.2146888774312092
thermal_priority_wR_ge_0p5,308,0.84,0.04,0.12,0.2215,3.47625,10.0,0.26341901309099375,2.257283605671688
thermal_priority_wR_ge_0p5,309,0.84,0.06,0.1,0.225,3.44625,10.0,0.22125244359937063,2.2994492472851866
thermal_priority_wR_ge_0p5,310,0.84,0.08,0.08,0.216,3.37125,10.0,0.1819230230938386,2.338777739912594
thermal_priority_wR_ge_0p5,311,0.84,0.1,0.06,0.204,3.3375,10.0,0.2177930430694806,2.3029067920588275
thermal_priority_wR_ge_0p5,312,0.84,0.12,0.04,0.202,3.36375,10.0,0.2541682314485471,2.266530675801637
thermal_priority_wR_ge_0p5,313,0.84,0.14,0.02,0.2,3.38625,10.0,0.2890980396704008,2.2315999397016584
thermal_priority_wR_ge_0p5,314,0.84,0.16,0.0,0.198,3.405,10.0,0.32292536819156353,2.197771683302371
thermal_priority_wR_ge_0p5,315,0.86,0.0,0.14,0.2195,3.5025,10.0,0.306174110535649,2.2745460325711226
thermal_priority_wR_ge_0p5,316,0.86,0.02,0.12,0.222,3.4725,10.0,0.26362852649661034,2.3170906887320366
thermal_priority_wR_ge_0p5,317,0.86,0.04,0.1,0.224,3.43875,10.0,0.2214688587540852,2.359249428596437
thermal_priority_wR_ge_0p5,318,0.86,0.06,0.08,0.2265,3.40125,10.0,0.17954763612501906,2.4011697233473788
thermal_priority_wR_ge_0p5,319,0.86,0.08,0.06,0.2065,3.3075,10.0,0.18005305059409588,2.4006633810001774
thermal_priority_wR_ge_0p5,320,0.86,0.1,0.04,0.204,3.33375,10.0,0.21834000315124516,2.362375500564904
thermal_priority_wR_ge_0p5,321,0.86,0.12,0.02,0.2015,3.35625,10.0,0.25481194648130445,2.3259026293567193
thermal_priority_wR_ge_0p5,322,0.86,0.14,0.0,0.2005,3.3825,10.0,0.2905646411734826,2.2901490067864168
thermal_priority_wR_ge_0p5,323,0.88,0.0,0.12,0.2225,3.46875,10.0,0.2638551267868225,2.37688068490779
thermal_priority_wR_ge_0p5,324,0.88,0.02,0.1,0.2245,3.435,10.0,0.2217531530884044,2.418981730728083
thermal_priority_wR_ge_0p5,325,0.88,0.04,0.08,0.2265,3.3975,10.0,0.1797858181988519,2.4609481377395106
thermal_priority_wR_ge_0p5,326,0.88,0.06,0.06,0.216,3.315,10.0,0.14122663801920743,2.499506390041031
thermal_priority_wR_ge_0p5,327,0.88,0.08,0.04,0.207,3.30375,10.0,0.1809587232383416,2.459773376943772
thermal_priority_wR_ge_0p5,328,0.88,0.1,0.02,0.204,3.33,10.0,0.21931916071026492,2.4214120115937243
thermal_priority_wR_ge_0p5,329,0.88,0.12,0.0,0.2025,3.35625,10.0,0.2560973437205552,2.3846329007053093
thermal_priority_wR_ge_0p5,330,0.9,0.0,0.1,0.225,3.43125,10.0,0.22205234066614146,2.4786991396163107
thermal_priority_wR_ge_0p5,331,0.9,0.02,0.08,0.2265,3.39375,10.0,0.18003240551839866,2.520718146885929
thermal_priority_wR_ge_0p5,332,0.9,0.04,0.06,0.229,3.3525,10.0,0.13781397863705674,2.5629356458891466
thermal_priority_wR_ge_0p5,333,0.9,0.06,0.04,0.2095,3.26625,10.0,0.1409458485974099,2.5598028480506687
thermal_priority_wR_ge_0p5,334,0.9,0.08,0.02,0.207,3.3,10.0,0.1814105076223913,2.519337261147563
thermal_priority_wR_ge_0p5,335,0.9,0.1,0.0,0.2045,3.32625,10.0,0.21999244485844632,2.4807543960333827
thermal_priority_wR_ge_0p5,336,0.92,0.0,0.08,0.2265,3.39,10.0,0.180287456430576,2.580479692439717
thermal_priority_wR_ge_0p5,337,0.92,0.02,0.06,0.2285,3.34875,10.0,0.1380037084302188,2.622762512561949
thermal_priority_wR_ge_0p5,338,0.92,0.04,0.04,0.2175,3.25875,10.0,0.09840105045218646,2.662364242661857
thermal_priority_wR_ge_0p5,339,0.92,0.06,0.02,0.2103326887520986,3.2699400759762263,10.0,0.14118429198940027,2.6195800732465186
thermal_priority_wR_ge_0p5,340,0.92,0.08,0.0,0.2063965412624639,3.2927834283005404,10.0,0.1817392537761013,2.579024183581693
thermal_priority_wR_ge_0p5,341,0.94,0.0,0.06,0.2285,3.345,10.0,0.13826768468237263,2.68251513277576
thermal_priority_wR_ge_0p5,342,0.94,0.02,0.04,0.23,3.29625,10.0,0.09504633948028061,2.7257355500997273
thermal_priority_wR_ge_0p5,343,0.94,0.04,0.02,0.213,3.225,10.0,0.09830498734797763,2.7224759743539058
thermal_priority_wR_ge_0p5,344,0.94,0.06,0.0,0.21,3.2625,10.0,0.141646185497392,2.679133848326367
thermal_priority_wR_ge_0p5,345,0.96,0.0,0.04,0.229,3.2925,10.0,0.09521506230860717,2.7855834237373656
thermal_priority_wR_ge_0p5,346,0.96,0.02,0.02,0.2205,3.195,10.0,0.052085778029703926,2.8287117801381445
thermal_priority_wR_ge_0p5,347,0.96,0.04,0.0,0.2135,3.225,10.0,0.09854651739919282,2.782250112890531
thermal_priority_wR_ge_0p5,348,0.98,0.0,0.02,0.232,3.22875,10.0,0.05016085998993131,2.890653294643882
thermal_priority_wR_ge_0p5,349,0.98,0.02,0.0,0.2198398811694215,3.186649091268809,10.0,0.05218769801985019,2.8886255287358384
thermal_priority_wR_ge_0p5,350,1.0,0.0,0.0,0.232,3.0675,10.0,0.0,3.0008298232216535
