a,b,N,S1-A,S1-B,S2-A,S2-B,S3-A,S3-B,max_model_regret,mean_model_regret
0.105,3.0375,2.0,1.6314637135913108,2.306122523985689,1.8242631869208537,2.4516810009893937,2.090295782068465,2.6619484978507044,1.198078111717645,0.9232124553634101
0.105,3.0375,4.0,1.5011440641207576,1.9468439170895178,1.5929412517973869,2.089523176850967,1.8413797450479494,2.2956252281552993,0.8359202875792182,0.6401595683059871
0.105,3.0375,6.0,1.520759314017913,2.1514971689188145,1.6862183539870346,2.295950550245764,1.954129473290593,2.504132880799451,1.0423476609740152,0.7810312946722692
0.105,3.0375,8.0,1.7404045438458415,2.436792546982965,1.9483942690829525,2.5837176571480334,2.2085286082281046,2.794487917644479,1.3301147678762846,1.04763759495107
0.105,3.0375,10.0,1.6275960745009175,2.3193409264064546,1.8341405902965813,2.4653825378725425,2.0924080026407554,2.6737068005516966,1.2117796486007937,0.9310124931738321
0.105,3.15625,2.0,1.639985842772004,2.0773577254151543,1.729128693344756,2.2225490961298955,1.9768027755045534,2.431269610749928,0.9689462068581467,0.7750989617817226
0.105,3.15625,4.0,1.5197612276269004,1.7247709677466978,1.6052988124288723,1.8673680036023763,1.8338691137179892,2.0717009646952196,0.6137651143306275,0.5327115194320167
0.105,3.15625,6.0,1.5180896091283957,1.9329696496848245,1.603995139559215,2.0774956356127605,1.8465165964289092,2.2835913718114997,0.8238927463410117,0.6393596714999416
0.105,3.15625,8.0,1.535628299845829,2.218380589642186,1.7345194929465497,2.36539655274805,2.00063534081845,2.57398941676048,1.1117936634763013,0.8336749532559314
0.105,3.15625,10.0,1.4085752283579802,2.0977073424941226,1.6155082168867112,2.24368926006047,1.8757113226864672,2.450071634145359,0.9900863707887211,0.7107938385675258
0.105,3.275,2.0,1.6991102115772772,1.9089842720532089,1.7845718106414934,2.0537490980839705,2.0150954077748637,2.2602659494940784,0.8001462088122218,0.7158794627331563
0.105,3.275,4.0,1.5520758673265502,1.5820513244319494,1.6374571127156774,1.7101566065067368,1.8663740002394182,1.911570236377501,0.5848283686398336,0.4721975290619796
0.105,3.275,6.0,1.5397978862964754,1.7781885830178874,1.6251791986670117,1.9218426135781739,1.8541508834646807,2.1260614140536562,0.6682397243064251,0.5697867676419882
0.105,3.275,8.0,1.5256137838798505,2.065560088083849,1.6326336256787022,2.21156516675899,1.8999680114129838,2.4183177045585587,0.9579622774872412,0.7211930678578299
0.105,3.275,10.0,1.3730348336196259,1.9431668158350326,1.4954343615616195,2.0881884607469043,1.7641056634988108,2.2928720786848014,0.8345855714751556,0.5883837067868066
0.105,3.39375,2.0,1.7656361067618904,1.8043811285664204,1.8511905482948459,1.937889785922772,2.082488028269048,2.1419702189756564,0.7983886080751738,0.6928426405941129
0.105,3.39375,4.0,1.594072113222956,1.5941514457508394,1.67942810637008,1.6798907557006717,1.9088494231721331,1.908921162267292,0.6268246145362394,0.4898021722096695
0.105,3.39375,6.0,1.5736005012963632,1.6782960611062259,1.6588233207689227,1.8210929761912487,1.888246015554708,2.0238330921532195,0.6063530026096465,0.5362319989741221
0.105,3.39375,8.0,1.567511825142881,1.9688777653040292,1.6521707630499347,2.113927605897757,1.8879828493832513,2.3196259481694685,0.8603247166260084,0.6805994639535612
0.105,3.39375,10.0,1.4394160748468146,1.8463125003468863,1.5222379930156105,1.990411783374845,1.7580814573441619,2.194246443804516,0.7368088941030961,0.5540343799178132
0.105,3.5125,2.0,1.8356043028545854,1.8356847843409707,1.9214219718228251,1.9232565288668018,2.153526698341649,2.1535996401838746,0.8683568041678688,0.7327656588641253
0.105,3.5125,4.0,1.6418513649260555,1.641930424990361,1.7273101935809534,1.7273862510632445,1.957303445962692,1.957374934785919,0.6746038662393389,0.5377761070138783
0.105,3.5125,6.0,1.6155024136221097,1.6427426075470235,1.7006768643099108,1.7694921791017235,1.930634209306554,1.9699130320463047,0.648254914935393,0.5337435554512785
0.105,3.5125,8.0,1.6197893775932803,1.919624456703652,1.704311869005033,2.064199338997727,1.934569695665354,2.2692708606664223,0.8105964497259783,0.6808776042342523
0.105,3.5125,10.0,1.5184831919935853,1.7988017586512006,1.6009807575013477,1.9423813375782315,1.8304414762861116,2.145513011347828,0.6887784483064827,0.5683502600220582
0.105,3.63125,2.0,1.9051250321846267,1.905205342069834,1.9913644779236768,1.9914418290250906,2.224264494597435,2.224337276152722,0.93787753349791,0.8025397464545715
0.105,3.63125,4.0,1.69153012527098,1.6916090527576593,1.7772017745371684,1.7772777188394875,2.0077814320619836,2.0078528143897105,0.7242826265842633,0.5877921574385057
0.105,3.63125,6.0,1.6615702580038667,1.6651876460195087,1.7468382607548518,1.7705298184098814,1.9773686055475184,1.9797059222026396,0.69432275931715,0.5624500896187186
0.105,3.63125,8.0,1.6785130265242598,1.9094946539415893,1.7630564188008249,2.053940498636418,1.994063973447901,2.2585746648696317,0.800337609364669,0.7051905438324448
0.105,3.63125,10.0,1.606248545656632,1.7919971649291004,1.688679856938394,1.9354703219919003,1.9192677649320524,2.138075057736334,0.6818674327201515,0.608873123159743
0.105,3.75,2.0,1.9703547373443568,1.9704351079544784,2.0571164632956496,2.0571937551937927,2.2907544936411792,2.29082721936584,1.0031072386576403,0.8683636339282236
0.105,3.75,4.0,1.7392214529691368,1.7393004059418673,1.8252012494275986,1.8252771983072533,2.0563365222973076,2.0564079089366754,0.7719739542824201,0.635874127442314
0.105,3.75,6.0,1.7079197576674887,1.7081014495251015,1.7934059415686232,1.8006004920235024,2.0245023451048993,2.0245747460333128,0.740672258980772,0.6054341264494955
0.105,3.75,8.0,1.739793011271819,1.930025606561062,1.8245028439021869,2.0745881554448933,2.0562798337272503,2.2793677424259373,0.8209852661731445,0.7463428700178657
0.105,3.75,10.0,1.6988255180626992,1.8174722627870246,1.7813573118403232,1.9609296786770274,2.0131112295751454,2.163789032216397,0.7315780193759825,0.6681641766554435
0.105,3.86875,2.0,2.027430908611907,2.027511298241183,2.114776324636992,2.1148536331192047,2.349049772077655,2.349122513393209,1.0601834099251901,0.9260407461423658
0.105,3.86875,4.0,1.7810435729175214,1.7811226183351663,1.8674070184411162,1.8674830545776213,2.099021857495963,2.099093326284819,0.8137960742308047,0.6781119124710421
0.105,3.86875,6.0,1.7506770243948537,1.7507572619634781,1.8364783382160996,1.8407576928728773,2.0680885688059956,2.068161104936659,0.7834295257081371,0.6480700029940013
0.105,3.86875,8.0,1.799739574946572,1.9729281395281246,1.8847495757739952,2.1179031929988303,2.1172704173307006,2.3231947397960564,0.8643003037270816,0.798214277858054
0.105,3.86875,10.0,1.7922865783949815,1.8695224095401055,1.875089654862103,2.0106793105926846,2.1080148467466184,2.214163678067483,0.8250390797082648,0.74054275082967
0.105,3.9875,2.0,2.072466797133293,2.072547174460673,2.1604531558942033,2.1605307510460774,2.3952239487899245,2.395296955751214,1.1052192984465763,0.9716698016415717
0.105,3.9875,4.0,1.813128582545514,1.813207829737369,1.8999174817665954,1.8999936527616694,2.1319132314965596,2.131985322416567,0.8458810838587972,0.7106076879163865
0.105,3.9875,6.0,1.7859897229351356,1.7862275052294907,1.8721538821621577,1.8794724973473995,2.104180417478107,2.104253140200446,0.8187422242484189,0.684296198687797
0.105,3.9875,8.0,1.8544685412319564,2.0300681099796836,1.9398950458811253,2.175552232596914,2.1730888650855484,2.3815705521895434,0.9219493433251651,0.8546905622898026
0.105,3.9875,10.0,1.8827480578566311,1.9394146335470852,1.9659755349435448,2.0766284308405276,2.2000319519970293,2.2807818828128026,0.9155005591699145,0.8198467531286108
0.105,4.10625,2.0,2.1016725983115867,2.101753040868396,2.190244720163892,2.1903223782933408,2.425378588922072,2.425451804286331,1.13442509962487,1.0013871929366107
0.105,4.10625,4.0,1.8317220197137583,1.8318014204777204,1.9188310395929074,1.9189073579704745,2.1511604297404876,2.1512327546401186,0.8644745210270416,0.7295258414849185
0.105,4.10625,6.0,1.8100122353103383,1.8122669860104503,1.8965310048716737,1.9151137319659004,2.128933528344661,2.130613532268615,0.8427647366236216,0.7111618409242806
0.105,4.10625,8.0,1.9002011155554457,2.093352173030157,1.9860376856884525,2.239343252017197,2.219788317819096,2.4462251732929094,0.9857403627454484,0.9097412906962171
0.105,4.10625,10.0,1.9663460726564743,2.0149739507292384,2.0501697838929327,2.1504886230892226,2.2852427364019743,2.3556782353648877,0.9990985739697577,0.899399904818129
0.105,4.225,2.0,2.1112385399462434,2.11131905579845,2.2002432307544377,2.200320922278107,2.435623963240845,2.435697307426599,1.1439910412595267,1.0113238410364545
0.105,4.225,4.0,1.8328330347859412,1.8329125652423919,1.920418581183199,1.9204952977967207,2.1528501121363486,2.152922556209698,0.8655855360992245,0.7309886956880574
0.105,4.225,6.0,1.818869851249531,1.8310486753631245,1.9058586804917668,1.9476513091529895,2.138421454197846,2.152087991008582,0.8516223525628143,0.7279063313729809
0.105,4.225,8.0,1.9330601705679784,2.1546403940687737,2.019275926660854,2.301097926256348,2.2535466192659723,2.508888596792665,1.0474950369845992,0.9573349433977727
0.105,4.225,10.0,2.0392835516666667,2.087540309918474,2.1238448498494806,2.2235356944538918,2.3597158251848276,2.4298128757989557,1.07203605297995,0.9728721889410569
0.105,4.34375,2.0,2.097170817365471,2.0972512999822652,2.1867319994711623,2.186809490505964,2.4220755791142805,2.422148895157503,1.1299233186787543,0.9976146847284485
0.105,4.34375,4.0,1.812599195205645,1.8126788288828828,1.900766526264604,1.9008433115454564,2.133053416167251,2.1331256216897625,0.8453516965189284,0.7110944877549411
0.105,4.34375,6.0,1.8087517876636465,1.844508251485654,1.896200071769802,1.97551055358713,2.1287882817291557,2.179610986022276,0.8415042889769299,0.7344783265052848
0.105,4.34375,8.0,1.9491322700883695,2.205822936492494,2.0359278110074035,2.3526379303110376,2.270385456533737,2.561290816375323,1.0990350410392888,0.991449541263735
0.105,4.34375,10.0,2.097804000674576,2.1499665240787924,2.183025695736598,2.287710734867024,2.4195955863677368,2.4949665012213345,1.1305565019878592,1.0344281782866842
0.105,4.4625,2.0,2.0558232801531755,2.055903572724228,2.145872929972413,2.145950151978761,2.380680942139513,2.380753506240709,1.0885757814664587,0.9564140683304739
0.105,4.4625,4.0,1.767820389699095,1.767899644995659,1.8559605735148899,1.8560373007567033,2.0877493219075607,2.0878215059917706,0.8005728910123783,0.6661314606066204
0.105,4.4625,6.0,1.7763464049881996,1.8483795358976305,1.8636134699417046,1.990269012481065,2.095953206269637,2.1953449549189648,0.809098906301483,0.7239011018785412
0.105,4.4625,8.0,1.94483018110508,2.238805246928612,2.032030395755309,2.3859479817548515,2.2664536859214546,2.595171354640875,1.1323450924831027,1.006123145480038
0.105,4.4625,10.0,2.137932819527802,2.1954321674176898,2.22391961511256,2.3354470525230004,2.460984876582121,2.5434154710548693,1.170685320841085,1.0784386714986811
0.120833333333,3.0375,2.0,1.579869280792134,2.2233209997748906,1.7526135099530316,2.368605145466663,2.0212590000503394,2.5782554078491278,1.115002256194914,0.8495705617767051
0.120833333333,3.0375,4.0,1.4597156807467333,1.8757069791703493,1.5470717199435324,2.018182066080625,1.7916752378922889,2.2238955535640446,0.7645791768088761,0.581624544028603
0.120833333333,3.0375,6.0,1.4689240434063857,2.0977693161078594,1.6340085006184921,2.241868543636202,1.9012333596696798,2.450219219680089,0.9882656543644532,0.7279205016487923
0.120833333333,3.0375,8.0,1.7112022073570887,2.406125810019093,1.9189331907942728,2.5527283581854254,2.17898429824865,2.7642230636605096,1.2991254689136766,1.017616159173181
0.120833333333,3.0375,10.0,1.6255840578349878,2.317437400464205,1.8322250984420283,2.4634093240471837,2.0907495666916605,2.673001336452525,1.209806434775435,0.9293178017844391
0.120833333333,3.15625,2.0,1.6142788241695087,2.001737554914306,1.6994484048129022,2.146291156966791,1.9388343376663772,2.3547437662878545,0.8926882676950421,0.7214723452652972
0.120833333333,3.15625,4.0,1.479086721660681,1.6602969479142726,1.5642920923277543,1.8022372589655877,1.7924962436719345,2.0066918274106937,0.5486343696938389,0.4797668531208281
0.120833333333,3.15625,6.0,1.4646383928424684,1.8853129166042022,1.5508499123541466,2.0293507875230428,1.794641266421814,2.2359555656058068,0.775747898251294,0.5890414780209209
0.120833333333,3.15625,8.0,1.501935279772033,2.193465252763193,1.7094633664429542,2.340169382956066,1.971903572065919,2.54952676423084,1.0865664936843171,0.8066606075008416
0.120833333333,3.15625,10.0,1.410689026832062,2.100940581976415,1.6188115270435262,2.2470174241258354,1.8769932565159235,2.454401184129329,0.9934145348540866,0.7137255045661893
0.120833333333,3.275,2.0,1.6755043146169255,1.8391993566552218,1.760620786749211,1.983328150946233,1.99097179768431,2.1894385749613647,0.7297252616744843,0.6687605013978851
0.120833333333,3.275,4.0,1.5118854685674523,1.5325838703325352,1.5969321042860256,1.6543975946371832,1.8255453181776824,1.8552954286045753,0.5446379698807357,0.42502330189658305
0.120833333333,3.275,6.0,1.485268085200088,1.735399904007029,1.5703009531124374,1.8787615106453697,1.7987439079760805,2.0831695446436305,0.6251586213736209,0.52085732205978
0.120833333333,3.275,8.0,1.45889963033546,2.0447930511033894,1.5909013853001013,2.1905376094233264,1.8617035547121739,2.3979485634575406,0.9369347201515776,0.686380636851006
0.120833333333,3.275,10.0,1.3042212909013755,1.9501672131760173,1.4781010335709373,2.095261808321457,1.7460959041655515,2.3008247153243775,0.8416589190497084,0.5746953320389602
0.120833333333,3.39375,2.0,1.7437944785201078,1.760817314097758,1.829022180396486,1.8802278558752474,2.0601644624173705,2.08311900126075,0.7765469798333912,0.6551075532236275
0.120833333333,3.39375,4.0,1.5540851361023216,1.5541642008670284,1.6391018311563799,1.6391779134460218,1.8682234874649706,1.8682950020644322,0.5868376374156049,0.4494245996458666
0.120833333333,3.39375,6.0,1.5176758995226352,1.638685772345327,1.6025591803979518,1.7812283854904556,1.8314319527267064,1.9839468240327465,0.5504284008359185,0.4881713402149778
0.120833333333,3.39375,8.0,1.4978022016912347,1.950988296257852,1.5843888907248682,2.0960001091323903,1.8316697114133487,2.301900538944514,0.8423972198606415,0.6393749624897088
0.120833333333,3.39375,10.0,1.3580773551646268,1.8557872639696849,1.4520685813348975,1.9999741026811888,1.7079521136221272,2.2044563816077565,0.74637121340944,0.5253026375257211
0.120833333333,3.5125,2.0,1.815237373785922,1.815317572261173,1.9007509824529774,1.900828229207605,2.1327145851696825,2.132787269929728,0.8479898750992053,0.7118560065968552
0.120833333333,3.5125,4.0,1.6017866153590934,1.601865418313513,1.6868973743651332,1.6869732002529156,1.9165838923610983,1.9166551656582689,0.6345391166723767,0.4973769488473445
0.120833333333,3.5125,6.0,1.55789542323641,1.5964656725089652,1.6427415541877746,1.729029304094392,1.8721244722665558,1.9305835481506912,0.5906479245496933,0.4837233335364723
0.120833333333,3.5125,8.0,1.5468173499415938,1.9029867899887425,1.6310233484341579,2.0475476444118423,1.860588664119142,2.252927094548328,0.7939447551400935,0.6358984863696419
0.120833333333,3.5125,10.0,1.4322899104269937,1.8089889819737017,1.5145429258136138,1.952703624237788,1.744840454502039,2.156602112994328,0.6991007349660392,0.5305780061204183
0.120833333333,3.63125,2.0,1.885948797844332,1.8860288300968868,1.9719055896169304,1.971982671738006,2.2046752425460143,2.2047477721322983,0.9187012991576152,0.7831314884580854
0.120833333333,3.63125,4.0,1.6510845990101366,1.6511632916463246,1.7364171341011587,1.7364928502435744,1.9666796736933638,1.966750843657459,0.6838371003234199,0.5470147365210104
0.120833333333,3.63125,6.0,1.6020020764075311,1.6118054075186992,1.6869465059467812,1.7243308579671928,1.9168746074229281,1.925873111638223,0.6347545777208145,0.5068887656125667
0.120833333333,3.63125,8.0,1.6020058889531543,1.8925321403057358,1.6862277809826305,2.03701969959135,1.916407229735668,2.242095401095546,0.7834168103196013,0.6582980279063549
0.120833333333,3.63125,10.0,1.5149517416953198,1.801487969896242,1.597074514129998,1.9451058271780672,1.826644785112093,2.148561198226857,0.6915029379063184,0.5678876771687704
0.120833333333,3.75,2.0,1.952044548125303,1.9521245215749081,2.038584398586596,2.038661420787177,2.2720995111511395,2.27217198420122,0.9847970494385864,0.8498644018667315
0.120833333333,3.75,4.0,1.6980948102813054,1.698173507636382,1.7837595105533284,1.783835228529077,2.014563972289066,2.0146351439200068,0.7308473115945887,0.594427033330535
0.120833333333,3.75,6.0,1.6461115927055112,1.6477101222991164,1.7312724671398476,1.748048979205619,1.961735499023121,1.9623429456191723,0.6788640940187946,0.5451202721277388
0.120833333333,3.75,8.0,1.6594611806746424,1.911526298924356,1.7438488139019037,2.0560060442514803,1.974748185740264,2.261274039722472,0.8024031549797315,0.6967274316648605
0.120833333333,3.75,10.0,1.602118583409243,1.8248340139178905,1.684339525037148,1.9685746756088258,1.9150078940083806,2.1722419464460194,0.714971786337077,0.6234361108669254
0.120833333333,3.86875,2.0,2.009732998019278,2.0098131007404967,2.096885806060219,2.096962837943365,2.331040467589829,2.3311129497064695,1.0424854993325612,0.908174697805617
0.120833333333,3.86875,4.0,1.7389422617028525,1.7390210591348112,1.8250229039105146,1.8250987002204997,2.0562899289755054,2.056361174303922,0.7716947630161358,0.6357060091703582
0.120833333333,3.86875,6.0,1.686340217813664,1.6869651517719966,1.7718178692318505,1.7837176503644552,2.002760287894436,2.00295644779911,0.7190927191269473,0.5846762752749262
0.120833333333,3.86875,8.0,1.7152990487894955,1.9514564811319448,1.799984878656853,2.096274462905522,2.031575278196365,2.3020264914998454,0.8426715736337733,0.7450194446590118
0.120833333333,3.86875,10.0,1.6898855475856915,1.870706999085925,1.772374165034571,2.014893207046231,2.0041425827805055,2.2190853908710095,0.7612903177744823,0.6907646531963296
0.120833333333,3.9875,2.0,2.055133633661404,2.0552137109032844,2.142908208736052,2.142985284794818,2.3775737322894703,2.3776466153109572,1.0878861349746871,0.9541602020783383
0.120833333333,3.9875,4.0,1.769803708643117,1.7698826918760737,1.8563071024384985,1.856382979818485,2.08791068457998,2.0879820426672113,0.8025562099564004,0.6669615394662349
0.120833333333,3.9875,6.0,1.7188803467693035,1.7203584134659022,1.8046811436876655,1.8205979002913288,2.036005265483931,2.0369680626334503,0.7516328480825868,0.6184985265176043
0.120833333333,3.9875,8.0,1.7656854349608972,2.0041959134912184,1.8507344067123563,2.149479293592531,2.0829416479312695,2.3558711291985532,0.8958764043207823,0.7970679754434785
0.120833333333,3.9875,10.0,1.7743733472936365,1.9310039602826754,1.8572876306205264,2.075713244490799,2.0901145113061195,2.280656858261174,0.8221103552190503,0.7637749298381626
0.120833333333,4.10625,2.0,2.0844163463114445,2.084496507871301,2.1727561103988,2.1728334584625384,2.407799489608625,2.407872414084793,1.1171688476247277,0.9839457255852578
0.120833333333,4.10625,4.0,1.786881993570265,1.7869611080937087,1.8737201880945078,1.8737961561074887,2.1056199970132887,2.1056920617910033,0.8196344948835482,0.6843619219073845
0.120833333333,4.10625,6.0,1.7397979620373811,1.746406618881062,1.8259839870525596,1.8556299591249599,2.057671621729857,2.0633022941960544,0.7725504633506645,0.643715411632653
0.120833333333,4.10625,8.0,1.8067902642109668,2.0616309671804895,1.8921958295332866,2.2074010393225287,2.1249146295788295,2.4145379465051047,0.95379815005078,0.8468284505175415
0.120833333333,4.10625,10.0,1.8517506539353026,1.997609294378092,1.9352941227525866,2.1428602923228555,2.1689948659682816,2.3486863423030253,0.8892574030511067,0.836449266405698
0.120833333333,4.225,2.0,2.093778504686262,2.0938586739964986,2.182541468803842,2.1826188247523195,2.4178621001345073,2.417935129376753,1.1265310059995453,0.9936824547540377
0.120833333333,4.225,4.0,1.7861938361957845,1.7862730517023557,1.873566320786407,1.873642733567972,2.1055476190201934,2.105619474976103,0.8189463375090679,0.6840571771704766
0.120833333333,4.225,6.0,1.7452720687805368,1.7643361482775668,1.8319527550923185,1.886228451760182,2.0637614168245433,2.088608496723993,0.7780245700938201,0.6589432273721975
0.120833333333,4.225,8.0,1.8346978480317935,2.115656421005001,1.920508620411692,2.2617805321954623,2.153696922079713,2.4697569371060126,1.0081776429237135,0.888266217933953
0.120833333333,4.225,10.0,1.918231144162161,2.0623945209792867,2.002416421643758,2.2081325971833183,2.236882250915553,2.4149038366830724,0.9545297079115695,0.9027434663901989
0.120833333333,4.34375,2.0,2.0792043016730024,2.079284404716421,2.168608411933388,2.1686856854600656,2.4038083391627136,2.4038813103348735,1.1119568029862856,0.9794954133424181
0.120833333333,4.34375,4.0,1.7639715297312935,1.7640506782772543,1.8518329378088896,1.8519093855659203,2.0836590913749395,2.0837309809617226,0.7967240310445768,0.6621091050823441
0.120833333333,4.34375,6.0,1.7316241574325821,1.7752177261482354,1.8186407114302268,1.9090824536810667,2.0504175814227192,2.1130632792578785,0.7643766587458655,0.6619243226911256
0.120833333333,4.34375,8.0,1.8455303869792217,2.1581766657787584,1.9319889029688235,2.3046173564720864,2.165219853289593,2.5132580946877883,1.0510144672003376,0.9153818811583859
0.120833333333,4.34375,10.0,1.9699460470934724,2.117248115377305,2.0547929293081983,2.2633752624246095,2.2898405050230335,2.471039335087829,1.0097723731528607,0.9566237035147488
0.120833333333,4.4625,2.0,2.0371348862512075,2.037214634654185,2.126975850106378,2.1270526699294545,2.361639616667171,2.3617118036072355,1.0698873875644908,0.9375382479982793
0.120833333333,4.4625,4.0,1.716967503353043,1.7170463719683335,1.8047028808635448,1.804779231500801,2.0359578140582726,2.0360296446659025,0.7497200046663263,0.6148305788639904
0.120833333333,4.4625,6.0,1.6954431478696366,1.7729247367865708,1.7821614161543247,1.9146346498605644,2.0135832539007548,2.1192907843674655,0.7281956491829199,0.645256335952227
0.120833333333,4.4625,8.0,1.8359140037616584,2.181126574451141,1.9225975094059662,2.327930378226401,2.1557348006104253,2.5369287630061965,1.0743274889546524,0.9222886760393058
0.120833333333,4.4625,10.0,2.003002607446859,2.1540783832777155,2.0886421193307885,2.3005302382829877,2.3240951717866234,2.508822831203804,1.046927349011239,0.9921118963504704
0.136666666667,3.0375,2.0,1.527470122849037,2.1161800300993807,1.668389241718581,2.26088246753191,1.936822939103019,2.469521250068593,1.0072795782601613,0.7587943463574276
0.136666666667,3.0375,4.0,1.4099059987872917,1.7785995992963697,1.4949709782589764,1.9206762476763144,1.7310900854547528,2.1254828412044935,0.6670733584045656,0.5057042962420405
0.136666666667,3.0375,6.0,1.4053107469990278,2.0164449291880264,1.5604469982110933,2.1603199398035455,1.8273184775753746,2.3679845766431766,0.9067170505317967,0.6518876158657149
0.136666666667,3.0375,8.0,1.6543796205171377,2.3463043120693716,1.8611480279621635,2.492549859159917,2.1206033857511524,2.704018239742287,1.238946969888168,0.9587505786626789
0.136666666667,3.0375,10.0,1.5942904506649493,2.2848235379681556,1.8007468568202953,2.4304939523473235,2.059107598019626,2.64057852347064,1.1768910630755747,0.8972568243441724
0.136666666667,3.15625,2.0,1.5788776070812958,1.902766129045226,1.6636757024099675,2.046667805276269,1.8940113731008041,2.2540584789747156,0.7930649160045202,0.6522595204437205
0.136666666667,3.15625,4.0,1.4303470624584504,1.5709169035102037,1.5152298541401912,1.712250463268168,1.7429559425088235,1.9158507189516625,0.4630995637717338,0.4101751619352574
0.136666666667,3.15625,6.0,1.404788922187828,1.8111054846085775,1.489898619243933,1.954612850821794,1.730942971506008,2.1608152599025376,0.7010099615500451,0.5209440225074539
0.136666666667,3.15625,8.0,1.4501807494569152,2.140167315118354,1.658367050496623,2.2864299210876804,1.9189257148529901,2.495943885184988,1.0328270318159316,0.7539191104952659
0.136666666667,3.15625,10.0,1.3853399692575021,2.074498084691646,1.5935108175803419,2.2202986446705615,1.851406233218558,2.42822837815666,0.9666957553988127,0.6877970257248857
0.136666666667,3.275,2.0,1.6424387070794528,1.7467172906059731,1.7272031579428833,1.8901214709950163,1.9572983043521017,2.0953457477082873,0.6751912083927362,0.6054374509096265
0.136666666667,3.275,4.0,1.4639075837997262,1.4721571311790504,1.548638886218529,1.5810732470326085,1.7767840427891495,1.7851758011307255,0.4966600851130095,0.36687278648730565
0.136666666667,3.275,6.0,1.4246033131990765,1.6669593404841363,1.5093119700717084,1.8098050075361345,1.7371040377086162,2.0136671658666696,0.5562021182643857,0.4558251436067311
0.136666666667,3.275,8.0,1.3882044664151645,1.9968139176853361,1.5362599929782084,2.142286396555863,1.8066024328765882,2.34952634477112,0.8886835072841144,0.6321989296760543
0.136666666667,3.275,10.0,1.2506805765928135,1.9283673136545227,1.4500313192921228,2.0731774851998255,1.7139622447049132,2.279173548035939,0.8195745959280767,0.5448154190423636
0.136666666667,3.39375,2.0,1.7127783530747527,1.7146637848223678,1.7976792891958153,1.8138726769659752,2.0285738387030614,2.0299444707749754,0.745530854388036,0.6118354067184987
0.136666666667,3.39375,4.0,1.506602147756779,1.5066808595827403,1.5912927674647714,1.5913684699791009,1.819952650978402,1.8200238459608777,0.5393546490700624,0.40157012808278597
0.136666666667,3.39375,6.0,1.4559032352489716,1.5742320709044206,1.5404763815559233,1.7162960344404037,1.7686804650435393,1.9185996640934797,0.4886557365622549,0.42461464634346385
0.136666666667,3.39375,8.0,1.4239224249102138,1.9065729534590354,1.5161164023723215,2.0512705518375793,1.7695798489076326,2.257010936360523,0.7976676625658305,0.5829955241035584
0.136666666667,3.39375,10.0,1.2742274115869612,1.8372372285075043,1.3926735807933868,1.9813590902121416,1.6605167441160624,2.185916539463213,0.7277562009403928,0.4842384369088857
0.136666666667,3.5125,2.0,1.7859867259879172,1.7860665480479825,1.8711975513925347,1.8712744341335008,2.102920308753231,2.102992306417332,0.8187392273012005,0.6823229835844238
0.136666666667,3.5125,4.0,1.5544934830043269,1.5545719466944763,1.639289929343794,1.6393653888771844,1.8685149079038805,1.8685858741183272,0.5872459843176102,0.44972025945267236
0.136666666667,3.5125,6.0,1.4947357512171757,1.5341716091565993,1.5792796646096596,1.6665852875034355,1.8079727802950727,1.8678319169727273,0.5274882525304591,0.42067950608811916
0.136666666667,3.5125,8.0,1.4699640185197786,1.8607464173036556,1.5538961365169544,2.0050409754993095,1.786504829856662,2.2102283675235883,0.7514380862275607,0.5766467953323323
0.136666666667,3.5125,10.0,1.3438839582035769,1.792114284261466,1.427674553752148,1.9357935464167293,1.672209125786779,2.1398546061187753,0.6821906571449805,0.4808383502189199
0.136666666667,3.63125,2.0,1.8581796232489118,1.8582592884061115,1.943856341231289,1.9439330686018341,2.176363545032486,2.176435741529846,0.8909321245621952,0.7550879391374204
0.136666666667,3.63125,4.0,1.6036973127682255,1.6037756733934372,1.688728803320473,1.6888041603101211,1.9185239543928838,1.918594824001297,0.6364498140815088,0.4992707924934137
0.136666666667,3.63125,6.0,1.5371713875370365,1.548251573443738,1.6218202506977915,1.6617135819639168,1.8510341242905144,1.8620101227240604,0.5699238888503199,0.4425835112385171
0.136666666667,3.63125,8.0,1.5219026435535359,1.85101939794018,1.6058525308330682,1.9951802151056184,1.8351114769397907,2.2001553169247376,0.7415773258338696,0.5971202680118293
0.136666666667,3.63125,10.0,1.4216888853761456,1.7847404177886534,1.5036405895499647,1.9283619713522957,1.7322735177605244,2.1320949873513357,0.6747590820805469,0.5127167326588274
0.136666666667,3.75,2.0,1.9254728422877003,1.9255524515408249,2.011754055410327,2.011830725939227,2.2450175579263427,2.245089700753622,0.9582253436009837,0.8230362267720147
0.136666666667,3.75,4.0,1.6503293602743294,1.6504077264505466,1.7357078208596841,1.7357831806833515,1.9660329312727116,1.9661038034677956,0.6830818615876127,0.5463108082970772
0.136666666667,3.75,6.0,1.5793258778780672,1.5817408933232076,1.664196571285197,1.6834405497173075,1.8939176378571658,1.8949818477862648,0.6120783791913506,0.4785172341035424
0.136666666667,3.75,8.0,1.5758240187633747,1.8692612505482171,1.6599402505851955,2.013423169453545,1.8898729985931768,2.218626633071651,0.7598202801817961,0.6334080579648674
0.136666666667,3.75,10.0,1.5037359036353166,1.806946047292435,1.585753804583342,1.9505812021835753,1.8152593488969087,2.1545797907750104,0.6969783129118265,0.5650593540234388
0.136666666667,3.86875,2.0,1.984038093816757,1.9841177752186272,2.0709890906278954,2.0710657677339253,2.3048996670945807,2.3049718160357893,1.0167905951300402,0.8822637062169365
0.136666666667,3.86875,4.0,1.6905053487484933,1.6905837926367229,1.7763254134263038,1.7764008464023129,2.007094979370661,2.007165920375829,0.7232578500617767,0.5869293879557279
0.136666666667,3.86875,6.0,1.6173412185132618,1.618497017283745,1.7025070578367507,1.716714445492771,1.9326764618223249,1.933165366925842,0.6500937198265452,0.5157335991081234
0.136666666667,3.86875,8.0,1.62785237069449,1.907068643795905,1.7122577272382116,2.0514983938710056,1.9428320698254546,2.2571948917049087,0.7978955045992568,0.6787006873173368
0.136666666667,3.86875,10.0,1.5860995101984696,1.8502576838483824,1.6683923674543488,1.9942913936114932,1.8989253361862626,2.1987654757423516,0.7406885043397444,0.6283719656358921
0.136666666667,3.9875,2.0,2.03008149972731,2.030161199195613,2.1176598435822447,2.1177365555741785,2.3520855797500912,2.3521581192814245,1.062834001040593,0.9288971373141511
0.136666666667,3.9875,4.0,1.7204416099244197,1.7205202846203371,1.8066800124852074,1.8067555538724442,2.0377632395140335,2.037834282583406,0.7531941112377031,0.6172491682956488
0.136666666667,3.9875,6.0,1.647359243764408,1.649720917268104,1.7328501418173299,1.7513425031994048,1.9634030028374303,1.9647677003146051,0.6801117450776913,0.5471572559958878
0.136666666667,3.9875,8.0,1.6741792991095115,1.956264991848971,1.7589033922569934,2.1011635597278424,1.990041831463924,2.3074024790806265,0.8475606704560936,0.7269092633769855
0.136666666667,3.9875,10.0,1.6649218291802823,1.9065529198074234,1.7476547096278618,2.051082269294043,1.9791506328936133,2.2562225545727412,0.7974793800222943,0.6965141570250016
0.136666666667,4.10625,2.0,2.059734147628076,2.059813915299881,2.1478700699668876,2.147946740260937,2.382676686851922,2.382749253197088,1.0924866489413594,0.9590484733298061
0.136666666667,4.10625,4.0,1.736277820359597,1.7363565673096322,1.8228927589414936,1.8229683739739495,2.0542402832100493,2.054311522843967,0.7690303216728803,0.6334245589021221
0.136666666667,4.10625,6.0,1.6654707459935545,1.6730489291863033,1.7513794230569901,1.7833972761882477,1.9822281572328682,1.98887193860471,0.6982232473068378,0.5696494161727864
0.136666666667,4.10625,8.0,1.7108977498776925,2.008736731442867,1.795975677106417,2.1540466805169585,2.027618172102221,2.360975616962062,0.9004437912452097,0.7719584424637104
0.136666666667,4.10625,10.0,1.736361641252117,1.9677125987291233,1.8196893357335975,2.1127634120469336,2.0519809545437986,2.31868102095269,0.8591605227751848,0.7634481650053843
0.136666666667,4.225,2.0,2.0691646403891224,2.0692443931531552,2.157742022442751,2.1578187147648964,2.392835053569259,2.3929077040000903,1.1019171417024056,0.9688687591822198
0.136666666667,4.225,4.0,1.7340812851515008,1.7341601083208167,1.8212387958706924,1.821314830395579,2.0526705704729378,2.0527420716577645,0.7668337864647842,0.6316179481072227
0.136666666667,4.225,6.0,1.66786033552564,1.6875113525890042,1.7542601657297454,1.8093537393631476,1.9852175513326489,2.010885547657585,0.7006128368389234,0.5814314531619693
0.136666666667,4.225,8.0,1.7341517764978518,2.056370299313045,1.8196673394361396,2.2020468908332953,2.051668616327731,2.4096442990357283,0.9484440015615465,0.8078415413696393
0.136666666667,4.225,10.0,1.7966372618593094,2.0256337314225554,1.8805509304689958,2.171079516012218,2.113566913594241,2.377870868568709,0.9174766267404693,0.8231398747833456
0.136666666667,4.34375,2.0,2.054374751556506,2.0544544089678274,2.1436334186138932,2.143710262678954,2.3785713942423277,2.3786439602696094,1.0871272528697893,0.9544813705171937
0.136666666667,4.34375,4.0,1.710134831870628,1.710213558540165,1.7977161632208292,1.797792202835471,2.0289689211447626,2.029040427829146,0.7428873331839113,0.6078943553691745
0.136666666667,4.34375,6.0,1.65094877839967,1.692637425842362,1.7375860498876832,1.8251625496810155,1.9684585252423352,2.028341741620471,0.6837012797129532,0.5794391829079303
0.136666666667,4.34375,8.0,1.7400970987325919,2.091052132194956,1.826209298962362,2.237072225752633,2.0583275161134944,2.44520041876157,0.9834693364808842,0.828576452881942
0.136666666667,4.34375,10.0,1.8418420566176628,2.072219290275508,1.9263835223690127,2.2179379034179973,2.15994680748135,2.4255220911073114,0.9643350141462486,0.869558616340481
0.136666666667,4.4625,2.0,2.0118579557156093,2.011937208262204,2.1015057822989003,2.101582140505769,2.335945646583975,2.3360177218243297,1.0446104570288925,0.9120577469941386
0.136666666667,4.4625,4.0,1.6611362415028594,1.6612146532883758,1.7485441212679005,1.7486200284071438,1.979165933015845,1.979237346759181,0.6938887428161428,0.5585697251692251
0.136666666667,4.4625,6.0,1.6112124002552677,1.6814017074933658,1.6975275350681764,1.821868568612503,1.9279204179025486,2.025699123185566,0.643964901568551,0.556521629881912
0.136666666667,4.4625,8.0,1.7253806323090286,2.1048626982615675,1.8115956051046207,2.251161692611684,2.0448275961573925,2.459503493711422,0.9975588033399354,0.8284719574882934
0.136666666667,4.4625,10.0,1.868134520149815,2.0993637179328557,1.9534927447206827,2.2454910259116683,2.187294775583553,2.4534757459306977,0.9918881366399195,0.8967920928338863
0.1525,3.0375,2.0,1.4818460818195298,1.9938333270034354,1.5895578280138083,2.137727872398069,1.8483420800635788,2.3451144528742343,0.88412498312632,0.6616536114911167
0.1525,3.0375,4.0,1.3555629985878193,1.6647350084180357,1.4403160228941052,1.8060241036670641,1.6679326257197384,2.0097249611064045,0.5524212143953153,0.4196326245278687
0.1525,3.0375,6.0,1.3383364140211487,1.9166655186187438,1.4753548382037205,2.0599901494081845,1.7416726553847839,2.266732237542642,0.8063872601364357,0.5620419733255447
0.1525,3.0375,8.0,1.577890395888604,2.2663857675559793,1.7836581360302417,2.412317245891401,2.0421250840202956,2.623128065540592,1.158714356619652,0.8798341202835264
0.1525,3.0375,10.0,1.5422723385069343,2.2305422349802884,1.7481178027972697,2.3758935994782493,2.005979841014475,2.5859042284579035,1.1222907102065005,0.8437016786681942
0.1525,3.15625,2.0,1.5375618414438585,1.7893698951523276,1.6219969247761854,1.9325605517059707,1.85097367705448,2.13859454237753,0.678957662434222,0.5740929098807328
0.1525,3.15625,4.0,1.3773508062095166,1.465909409950132,1.4619311229142748,1.606222897974125,1.689078750122427,1.8085584328838993,0.4101033075227999,0.3304252411380699
0.1525,3.15625,6.0,1.3423456004886907,1.7194653817608256,1.4269729413308854,1.8622835815698613,1.6617502118845746,2.067551248265483,0.6086806922981125,0.442311498679061
0.1525,3.15625,8.0,1.3809377755632974,2.067844533425193,1.5882190341832079,2.213610509376614,1.8479459755768455,2.422564771879926,0.9600076201048651,0.6824371044631881
0.1525,3.15625,10.0,1.34025460352112,2.027224023551862,1.547940751183373,2.172655638355315,1.805260611951957,2.3805907870848766,0.9190527490835663,0.641237740403758
0.1525,3.275,2.0,1.603746485071346,1.649642514120171,1.6881731701600065,1.784714146956823,1.9178962207852943,1.9885391701280617,0.6364989863846294,0.5343686223326246
0.1525,3.275,4.0,1.4119758318338804,1.4125740192841378,1.4964073657027015,1.5047997501810213,1.7239813461010511,1.7241885305608544,0.44472833314716376,0.3079044784062819
0.1525,3.275,6.0,1.361635479740325,1.5818315695183658,1.4460664611190586,1.7239528357873324,1.6731302220675555,1.9269350712858537,0.4703499465155836,0.38117527771542264
0.1525,3.275,8.0,1.3171179486499784,1.9306018904918547,1.46996430672629,2.0755389662722354,1.739417134379187,2.2822018819554506,0.8219360770004867,0.5647236925415069
0.1525,3.275,10.0,1.2013427543961268,1.8867610578917537,1.4086566614651828,2.0313744239222022,1.669282027080098,2.2371133408867014,0.7777715346504535,0.5013383820693517
0.1525,3.39375,2.0,1.6764247896206326,1.6765044578906512,1.7610327362756357,1.761253574621746,1.9915789775720423,1.99165084045007,0.7091772909339159,0.571990900534137
0.1525,3.39375,4.0,1.4554329638144605,1.4555112590156678,1.5398431827242645,1.5399184833098736,1.7679358631160065,1.7680066807632604,0.48818546512774386,0.3500247432529297
0.1525,3.39375,6.0,1.392117128868907,1.4940519226336453,1.476429135817209,1.6354046413161643,1.7038905019106148,1.8370079740397816,0.42486963018219026,0.35206688856006113
0.1525,3.39375,8.0,1.3497096169791218,1.844779473875234,1.444951877326629,1.9890300717259204,1.7006354090339086,2.1942697314835864,0.7354271824541716,0.5161460345330742
0.1525,3.39375,10.0,1.1917818565305336,1.7996855849199207,1.3396799058977569,1.9435449421281785,1.608793137043652,2.1478414162817137,0.6899420528564297,0.43413781159596665
0.1525,3.5125,2.0,1.7516894186551577,1.751768812251992,1.8366342349289027,1.8367105461836724,2.0680221008006248,2.0680937117126192,0.784441919968441,0.6477364752178357
0.1525,3.5125,4.0,1.50380493908813,1.5038830037694848,1.5883370054438377,1.5884120802259782,1.8169954419945928,1.8170660469726985,0.5365574404014134,0.3986664240447945
0.1525,3.5125,6.0,1.429853420339012,1.462344666610036,1.514145407150111,1.5904890739241264,1.74207808279769,1.790228896824992,0.4626059216522954,0.35043992907000204
0.1525,3.5125,8.0,1.3930608359867958,1.8020063554931864,1.4767844448296945,1.9458799803151987,1.7122738515668154,2.1505570511381977,0.6922770910434499,0.5090104243506556
0.1525,3.5125,10.0,1.2570853686938306,1.7571647251351719,1.3508901476431594,1.900617538524256,1.6074130452573858,2.1044617002431463,0.6470146492525073,0.4251887587118324
0.1525,3.63125,2.0,1.825654567592762,1.8257338175479099,1.911070978703569,1.9111473053850383,2.143261202829589,2.1433326809818345,0.8584070689060453,0.7222834299691246
0.1525,3.63125,4.0,1.5532053990002457,1.5532833718114445,1.6379872653262983,1.6380622485667924,1.8672132235641088,1.8672837422278443,0.585957900313529,0.4484225462117964
0.1525,3.63125,6.0,1.4709088230551037,1.479112520560798,1.5553137065826408,1.5889471776600952,1.7837461055560802,1.7905298540290522,0.5036613243683871,0.37367636903630247
0.1525,3.63125,8.0,1.4420403235576003,1.7939064743754831,1.5257848799288212,1.937662373717147,1.7540756644680222,2.1421796811228453,0.6840594844453982,0.5281915706573272
0.1525,3.63125,10.0,1.3303253816593827,1.7509170396100906,1.4122157311885002,1.8942674376253297,1.6491284050210016,2.0978775179855953,0.6406645483535809,0.45137192331065745
0.1525,3.75,2.0,1.894436033863412,1.8945152347547087,1.9804796797035056,1.980555956418251,2.213414622541019,2.2134862564456528,0.9271885351766954,0.7917313017500991
0.1525,3.75,4.0,1.599750066776664,1.5998280499124684,1.6848923938365212,1.6849673847377529,1.9146423486518545,1.914712874386706,0.6325025680899473,0.49538219084600194
0.1525,3.75,6.0,1.5113990706866942,1.5129815613447237,1.5960324655796732,1.6115661489372142,1.8249477110130827,1.825425824974803,0.5441515719999775,0.40930880155170596
0.1525,3.75,8.0,1.4927185587706568,1.812326874004016,1.5766313655291917,1.956073069429741,1.8055532216941945,2.1608346167730534,0.7024701801579922,0.562939622162483
0.1525,3.75,10.0,1.407525328842926,1.7728101570868018,1.4895040395087373,1.9162044172258617,1.718151296403111,2.1200695819673907,0.6626015279541129,0.49962747463481216
0.1525,3.86875,2.0,1.9541992035826703,1.9542784765569532,2.040940424276563,2.041016708259077,2.2745263834423906,2.2745981627090126,0.9869517048959536,0.8521765642667853
0.1525,3.86875,4.0,1.639555334137099,1.6396334206629344,1.7251508224393837,1.7252258851442994,1.9553359580851268,1.9554065513072898,0.6723078354503823,0.5356346664250297
0.1525,3.86875,6.0,1.5474768344991792,1.548201378316905,1.6324001156060852,1.6438983005129564,1.8617360399959972,1.8618720535517603,0.5802293358124625,0.44484745820948807
0.1525,3.86875,8.0,1.5412391892928432,1.8488893589634476,1.6254223330956816,1.992906049966566,1.8549397416266635,2.1980821426055313,0.7393031606948173,0.6058298070541296
0.1525,3.86875,10.0,1.4847791509893997,1.8144074824671297,1.5670324207318336,1.9581427884848817,1.7962647474655087,2.16249163184927,0.7045398992131329,0.559436374793678
0.1525,3.9875,2.0,2.0011545878187342,2.0012338504914857,2.0885516091209904,2.088627922495764,2.3226573018577947,2.322729464729563,1.0339070891320175,0.899742460548063
0.1525,3.9875,4.0,1.6688462456511657,1.668924527159684,1.7548609825997614,1.7549361461918702,1.985347192691226,1.9854178808476037,0.701598746964449,0.5653055003192261
0.1525,3.9875,6.0,1.5752635395342278,1.576837380956924,1.6605150881267532,1.6758063369075182,1.8902226679488032,1.8910916008279126,0.6080160408475112,0.47387277351269735
0.1525,3.9875,8.0,1.5837423616719175,1.8954117252476939,1.6682562140931674,2.0398572937178967,1.898288365092727,2.2455490936825173,0.7862544044461479,0.6507675133799941
0.1525,3.9875,10.0,1.558227661924228,1.8675607927663778,1.6408993063226662,2.011787752208306,1.871024043756892,2.2167284464921635,0.7581848629365571,0.6232880050407796
0.1525,4.10625,2.0,2.0314445973854154,2.0315239386191326,2.1194183974960135,2.1194946578878184,2.353909236731633,2.35398141536577,1.0641970986986986,0.930545378376638
0.1525,4.10625,4.0,1.683746772176042,1.683825111619492,1.7701521030374354,1.770227326945733,2.0008892288926075,2.0009601003606168,0.7164992734893253,0.5805501116343285
0.1525,4.10625,6.0,1.590876512595838,1.5966660326077122,1.6765495162500268,1.704211233613819,1.9065020909184531,1.9112840600768672,0.6236290139091213,0.49326491213946017
0.1525,4.10625,8.0,1.6163777290931056,1.9437804095922062,1.7012314399865265,2.0886250799708215,1.931746591703187,2.2949250257154032,0.8350221906990727,0.6916977171392157
0.1525,4.10625,10.0,1.6240055304859216,1.9241564591628604,1.7072094218474045,2.0688417138506634,1.9381164102216675,2.274510019582583,0.8152388245789146,0.6850565969875242
0.1525,4.225,2.0,2.041234219145828,2.0413135267591365,2.129658360172738,2.1297346247334437,2.3644418862825045,2.364514131746294,1.0739867204591111,0.940732795935665
0.1525,4.225,4.0,1.6803326537475696,1.6804110485919663,1.7672902100544865,1.7673658318354077,1.9981011844278318,1.9981722978494454,0.7130851550608529,0.577528875546792
0.1525,4.225,6.0,1.5904770233364887,1.6060483868444506,1.67664524722914,1.7247521006281483,1.9066888379101634,1.9254562287225878,0.623229524649772,0.5005946419075039
0.1525,4.225,8.0,1.635258932531047,1.985881848732435,1.7205677464805333,2.1310500620107264,1.9514626193854787,2.33793288477803,0.8774471727389777,0.7226090201153825
0.1525,4.225,10.0,1.6783677701370532,1.9761016052244345,1.7621023753374283,2.1210903968527592,1.993668629347566,2.3275663448070385,0.8674875075810105,0.7387328580800542
0.1525,4.34375,2.0,2.026519439107012,2.0265986262272295,2.1156415578477907,2.115717948892464,2.350263807090551,2.350335945411419,1.0592719404202953,0.9264295585584184
0.1525,4.34375,4.0,1.6549130355569812,1.6549913079112302,1.7422704061190795,1.7423460069101995,1.9728818856617083,1.972952980030519,0.6876655368702645,0.5523092748272936
0.1525,4.34375,6.0,1.5705281684472874,1.6042818763600342,1.6568902907642302,1.7333466538588054,1.8868100933764314,1.9347197241144989,0.6032806697605707,0.493346138949222
0.1525,4.34375,8.0,1.6366130092775344,2.01361588876058,1.7224430578959593,2.1591584546997846,1.9543553426881317,2.3664562467478722,0.9055555654280358,0.7376903378073179
0.1525,4.34375,10.0,1.71732876094608,2.015271757552293,1.8016724615249855,2.1606217988335232,2.033752252371506,2.367627415852042,0.9070189095617744,0.7782957456424126
0.1525,4.4625,2.0,1.9838164813204409,1.9838952342997855,2.0733168777341655,2.0733927546805893,2.3074453494994227,2.307516970496443,1.016568982633724,0.8838139491341485
0.1525,4.4625,4.0,1.604165777000046,1.6042436305161574,1.691338369169057,1.6914138058356973,1.9212726589655291,1.9213436300103572,0.6369182783133293,0.5012129830451482
0.1525,4.4625,6.0,1.527490826867967,1.5835450350932363,1.6134950498869869,1.7211631592631689,1.8428636784639159,1.923930035456819,0.5602433281812503,0.46433130196768974
0.1525,4.4625,8.0,1.617025404658464,2.019187893290767,1.702876870505896,2.1648123893496427,1.9384877504922011,2.372306662590841,0.9112095000778939,0.731366166276976
0.1525,4.4625,10.0,1.7371898398975625,2.0336581023805604,1.8223047934758583,2.1793503315964524,2.0544824696960298,2.386631244402068,0.9257474423247036,0.7978528013704294
0.168333333333,3.0375,2.0,1.435212785447104,1.865229953657327,1.5248554819250126,2.0082637075374374,1.770214030147956,2.2144158098136812,0.7546608182656886,0.5652819658837606
0.168333333333,3.0375,4.0,1.300502671304554,1.543022543127413,1.3849904455332631,1.6835013308646052,1.6112585167252047,1.8860027068181127,0.4298984415928564,0.3304630401911996
0.168333333333,3.0375,6.0,1.2768358129390889,1.8075284781071739,1.390108096505717,1.9501323675388489,1.6520917012807312,2.1558429959278946,0.6965294782671001,0.46767324651224995
0.168333333333,3.0375,8.0,1.490219033889176,2.175516679808484,1.6952310421608898,2.3209183442451358,1.9525856942806916,2.530928460500675,1.067315454973387,0.7898165469431829
0.168333333333,3.0375,10.0,1.477705240656616,2.163672023924342,1.6830430918604584,2.3086756775738353,1.9401627103533725,2.5182508838941016,1.0550727883020865,0.7775016091727952
0.168333333333,3.15625,2.0,1.4941623169365323,1.6706683838524177,1.5782623461843954,1.8130797476074678,1.80674962371779,2.017732750044407,0.559476858335719,0.4923591991861758
0.168333333333,3.15625,4.0,1.3239221191456283,1.364416155355436,1.4082501102134477,1.495013374491266,1.6347636159071137,1.6955119167520079,0.35667462045891163,0.24922955310649073
0.168333333333,3.15625,6.0,1.2811456337543157,1.6192845009705257,1.3655455843709308,1.7614731059357025,1.593586344768653,1.965544324244474,0.5078702166639537,0.3600132534697744
0.168333333333,3.15625,8.0,1.3023271598809951,1.9855703241691551,1.5079599415270668,2.1307447897922858,1.7675376670160432,2.3387702178669008,0.877141900520537,0.6010683545044152
0.168333333333,3.15625,10.0,1.2835506976624262,1.9683540417370495,1.4906585038828533,2.1134379739822964,1.747410301908392,2.32086522698112,0.8598350847105476,0.5829627954880303
0.168333333333,3.275,2.0,1.563261758396256,1.574958037772055,1.6473905714605261,1.6878646354372682,1.876654935284679,1.8912777335087143,0.5960142597095394,0.4691512831055906
0.168333333333,3.275,4.0,1.3599000689209293,1.3599783028146768,1.4440856427271216,1.4441775883721917,1.6710361775077964,1.6711069440271418,0.39265257023421263,0.2539641251906504
0.168333333333,3.275,6.0,1.3002017908330297,1.4891143873862396,1.3844186378171146,1.630467753329414,1.6107214104464385,1.8323540544513404,0.3768648640576653,0.3034630101729369
0.168333333333,3.275,8.0,1.2480066074138183,1.8552596687655063,1.39792241056208,1.9995696084381365,1.666350528219346,2.205355968562075,0.7459667191663877,0.4909941364558345
0.168333333333,3.275,10.0,1.1494208794645815,1.8344829946552492,1.357868519063038,1.978697524474696,1.6163067055018805,2.1838591548357478,0.7250946352029473,0.44902263412820637
0.168333333333,3.39375,2.0,1.638570847346723,1.6386500528379915,1.7229294029759346,1.7230055365455557,1.953036046984463,1.9531074916819973,0.6713233486600064,0.533799900857785
0.168333333333,3.39375,4.0,1.4044147167213752,1.4044925729692677,1.4885954745391603,1.488670352214926,1.7160720732722146,1.7161424932690605,0.4371672180346585,0.29864795162667485
0.168333333333,3.39375,6.0,1.3301547025484526,1.4077730386421416,1.4142716547443577,1.547831820430518,1.640961012721396,1.7484506741675245,0.3629072038617359,0.2771571550047392
0.168333333333,3.39375,8.0,1.279000900063153,1.774790672884681,1.3744770460659483,1.918484388896522,1.6299288358655086,2.1229796543819557,0.6648814996247732,0.44552692082196893
0.168333333333,3.39375,10.0,1.118323428780704,1.7522947292558064,1.2864587627284272,1.8958097119357409,1.5535344382513236,2.0996480093407195,0.6422068226639921,0.37992818451112775
0.168333333333,3.5125,2.0,1.7161825109767213,1.7162614654182882,1.800901404319428,1.8009772929724284,2.0318712830888397,2.031942497280988,0.7489350122900046,0.6119394134717896
0.168333333333,3.5125,4.0,1.4535581160565119,1.453635763341998,1.537878037114442,1.5379527099548167,1.7659244440276693,1.7659946710188679,0.4863106173697952,0.34807396138139174
0.168333333333,3.5125,6.0,1.3670855527678358,1.3887967399821373,1.451192993371584,1.5105816085434762,1.6783393291677724,1.7083241598241066,0.39983805408111917,0.2796367350718262
0.168333333333,3.5125,8.0,1.3199666909750205,1.735971322805407,1.4035424849339149,1.8793428714395117,1.6403197422684432,2.0832955169302974,0.6257399821677629,0.4393231093544399
0.168333333333,3.5125,10.0,1.1757455092864044,1.7132790705837648,1.282036595775472,1.856411183454822,1.546905113748095,2.0598057669072762,0.6028082941830732,0.36794721108831324
0.168333333333,3.63125,2.0,1.7922106900650476,1.7922895180674556,1.8774051209333498,1.8774808853571916,2.1092139211020697,2.1092850182042335,0.824963191378331,0.6885641967505656
0.168333333333,3.63125,4.0,1.503445990152192,1.5035235607037882,1.5880318298471958,1.5881064635809259,1.8166464306014585,1.81671658513457,0.5361984914654753,0.39832848113236247
0.168333333333,3.63125,6.0,1.4070515051275327,1.4107639196047481,1.4912810851636669,1.5142931122136016,1.7189095006128698,1.7206145847716505,0.4398040064408161,0.3060689557113524
0.168333333333,3.63125,8.0,1.3662559621822343,1.7303959128723416,1.449879039831211,1.8736526322148346,1.6775765185350933,2.077491699641758,0.6200497429430858,0.4581252986752529
0.168333333333,3.63125,10.0,1.2447127612667956,1.7090812219598621,1.3304325793129368,1.852100567693938,1.5787446769810884,2.055316405066459,0.5984976784221891,0.3906480398425208
0.168333333333,3.75,2.0,1.8627711820416701,1.8628499717617975,1.9486155173977278,1.9486913979874918,2.181168790669767,2.181240190316235,0.8955236833549535,0.7598061794914557
0.168333333333,3.75,4.0,1.5501940622342718,1.5502716518255608,1.6351553991130732,1.635230049203666,1.864291173820881,1.8643613434741744,0.5829465635475551,0.44550061774094535
0.168333333333,3.75,6.0,1.4461682932970588,1.4466059926806123,1.5306343615854843,1.5399535704894871,1.758724667883984,1.758796050076905,0.4789207946103421,0.34239716046459606
0.168333333333,3.75,8.0,1.413981833913143,1.7498860545178583,1.4977763702949818,1.8931486018189685,1.7256878044352981,2.0972202484016176,0.6395457125472197,0.49186682335931864
0.168333333333,3.75,10.0,1.3173480290889863,1.731561076012529,1.3993960523663858,1.8746466324135345,1.634244843615283,2.0780935222109025,0.6210437431417857,0.4347983637469443
0.168333333333,3.86875,2.0,1.9240200449364062,1.9240989107651996,2.0105940529378685,2.0106699452821113,2.2438196294787964,2.243891040049037,0.9567725462496895,0.8217656083705772
0.168333333333,3.86875,4.0,1.589922961677299,1.5900006458253495,1.6753464240684945,1.6754211106836154,1.9049118145132355,1.9049820538956879,0.6226754629905823,0.48568083957295444
0.168333333333,3.86875,6.0,1.4805841913717095,1.4809475612580085,1.5653512541019112,1.572470340703576,1.793837971808415,1.7939094691735964,0.5133366926849928,0.3767668025318769
0.168333333333,3.86875,8.0,1.4592691267141562,1.7860808408698456,1.5433329077901021,1.9296062826441431,1.7717972429917168,2.1340704463876623,0.6760033933723943,0.5329428123619452
0.168333333333,3.86875,10.0,1.3897724221766883,1.772324998604259,1.4721063309567293,1.9157255855286255,1.7020268210387022,2.119646061379313,0.6621226962568767,0.490850374409727
0.168333333333,3.9875,2.0,1.9721722611964716,1.9722511148823554,2.0594377512839688,2.0595136713228994,2.29318795468747,2.2932597453931423,1.0049247625097548,0.8705537542567253
0.168333333333,3.9875,4.0,1.6188493156269366,1.6189272012481717,1.7047042243455022,1.704779008114387,1.9345614935058224,1.9346318242571192,0.6516018169402199,0.5149921823119973
0.168333333333,3.9875,6.0,1.5064303596788864,1.5070663506449682,1.591530194177825,1.6018647454346717,1.8203632168685904,1.8204865712977414,0.5391828609921697,0.40354024414612133
0.168333333333,3.9875,8.0,1.4982607765727218,1.830806435066083,1.5826470837814495,1.9747200677961703,1.8115801982091364,2.1796863062338927,0.7211171785244215,0.5752001490722497
0.168333333333,3.9875,10.0,1.458113379127761,1.8232158210887677,1.5408698389800384,1.9670620649970116,1.770034561668191,2.171556736206703,0.7134591757252629,0.5507254048070861
0.168333333333,4.10625,2.0,2.003384967669788,2.0034638913150986,2.091247574905087,2.0913234344006364,2.32539619532266,2.3254679943286174,1.0361374689830711,0.9022973474526553
0.168333333333,4.10625,4.0,1.6331261211042358,1.6332040545076383,1.71935242249069,1.7194272568869948,1.9494761333655377,1.949547123501453,0.6658786224175192,0.529605523105099
0.168333333333,4.10625,6.0,1.5198543403252271,1.52302176517897,1.6053484687384716,1.6257572094159054,1.8343923788369625,1.836524926090564,0.5526068416385105,0.41973318589335756
0.168333333333,4.10625,8.0,1.5271013890758793,1.8759492738420216,1.6118173297339007,2.0202164436456638,1.841206419242471,2.2257544583817728,0.766613554373915,0.612590890115959
0.168333333333,4.10625,10.0,1.518534312325854,1.876122012193766,1.6017850079011917,2.020373022103092,1.8314036195118097,2.225555540379584,0.7667701328313432,0.607878923531557
0.168333333333,4.225,2.0,2.013824513042703,2.01390338830048,2.102139865919588,2.102215715436912,2.336581661006888,2.336653513060289,1.0465770143559863,0.9131364472568174
0.168333333333,4.225,4.0,1.6287852140685213,1.6288631860000509,1.7155747669462367,1.7156499814333397,1.9457384410595457,1.9458091712793144,0.6615377153818046,0.5256534645935088
0.168333333333,4.225,6.0,1.516965444478192,1.5274597270073282,1.6029513563675164,1.6410434769612041,1.8320742567300812,1.8428376927013461,0.5497179457914753,0.42280533016995214
0.168333333333,4.225,8.0,1.5418735679776414,1.913395793933113,1.6270757760900803,2.0579824140099765,1.8574117293767713,2.264032888317953,0.8043795247382277,0.6392120327465968
0.168333333333,4.225,10.0,1.5672349512637562,1.9229448533402622,1.650950269185063,2.067494578248931,1.8811762632645594,2.2733724675844673,0.8138916889771821,0.656112234943514
0.168333333333,4.34375,2.0,1.9994756364108217,1.9995543699806417,2.0884870332452987,2.088562987648247,2.3227846404400085,2.322856366205205,1.032228137724105,0.899203510117378
0.168333333333,4.34375,4.0,1.6021432203871437,1.602221047332172,1.6893498701119671,1.6894250413358658,1.919296965100322,1.919367655293887,0.6348957217004271,0.49921730438923384
0.168333333333,4.34375,6.0,1.4942098463390348,1.5183070600298523,1.5804076376664387,1.6426659634380445,1.8093712659977805,1.8423220680081962,0.5269623476523181,0.41013064470889865
0.168333333333,4.34375,8.0,1.5389009340839281,1.9350955599782684,1.6245442386573308,2.080014379842254,1.8578547056760994,2.286360372189303,0.8264114905705051,0.649378369533538
0.168333333333,4.34375,10.0,1.600242891753153,1.955562704388426,1.6845718443359077,2.1004844699446155,1.9152723647871768,2.306792568361205,0.8468815806728667,0.6894044783907548
0.168333333333,4.4625,2.0,1.9568228952384066,1.9569011686871416,2.046263287591494,2.0463387034219376,2.2800351500158027,2.2801063351859887,0.9895753965516899,0.8566612611524693
0.168333333333,4.4625,4.0,1.5498857719504526,1.549963224549746,1.6369396989973857,1.637014678135699,1.8661966305064412,1.8662668386002526,0.582638273263736,0.4466278115856703
0.168333333333,4.4625,6.0,1.4481150924145132,1.4894809602908268,1.5339386449513945,1.6221600237749967,1.7623120157573844,1.823244651129715,0.4808675937277965,0.3754585691821459
0.168333333333,4.4625,8.0,1.5147144043866034,1.9331757783798187,1.600295243180276,2.0781606810178954,1.8390793444597633,2.284599477348475,0.8245577917461466,0.6372541592578127
0.168333333333,4.4625,10.0,1.6139326257226403,1.9660544092681298,1.6989321498343857,2.111252998726143,1.9296769588544673,2.3176919597760945,0.8576501094543942,0.7018401881593176
0.184166666667,3.0375,2.0,1.3900147908906664,1.7396057220471344,1.4739640464710957,1.8818386895918202,1.7062368623919828,2.0868061144329775,0.6282358003200714,0.4753277087666203
0.184166666667,3.0375,4.0,1.2485618823004834,1.4226319043191142,1.332844719245569,1.5623420697196277,1.5584111768843216,1.7636968718859418,0.30873918044787896,0.24366477518818377
0.184166666667,3.0375,6.0,1.220409932123594,1.6982133027682593,1.3187477272792414,1.8400282016971174,1.5695262489252395,2.0446976453459125,0.5864253124253687,0.3775205141522348
0.184166666667,3.0375,8.0,1.4000123278214205,2.0828878371977577,1.6046671756076674,2.227640808414623,1.86100328714754,2.4368002181705357,0.9740379191428741,0.6977519468555982
0.184166666667,3.0375,10.0,1.4092384363476795,2.0934654767523906,1.6143722669144402,2.23811507075988,1.8707348861141102,2.4469963737174587,0.984512181488131,0.7077370895633339
0.184166666667,3.15625,2.0,1.4524889753629429,1.5559191487311457,1.536328169499019,1.697500638361237,1.7642791020218145,1.9008538955220973,0.4852414766762262,0.4134783260453836
0.184166666667,3.15625,4.0,1.2739300240976006,1.2853066404682845,1.3580410276010575,1.3971035309895632,1.5839094892571417,1.597788043088376,0.3066825254108839,0.17826313037934471
0.184166666667,3.15625,6.0,1.225032415328534,1.5198514765216187,1.309272523445102,1.6613780194067185,1.5346452785384213,1.864175281387133,0.4077751301349697,0.2813091702335953
0.184166666667,3.15625,8.0,1.223650228383477,1.9024089627515375,1.4265064990665146,2.0470129084649953,1.6866204283433215,2.2539410166945255,0.7934100191932465,0.5189400117464026
0.184166666667,3.15625,10.0,1.223759122951655,1.9071067690679238,1.430603748444221,2.0518102864475574,1.6869129114086276,2.2584324913953653,0.7982073971758086,0.5220208927482324
0.184166666667,3.275,2.0,1.524820822325467,1.5252963139956965,1.6087275865623643,1.614841671921329,1.8374866001482455,1.8376310690943016,0.5575733236387502,0.42038401513690804
0.184166666667,3.275,4.0,1.311523673148311,1.3116014551975197,1.3955314665725804,1.3956063146578583,1.6218474864037564,1.6219178433252206,0.3442761744615944,0.20525471101321524
0.184166666667,3.275,6.0,1.244139452486778,1.3980107628370144,1.328222711728909,1.538626787463058,1.5537765522392026,1.7393529904499834,0.28502389819130913,0.22927154732983165
0.184166666667,3.275,8.0,1.1857550605115827,1.7798900744996056,1.327667837049075,1.9236592618133699,1.594988349741198,2.1284066252046183,0.6700563725416211,0.4189778725989157
0.184166666667,3.275,10.0,1.0969396199000547,1.78061633894538,1.3051813743496852,1.9244244011702045,1.5623551459902778,2.128791783433547,0.6708215118984557,0.395301448427199
0.184166666667,3.39375,2.0,1.6030535854416241,1.6031323548767635,1.687214257853483,1.6872899719689787,1.9168438613129284,1.9169149116054727,0.6358060867549075,0.4979914949722158
0.184166666667,3.39375,4.0,1.357384538923569,1.3574619752470336,1.4414169398543777,1.441491450896715,1.6682602308414949,1.668330270275799,0.39013704023685236,0.25130757213550564
0.184166666667,3.39375,6.0,1.2738530784540814,1.3270616509154824,1.3578581499003979,1.4628551860945558,1.583790946869812,1.66243848705894,0.3066055797673647,0.20689292101121903
0.184166666667,3.39375,8.0,1.2156333963283852,1.7057292498712397,1.3096125883430179,1.8489245108908727,1.5633748429951702,2.052522612363392,0.5953216216191239,0.37821620459435373
0.184166666667,3.39375,10.0,1.0551115280116152,1.7042690716576179,1.236040207388375,1.847431453138765,1.5004733614516361,2.050673985103385,0.5938285638670162,0.32791660558757313
0.184166666667,3.5125,2.0,1.6833030621413803,1.6833816080916497,1.7678488323701083,1.7679243282858932,1.9983666699906582,1.9984375147930569,0.7160555634546636,0.5787936737411319
0.184166666667,3.5125,4.0,1.4075901463555964,1.4076673992155853,1.4917871206022544,1.4918614516214996,1.7192008633976554,1.719270733054434,0.44034264766887976,0.30181295683684495
0.184166666667,3.5125,6.0,1.3102692706700934,1.3226155208147101,1.39427663483708,1.436005136905029,1.6206554687992283,1.6336548420623584,0.3430217719833767,0.21516281681042404
0.184166666667,3.5125,8.0,1.2545078786355321,1.6718460374865471,1.33802446839213,1.8147078614503915,1.5745248852580147,2.017826136436111,0.5611049721786427,0.37415621573879526
0.184166666667,3.5125,10.0,1.1037900022442697,1.6696620388547152,1.22589802197705,1.8124526937878198,1.4923903714843012,2.015269177648657,0.558849804516071,0.3154937221284763
0.184166666667,3.63125,2.0,1.7616850498546983,1.7617634905096844,1.8467298555545821,1.846805247786476,2.0781083036856964,2.0781790506224684,0.7944375511679816,0.6577951707979416
0.184166666667,3.63125,4.0,1.4582562186702464,1.458333413874097,1.5427404090050831,1.54281468194329,1.7707225248995364,1.7707923395191307,0.4910087199835297,0.3528599357809048
0.184166666667,3.63125,6.0,1.3494365559207322,1.3505476702080914,1.433576598003834,1.4466581129433318,1.6604232588547503,1.660638974702164,0.38218905723401553,0.2457968662344914
0.184166666667,3.63125,8.0,1.2984188656249986,1.6696924455962543,1.3819892221026113,1.8124292031770646,1.6094959349761926,2.015469496374954,0.5588263139053158,0.3934991991043533
0.184166666667,3.63125,10.0,1.1687507860283863,1.668411371482239,1.2617686725892119,1.8111397032528502,1.5182892569478632,2.013750026360097,0.5575368139811014,0.33593497390578203
0.184166666667,3.75,2.0,1.8343153460115451,1.8343937631071698,1.9200158144244397,1.9200913364100427,2.1522000023288053,2.152271063971985,0.8670678473248284,0.7311312255046719
0.184166666667,3.75,4.0,1.5054984790933739,1.5055757059934902,1.5903752052517375,1.590449506973164,1.8188783561744384,1.8189481975278996,0.5382509804066572,0.400537579631358
0.184166666667,3.75,6.0,1.3874706678755098,1.3876211813054316,1.4718564708655335,1.4767214018410602,1.6991474578636767,1.699218544643449,0.4202231691887931,0.28258929186145093
0.184166666667,3.75,8.0,1.343482090966296,1.6911435167594844,1.4272294764447808,1.833914739903121,1.654175696209595,2.0371657881502103,0.5803118506313723,0.4267685558679221
0.184166666667,3.75,10.0,1.2371026606363895,1.6924036031200596,1.321401040183833,1.8351790789900744,1.5670019711245582,2.0380338136914062,0.5815761897183256,0.37743703242006094
0.184166666667,3.86875,2.0,1.897342886146835,1.8974214398032123,1.9838042225433818,1.9838797645662465,2.2166784180492534,2.2167494983786797,0.9300953874601184,0.7948960427102755
0.184166666667,3.86875,4.0,1.5454687823986357,1.5455461102338228,1.6307899095310885,1.6308642918221992,1.8597214980496597,1.8597914149387478,0.578221283711919,0.44094700562469974
0.184166666667,3.86875,6.0,1.420500414731894,1.4206301306008382,1.505214684887057,1.5089616450786563,1.7328812066533072,1.732952412509392,0.45325291604517737,0.3157734202058649
0.184166666667,3.86875,8.0,1.3858132883289378,1.727847814184899,1.469843662883513,1.8708770287224055,1.697303523313546,2.07454200523601,0.6172741394506567,0.46662122490722596
0.184166666667,3.86875,10.0,1.304970266029681,1.7332113396909201,1.3874683096904228,1.87631797860337,1.6257438565569602,2.079610966518368,0.6227150893316211,0.4301371239772945
0.184166666667,3.9875,2.0,1.9469838270205944,1.9470623408391696,2.034172516002855,2.0342480878189066,2.2675765943139945,2.26764805500992,0.9797363283338777,0.8451985746299142
0.184166666667,3.9875,4.0,1.5743275171352207,1.5744050057456804,1.6600829220320097,1.660157401601474,1.8893236389223835,1.8893941306473327,0.607080018448504,0.47019844047635767
0.184166666667,3.9875,6.0,1.4447395238298724,1.445111772257681,1.5297496715332781,1.536290945076664,1.757723605648169,1.7577950467421741,0.4774920251431557,0.34081843197698064
0.184166666667,3.9875,8.0,1.421583108828254,1.7716538459739084,1.5059302128836838,1.9150438636290692,1.7338661562957283,2.1192031878754527,0.6614409743573204,0.5067967337100235
0.184166666667,3.9875,10.0,1.3684806790350426,1.782718633965339,1.4514205191610718,1.9262320840622489,1.6862343432710105,2.1300896259021846,0.6726291947905001,0.4864459853618237
0.184166666667,4.10625,2.0,1.9793992108986385,1.9794777283793878,2.0672240657420513,2.0672998660185375,2.3010366186999685,2.3011080838234794,1.0121517122119217,0.8781742667226845
0.184166666667,4.10625,4.0,1.5882531392293002,1.5883307094589074,1.6743526429433737,1.6744272014220654,1.9039175327743105,1.903988192311871,0.6210056405425836,0.4844615741523121
0.184166666667,4.10625,6.0,1.4562390457221142,1.4575799125714537,1.541630482630045,1.5560305514121706,1.7698065943239425,1.770677120598252,0.4889915470353975,0.35424395567200384
0.184166666667,4.10625,8.0,1.4468961433831944,1.8144480488619652,1.53158755791017,1.9581641247099315,1.760429812232071,2.1628600337144195,0.7045612354381827,0.5413142912642993
0.184166666667,4.10625,10.0,1.4237835911754158,1.8328066286105995,1.5072391145947772,1.9767034679989441,1.7413615614445113,2.181199785529365,0.7231005787271954,0.5394323626879429
0.184166666667,4.225,2.0,1.990772794166202,1.9908512912633545,2.0790776451566773,2.079153389353608,2.31315344047519,2.313224948387132,1.0235252954794851,0.8899555892627014
0.184166666667,4.225,4.0,1.583276238199448,1.5833538340298765,1.6699466701549535,1.6700215227358184,1.8994813205433059,1.8995517096760979,0.6160287395127314,0.47985522035225747
0.184166666667,4.225,6.0,1.4511428111379021,1.4579616155742015,1.537032696752655,1.5668564139897052,1.765272787966385,1.7710480972186238,0.48389531245118544,0.35380240823558623
0.184166666667,4.225,8.0,1.4578738908123146,1.8481168595845192,1.5430519391238822,1.9921795939937401,1.7741912031942009,2.1972830189702868,0.7385767047219913,0.5643660887421648
0.184166666667,4.225,10.0,1.4671324426546049,1.8753669233160468,1.551022527456413,2.0195842369738846,1.7853050066869474,2.2246714390864217,0.7659813477021358,0.5827637671580604
0.184166666667,4.34375,2.0,1.9770806155544416,1.9771589537142849,2.066024048416847,2.066099622494168,2.3000329570235314,2.300104323096077,1.0098331168677248,0.8766667578455657
0.184166666667,4.34375,4.0,1.5556624659585256,1.5557398977453347,1.6428087588084517,1.6428835496588645,1.8721131396357813,1.8721834713479264,0.588414967271809,0.4524818849881549
0.184166666667,4.34375,6.0,1.4258662757453036,1.4425536931743541,1.5119922942019421,1.5619375441899004,1.7400410232802144,1.7608408654709924,0.4586187770585869,0.3361219538061253
0.184166666667,4.34375,8.0,1.4508230664530544,1.8646259028121466,1.536389889662958,2.0090102826783887,1.772467429159519,2.214295055278111,0.7554073934066399,0.5701852754697037
0.184166666667,4.34375,10.0,1.49455940733235,1.902296855454081,1.5789161337930189,2.046855163439142,1.8135538870967376,2.252319028897615,0.7932522741673933,0.6103334171311648
0.184166666667,4.4625,2.0,1.9347450793937833,1.9348229510124269,2.0241991630504943,2.0242741776981257,2.2576496937748822,2.257720184026724,0.9674975807070666,0.8344852126217469
0.184166666667,4.4625,4.0,1.5021401545630928,1.5022171872653514,1.5892021851839657,1.589276759657095,1.8178222924720098,1.8178921210701695,0.5348926558763761,0.3986751211642881
0.184166666667,4.4625,6.0,1.376921861602783,1.4068623261404196,1.4627592001866865,1.5347125629026357,1.690164409956617,1.7334911943833347,0.4096743629160663,0.29640193032442025
0.184166666667,4.4625,8.0,1.4222902563438522,1.8560939269426038,1.5077099262144105,2.0004847801939807,1.7502356799411989,2.2057803243977863,0.7468818909222319,0.5526824868013129
0.184166666667,4.4625,10.0,1.5022468146378776,1.9057533532418536,1.5872831543739305,2.0504772398792954,1.8216289906528962,2.256078759758429,0.7968743506075466,0.6161613898863878
0.2,3.0375,2.0,1.35011043809314,1.6263485871201087,1.433869193140796,1.7676449887582182,1.6605468224590445,1.971666160302542,0.5140420994864694,0.3972810361079824
0.2,3.0375,4.0,1.203599726894067,1.312961435547741,1.28774283193216,1.4517608147738024,1.512690193395513,1.6521882498796427,0.23635222820735036,0.1657405465328285
0.2,3.0375,6.0,1.1726323176657358,1.597859064440144,1.2598630650506772,1.7389377694982273,1.5030113180833458,1.9426769793650334,0.4853348802264785,0.29808009014620135
0.2,3.0375,8.0,1.316258901224831,1.9976775844064867,1.5210016946863425,2.1418962073844985,1.7764842074747973,2.3501241321163624,0.8882933181127497,0.6128237923445605
0.2,3.0375,10.0,1.3456927731207184,2.0290743109031975,1.5510561383101364,2.1735403298947835,1.8068482123359393,2.3815214914912763,0.9199374406230347,0.6435388804716827
0.2,3.15625,2.0,1.4164362566003526,1.4632954960095372,1.5000582388625092,1.5967958118148273,1.727467187400634,1.7985573442736873,0.4491887579136359,0.34601839362259873
0.2,3.15625,4.0,1.231198003377863,1.2319620088508418,1.315183785274268,1.324228772642556,1.540415319576417,1.5408665260598566,0.2639505046911462,0.1262257404259745
0.2,3.15625,6.0,1.177889071120079,1.4304707329539141,1.2620263506588834,1.5713532946972781,1.4867277149732807,1.7728249132605625,0.31775040542552935,0.21246535073967374
0.2,3.15625,8.0,1.1561503946867082,1.8275970646029842,1.3536102498567475,1.9716739671465586,1.6148025220429454,2.177457961927815,0.7180710778748098,0.445798697839634
0.2,3.15625,10.0,1.1698319426460875,1.8526082419082708,1.3767320216652938,1.9969848240883823,1.6327453689395612,2.2026733738898,0.7433819348166335,0.46751263331857335
0.2,3.275,2.0,1.4922647039960895,1.4923434456547124,1.5760148183437166,1.576090509908476,1.8042723646101635,1.8043433932015558,0.5250172053093728,0.3864715437481265
0.2,3.275,4.0,1.2707079273564135,1.2707853328232657,1.354627368486639,1.3547018363767598,1.5803142221926278,1.5803842204425094,0.3034604286696968,0.16417015574204333
0.2,3.275,6.0,1.1973201271701728,1.317724323068474,1.2813451812590084,1.4578125592821631,1.5062006091143378,1.6572682301081139,0.2300726284834561,0.1651951761293858
0.2,3.275,8.0,1.1351386720131234,1.713784838016334,1.2671153475275114,1.8570844325747862,1.5339346189206287,2.0607109992921373,0.6034815433030374,0.3568781558530943
0.2,3.275,10.0,1.0513086782278542,1.7344581102274303,1.2596402933375663,1.8778326683322535,1.5159629972491437,2.0814083528372516,0.6242297790605047,0.3490185211642574
0.2,3.39375,2.0,1.573710063100709,1.573788464558348,1.6577459080546744,1.6578214787850745,1.8869012349369478,1.8869719518978414,0.6064625644139924,0.4684065213512733
0.2,3.39375,4.0,1.318181120329476,1.3182582151476099,1.402173414875435,1.4022476479971782,1.628399285227368,1.6284689985900482,0.3509336216427593,0.21187145149019337
0.2,3.39375,6.0,1.2271147366770345,1.2621512889190538,1.3110606512658205,1.3909861446323706,1.536279253760569,1.5887373511661556,0.25986723799031786,0.14830490886584144
0.2,3.39375,8.0,1.1634837704945205,1.646930157430881,1.2554365627224366,1.7896835525789094,1.5074539478260678,1.9923897530719221,0.5360806633071606,0.32147962848313033
0.2,3.39375,10.0,1.0051903683117667,1.6648130222772248,1.1945522309396563,1.8076882192506654,1.4572797394497146,2.010324598036089,0.5540853299789166,0.28555803417319353
0.2,3.5125,2.0,1.6568881313441775,1.656966340823127,1.741344365425488,1.7414197480577625,1.9714070758852513,1.9714776159258327,0.6896406326574608,0.5521672173726139
0.2,3.5125,4.0,1.3697492054384062,1.36982618461526,1.4539217251624617,1.4539958068069003,1.6807236495079358,1.6807932198858304,0.4025017067516895,0.2637516363651399
0.2,3.5125,6.0,1.2632873858760627,1.2690891018545958,1.3472711608681935,1.3754671409821124,1.5729254510968258,1.5767064803204096,0.29603988718934604,0.16304112462870743
0.2,3.5125,8.0,1.20052435997961,1.6188352177952154,1.2840846067791456,1.7612531629384571,1.520027244308172,1.9635312812045098,0.5076502736667083,0.32029264996319246
0.2,3.5125,10.0,1.0449923930860543,1.6355183482040445,1.1825946634357185,1.77802028211126,1.4497942487250408,1.9802343040135146,0.5244173928395113,0.27410904439161293
0.2,3.63125,2.0,1.7379147061564595,1.737992835425349,1.822899699578661,1.8229750027376366,2.0538725573240195,2.053943359813702,0.7706672074697428,0.633849697968312
0.2,3.63125,4.0,1.4214846260279435,1.421561571108587,1.5059650646474163,1.506039110660466,1.7333404558616283,1.733409992187863,0.4542371273412268,0.3158834745446581
0.2,3.63125,6.0,1.301940053369943,1.3021759340956203,1.3860751102549982,1.3932269655712375,1.6121863296865928,1.6122571025380348,0.33469255468322634,0.1968935870484119
0.2,3.63125,8.0,1.242351212700441,1.6210008047244266,1.3259696383181292,1.76336109449197,1.5535299206194808,1.9654953315271109,0.5097582052202212,0.34086800485926716
0.2,3.63125,10.0,1.1062814624215274,1.63821834801395,1.209390194040867,1.7806631860048108,1.473773965504961,1.9825588962143184,0.527060296733062,0.2940643464957466
0.2,3.75,2.0,1.8129055849675206,1.812983709341317,1.8985348167205294,1.8986100574544371,2.130400294645345,2.1304710906464623,0.845658086280804,0.709567596758276
0.2,3.75,4.0,1.4695367312577416,1.4696136844379948,1.5544018300285478,1.554475921146125,1.782307917932869,1.7823776321902824,0.502289232571025,0.3643689572946009
0.2,3.75,6.0,1.339188380962875,1.3392667417174167,1.4235708996151089,1.4259662913122095,1.6501150303571703,1.6501858802381866,0.3719408822761584,0.23363220849616864
0.2,3.75,8.0,1.2850410792195182,1.645322731637481,1.36884489555403,1.7877531339924226,1.5951679214274135,1.9900874319529616,0.5341502447206739,0.3742862034263119
0.2,3.75,10.0,1.1706847469587112,1.6645651294995607,1.262263804304291,1.8070951324888955,1.5169194200393699,2.0092726586025846,0.5534922432171467,0.334050153111243
0.2,3.86875,2.0,1.8780317383497644,1.8781100114690854,1.9644251790297602,1.9645004518797846,2.197001762004369,2.1970725880259105,0.9107842396630478,0.7754402929221199
0.2,3.86875,4.0,1.5100194182508582,1.5100964661094283,1.5953304180041026,1.595404599852123,1.8237170857549363,1.823787230638367,0.5427719195641415,0.40530920756397665
0.2,3.86875,6.0,1.3711480104590608,1.3712265121074574,1.4558569291373973,1.4580976646649202,1.6827646939358556,1.6828356703618566,0.4039005117723441,0.26590491790676546
0.2,3.86875,8.0,1.3247179638905047,1.6834274625794596,1.4088088099517249,1.8261333591027769,1.6355556671472737,2.0288790213467185,0.5725304698310281,0.41350371846541717
0.2,3.86875,10.0,1.234310997232176,1.7062950405727644,1.3216089859525026,1.8491981615774264,1.5709577992434542,2.051768549460118,0.5955952723056777,0.3846065934687477
0.2,3.9875,2.0,1.9294643929840682,1.9295427026861582,2.0166124054858248,2.016687937437804,2.249730036005866,2.2498008955220268,0.9622168942973516,0.8275563994826323
0.2,3.9875,4.0,1.5391006557261062,1.5391778679827866,1.6248545056132708,1.6249287208370915,1.8536031934646215,1.8536734340065602,0.5718531570393895,0.4348064007340802
0.2,3.9875,6.0,1.3940394032711014,1.3942803464059894,1.479031599010736,1.4839656624850346,1.706243051692805,1.7063145494130592,0.42679190458438476,0.2895624398421284
0.2,3.9875,8.0,1.3575226293201177,1.7271972919405765,1.4419598129760895,1.8702557787501435,1.6696294992529643,2.0734796511514535,0.6166528894783947,0.4522574483608983
0.2,3.9875,10.0,1.2933115531450274,1.7552961780089917,1.3790698143822036,1.8985963135327117,1.6262627479957565,2.1017093177724706,0.644993424260963,0.4379576586018677
0.2,4.10625,2.0,1.9633580435402904,1.9634362858120542,2.0512179739846035,2.0512935101837786,2.284729562943134,2.284800777592811,0.9961105448535738,0.8620560301384529
0.2,4.10625,4.0,1.5529650986447976,1.5530423899665755,1.6390717032059203,1.6391459950220866,1.8681020470562957,1.8681724526570882,0.5857175999580809,0.44899995222113476
0.2,4.10625,6.0,1.403926870136252,1.404713173507687,1.4892497600444266,1.5016095458225485,1.7166910870123782,1.7171903687014007,0.4366793714495353,0.30114680533312294
0.2,4.10625,8.0,1.3796609784674156,1.7685147707041307,1.464396336092,1.9118853696988722,1.6942085754497986,2.1156193150536784,0.6582824804271235,0.4846308953733234
0.2,4.10625,10.0,1.3438119101691823,1.803445412624228,1.429199502723096,1.9471112633514218,1.6763292152731164,2.150824957226153,0.693508374079673,0.4873703813568737
0.2,4.225,2.0,1.9759163346071302,1.9759945491382807,2.064318816089492,2.064394289736447,2.2980562874246124,2.2981275381763053,1.0086688359204135,0.8750513069910522
0.2,4.225,4.0,1.5476429982339903,1.5477203061747973,1.6342601232982221,1.6343346992978645,1.8633105992080181,1.8633810219510754,0.5803954995472737,0.4440249624896688
0.2,4.225,6.0,1.3969132946385243,1.4023145380211126,1.4827434720047075,1.5090662040161307,1.7101834118055934,1.7143308477984376,0.42966579595180765,0.29817529917642516
0.2,4.225,8.0,1.3871766880446685,1.7992700902434509,1.472345327921194,1.942986636143105,1.7067851358249244,2.147051837569987,0.6893837468713562,0.5048526237535624
0.2,4.225,10.0,1.382052627386567,1.8426301153095443,1.4672649799625002,1.9865903684566495,1.7154881327947284,2.1908454615076773,0.7329874791849007,0.5263952853652852
0.2,4.34375,2.0,1.9631716486285917,1.9632496909185944,2.052154376669385,2.052229523166198,2.2859078195782354,2.28597891653343,0.9959241499418751,0.8626986670447465
0.2,4.34375,4.0,1.5193262026776548,1.5194033967782268,1.606501275826236,1.606575775434332,1.8352293894521252,1.8352994459301764,0.5520787039909382,0.4159725854787993
0.2,4.34375,6.0,1.369321351737349,1.3832601152267783,1.4554984639912052,1.4998034854060784,1.6827183454105694,1.6981836104159598,0.40207385305063237,0.27704756649366413
0.2,4.34375,8.0,1.3762898633510772,1.8114222772763702,1.4619136065376415,1.955375992036441,1.7029042399403724,2.1597124032997788,0.7017731027646923,0.506853068202621
0.2,4.34375,10.0,1.4041071290030183,1.8647474133526591,1.4892424468753231,2.009036313913306,1.7382892877188014,2.2135969350125504,0.7554334246415573,0.5487532587749505
0.2,4.4625,2.0,1.9214650265764297,1.9215427065960187,2.010978655294922,2.011053368481609,2.244191058586756,2.244261264591805,0.954217527889713,0.8211653511502645
0.2,4.4625,4.0,1.4647633423209532,1.4648400498965037,1.5519799021688325,1.5520541647587875,1.7800433411257375,1.7801128766638223,0.4975158436342365,0.36121561728478024
0.2,4.4625,6.0,1.3177864448348116,1.3418148761781399,1.4037828145892446,1.4666866121654318,1.6303265442555421,1.664192680262177,0.3505389461480949,0.23301499984323193
0.2,4.4625,8.0,1.343597599326686,1.797163222854664,1.4293742784000432,1.9410628994701666,1.6768155371702536,2.145380757318156,0.6874600101984178,0.48448238688566897
0.2,4.4625,10.0,1.4061471003757557,1.8619433106882455,1.4916431933478722,2.0063012676460428,1.739418482226351,2.211120399444309,0.752698378374294,0.5483456300837701
0.215833333333,3.0375,2.0,1.3194140631731641,1.534609477585512,1.403006105052467,1.6753875520946304,1.6291789449974072,1.8783767409679244,0.42178466282288163,0.3355788184408583
0.215833333333,3.0375,4.0,1.169450734358408,1.2279637425402685,1.2535673689743172,1.361594123381546,1.4780188433809915,1.5610744498922147,0.2022032356716913,0.10419488155029845
0.215833333333,3.0375,6.0,1.1373402416494527,1.515801903958645,1.2217607043921392,1.656588197018016,1.455259398880654,1.8591617915319547,0.4029853077462673,0.23656871070081775
0.215833333333,3.0375,8.0,1.247903176337312,1.9291602428330508,1.4532186045549538,2.073451114043362,1.7083351480928084,2.2802809958859807,0.819848224771613,0.5443082180869186
0.215833333333,3.0375,10.0,1.2962256926437965,1.9797715206760897,1.502062545783428,2.124423532462003,1.7577820983486891,2.331207030764876,0.8708206431902543,0.5941620745754879
0.215833333333,3.15625,2.0,1.389812779642054,1.4082877111124303,1.4733343561073524,1.5266944280660133,1.7002842569226384,1.7266019496086835,0.4225652809553374,0.2997525847055361
0.215833333333,3.15625,4.0,1.199587078812114,1.1996646679959162,1.2835351465257878,1.2840875477073121,1.5082816131499723,1.5083522468238324,0.23233958012539724,0.09283472129816327
0.215833333333,3.15625,6.0,1.1435220599663334,1.3602468969380963,1.2276994199299702,1.500683524921598,1.4518504949682631,1.7008740134120506,0.24708063564984917,0.15972940615172607
0.215833333333,3.15625,8.0,1.1083171958938818,1.7703231857951858,1.2981912661431019,1.9141255697333703,1.5607528551997107,2.1187018471151537,0.6605226804616215,0.39065199110907484
0.215833333333,3.15625,10.0,1.1311674019793332,1.8142171551755963,1.3381801523915655,1.958374566924976,1.59415595011352,2.1629686680142726,0.7047716776532271,0.428760653562218
0.215833333333,3.275,2.0,1.4694286059451125,1.469507047192389,1.5531324573900123,1.5532080710111642,1.7809110430425865,1.7809817987581984,0.5021811072583958,0.3634448416855846
0.215833333333,3.275,4.0,1.241324636219956,1.2414018346357827,1.3252253249420107,1.32529957498665,1.5504125763973593,1.55048244083592,0.27407713753323926,0.13460773579862056
0.215833333333,3.275,6.0,1.163627175871451,1.257699735040588,1.2476710638275397,1.397314087593337,1.4720230102549077,1.5955790319223386,0.19637967718473426,0.11790235521403446
0.215833333333,3.275,8.0,1.0993184977676433,1.666347292268629,1.2234665856306206,1.8092026508366905,1.490281056434605,2.011919544769291,0.5555997615649417,0.31233927574692066
0.215833333333,3.275,10.0,1.0216515345282577,1.7052326800726088,1.2302427823244324,1.8483743456912871,1.4860157133568757,2.0513270190468695,0.5947714564195383,0.31939068363239603
0.215833333333,3.39375,2.0,1.5543773395123057,1.554455482427082,1.6384050759713404,1.6384803983213652,1.8671072237419042,1.867178045441213,0.5871298408255891,0.4489172653648759
0.215833333333,3.39375,4.0,1.2907733970568336,1.290850325508728,1.3747284616942546,1.3748024478917895,1.6004876847274057,1.600557300242245,0.3235258983701169,0.18428327398255018
0.215833333333,3.39375,6.0,1.193769792473595,1.2185761017671437,1.277758524164222,1.3416330512139834,1.502433558614091,1.5371762538815021,0.22652229378687838,0.10747455148143031
0.215833333333,3.39375,8.0,1.1264455465713432,1.6076542942712149,1.2170596809939358,1.7500098777795285,1.4684906954940453,1.9519657938428507,0.49640698850777976,0.2825209859544939
0.215833333333,3.39375,10.0,0.9740176247201647,1.643241626217661,1.1706519682967989,1.7859051503572518,1.4320438569310465,1.9879651576196138,0.532302261085503,0.26122090181943025
0.215833333333,3.5125,2.0,1.640774777773599,1.640852764157213,1.725250758342361,1.7253259269935783,1.954931031845482,1.9550017072960142,0.6735272790868824,0.5359394988637155
0.215833333333,3.5125,4.0,1.3439942169803298,1.3440710250221106,1.4281429534807688,1.4282168206028345,1.654510978714647,1.6545804816342,0.37674671829361317,0.23783608386815594
0.215833333333,3.5125,6.0,1.2300013922539679,1.233093266610969,1.3140549625281386,1.3353843827974363,1.539135172916518,1.5403799312899773,0.2627538935672512,0.12759152252850864
0.215833333333,3.5125,8.0,1.1619522261050954,1.586164566246764,1.2456421301418514,1.7283239287640366,1.4826112733544337,1.9297933227713062,0.47472103949228783,0.28466457902625536
0.215833333333,3.5125,10.0,1.003397491229203,1.6202257009033376,1.159166605002611,1.7625713512259276,1.4261701424028448,1.9640835175390392,0.5089684619541788,0.2515191391795013
0.215833333333,3.63125,2.0,1.724736718158956,1.7248146533590822,1.8097680509940952,1.8098431683823952,2.040433825218051,2.040504451179626,0.7574892194722392,0.6206001490110418
0.215833333333,3.63125,4.0,1.3971027514282999,1.3971795521059525,1.4815671969998,1.4816410547080305,1.7085355349638536,1.7086050285817644,0.4298552527415832,0.29135519092695766
0.215833333333,3.63125,6.0,1.2684375741714407,1.268548500102188,1.3526567640421245,1.3583124075433815,1.5781808860328974,1.5782519904984098,0.301190075484724,0.16298135819408108
0.215833333333,3.63125,8.0,1.2019622381709667,1.5937217358094824,1.2857357315131481,1.7357668433821716,1.5143962365982526,1.9369514652904773,0.4821639541104228,0.3070057129230906
0.215833333333,3.63125,10.0,1.0611218365131851,1.6277291663391316,1.182933941253529,1.769949357644182,1.4493903786930977,1.9711810542041874,0.5163464683724333,0.2726342935702262
0.215833333333,3.75,2.0,1.8023789580983425,1.8024569110089919,1.888055500417566,1.8881306338424044,2.119668680464382,2.119739320662026,0.8351314594116258,0.6989883385446264
0.215833333333,3.75,4.0,1.4462146558386022,1.4462915256902797,1.5310995889495982,1.5311735117956269,1.7586144300797975,1.7586839846549163,0.47896715715188554,0.34092962063047755
0.215833333333,3.75,6.0,1.3051939371848822,1.3052721664294546,1.3896623254044262,1.3919790797402376,1.6156237308339338,1.615694929642285,0.3379464384981655,0.1994876993348774
0.215833333333,3.75,8.0,1.2425693601931715,1.6217523906956477,1.326528923837368,1.7639272209659842,1.5537603988355368,1.9653819068708431,0.5103243316942354,0.3412367046954327
0.215833333333,3.75,10.0,1.1218361370391299,1.6573077630551056,1.225958973885511,1.7997473036219713,1.4910963455306012,2.001195390833312,0.5461444143502225,0.31177365678994595
0.215833333333,3.86875,2.0,1.8699095416383709,1.869987659747221,1.9563224089326412,1.9563977567457431,2.1886886741892497,2.188759359313196,0.9026620429516542,0.7672609045567444
0.215833333333,3.86875,4.0,1.4874692905286755,1.4875461991309822,1.572843979256849,1.5729182264457733,1.8008310279219546,1.800901025149768,0.5202217918419588,0.3826682958680078
0.215833333333,3.86875,6.0,1.3363860802531649,1.3364644624746123,1.421170043313293,1.4238754124362454,1.6475167401903361,1.6475880774814349,0.3691385815664482,0.23108347382052186
0.215833333333,3.86875,8.0,1.27988923397591,1.6621305042635035,1.3641252164446056,1.8046530047201672,1.5921366600830114,2.0064636969039187,0.5510501154484184,0.38048305719419356
0.215833333333,3.86875,10.0,1.1815311713315313,1.7008387339362474,1.279590980321649,1.8436501762396287,1.541381789423326,2.0455232849483336,0.5900472869678799,0.3610026938291268
0.215833333333,3.9875,2.0,1.9234298175263822,1.923507982074617,2.0106409853609133,2.0107163787462494,2.2435642762679753,2.2436352099973145,0.9561823188396655,0.8214991127912494
0.215833333333,3.9875,4.0,1.5170392735966158,1.5171162948915402,1.6029055261066871,1.6029798825719803,1.8312463698702308,1.8313164699945454,0.5497917749098992,0.41268397396760736
0.215833333333,3.9875,6.0,1.3581952803992472,1.3584949735718037,1.4432835397844472,1.449958301080089,1.6699129469728093,1.6699844336882448,0.39094778171253053,0.25388825037844764
0.215833333333,3.9875,8.0,1.3100563781225198,1.7067423938377961,1.3946204815323746,1.8496157289989483,1.6249484694690852,2.0518978982459384,0.5960128397271995,0.41856356283011786
0.215833333333,3.9875,10.0,1.2363322974246178,1.7502083963073038,1.3330121981195637,1.893417350678917,1.593270959271738,2.095824709728969,0.6398144614071681,0.412594323050859
0.215833333333,4.10625,2.0,1.9590749749892167,1.9591530752072783,2.047071178310885,2.047146579480793,2.2804138170380934,2.280484758184284,0.9918274763025,0.8578074016640992
0.215833333333,4.10625,4.0,1.5310992714353637,1.5311764095149933,1.617374311774763,1.6174487466936887,1.8459287389424262,1.8459990049803172,0.5638517727486471,0.4270877516859328
0.215833333333,4.10625,6.0,1.3667356504824006,1.3682132186798657,1.4521011229686578,1.4679653194479187,1.6789971415425373,1.6799932381361606,0.399488151795684,0.2645842863385976
0.215833333333,4.10625,8.0,1.3292854616936838,1.7474743767432714,1.4141131192895466,1.8906459391342472,1.6494013208084017,2.0934145045834134,0.6370430498624984,0.4496391248377681
0.215833333333,4.10625,10.0,1.2823495929181519,1.7973030674930217,1.379044464432262,1.94087047074964,1.6402073969080142,2.1438296902169665,0.6872675814778912,0.45951745158201684
0.215833333333,4.225,2.0,1.9730924064515472,1.9731704754110322,2.061727739999834,2.061802984184081,2.2952248276368077,2.2952957076971123,1.0058449077648306,0.8723023613590767
0.215833333333,4.225,4.0,1.5257227662567372,1.5257999159191167,1.6124112209299404,1.6124854136456883,1.8410912774354995,1.8411615561897288,0.5584752675700205,0.42202869619179256
0.215833333333,4.225,6.0,1.3580909579971097,1.3653477783417136,1.443937885730841,1.4746736581667297,1.670766759244759,1.6766544303302835,0.390843459310393,0.2604952494309135
0.215833333333,4.225,8.0,1.333614983663023,1.776212770304678,1.4188142269213648,1.919656432501181,1.6615382493696944,2.1227480124728797,0.6660535432294321,0.4676807836678109
0.215833333333,4.225,10.0,1.3157722639416574,1.8340090648181462,1.4127662492444322,1.9778768191606173,1.6759433961849313,2.1812767370330177,0.7242739298888685,0.4951907595261411
0.215833333333,4.34375,2.0,1.9615860077193663,1.9616638950793772,2.050760767496438,2.0508358387174335,2.284308290836532,2.2843792469619526,0.9943385090326496,0.8611723455975241
0.215833333333,4.34375,4.0,1.4970453841727729,1.4971224085043344,1.5842816247737577,1.5843559622081393,1.812635737256865,1.8127059336644593,0.5297978854860562,0.3936078462257289
0.215833333333,4.34375,6.0,1.328466355626431,1.3448213000340692,1.4147803506412298,1.4632238889938791,1.6413022125620431,1.6606292682499058,0.36121885693971423,0.23778723381360045
0.215833333333,4.34375,8.0,1.3191605259107109,1.784843891846762,1.4052102344277038,1.9285201660254603,1.6556192756088277,2.1319900994428242,0.6749172767537115,0.4664740366727223
0.215833333333,4.34375,10.0,1.3328022442318714,1.8522127056074258,1.429790954918084,1.9962964412759026,1.6942293403639077,2.2001203751372427,0.7426935520041538,0.5131586813847465
0.215833333333,4.4625,2.0,1.9208447200790768,1.9209221726476666,2.010505402651974,2.0105800884161558,2.243615154562388,2.2436858580232943,0.9535972213923601,0.8206089038590999
0.215833333333,4.4625,4.0,1.4416985281768304,1.4417750997682148,1.5291269243825252,1.529201007790181,1.7567586205220729,1.756827986811501,0.47445102949011375,0.338148032370895
0.215833333333,4.4625,6.0,1.2745892797843652,1.3004682261978278,1.3608635625880736,1.4266988101074292,1.5867285412489864,1.6232838223394903,0.30734178109764854,0.19102204484003624
0.215833333333,4.4625,8.0,1.2825475674782392,1.7655693750330845,1.3718405935514766,1.9092124930411682,1.626772316414441,2.1126912111156906,0.6556096037694195,0.4403555972346908
0.215833333333,4.4625,10.0,1.3294815657142693,1.8438869132006739,1.4256900176615672,1.9881245732168342,1.6890098298336145,2.19219925036962,0.7345216839450854,0.5069820294617706
0.216881006446,3.537661105764,10.0,1.012975971816653,1.619527445552798,1.1612526853235872,1.7618173830976873,1.4283889424543215,1.9631814849074942,0.5082144938259385,0.253440656654431
0.218525369729,3.436402767297,4.0,1.306558369072754,1.3066352107795312,1.390568189855359,1.3906420913876225,1.6164859836117975,1.6165555189935747,0.33931087038603736,0.20015756507911395
0.220929395302,3.484083947053,10.0,0.9836653310941567,1.6228087954830992,1.1563901445638256,1.7651279292795106,1.4218195813947494,1.9665537340823325,0.5115250400077618,0.24831092377861977
0.22229341472,3.464742561888,10.0,0.9763510565725745,1.62563145972897,1.1570626494189742,1.7680161484395596,1.4212754853107785,1.969450922985188,0.5144132591678108,0.24854795820501493
0.222451206369,3.545263084256,8.0,1.1619062768963042,1.581182384339945,1.24568084641189,1.7231753789939992,1.4807813015886035,1.9241533428698578,0.4695724897222504,0.2817299263124408
0.223891789551,4.462499650159,6.0,1.2599763426646033,1.2911368929205957,1.3464233601281979,1.4200813663200553,1.5720127620990698,1.616480578695866,0.2927288439778867,0.17993522160040545
0.225675501054,3.410917754526,10.0,0.9672474986867167,1.6381434328188145,1.1649259470991606,1.7807214184536566,1.4258808613805998,1.9822626627111508,0.5271185291819078,0.25544697465402394
0.231666666667,3.0375,2.0,1.3016947253830282,1.4740915204242198,1.38521772442751,1.6151477274407342,1.611070007864155,1.816318649980198,0.3615448381689854,0.29617339704898166
0.231666666667,3.0375,4.0,1.150020104569795,1.1800520502136123,1.2342007253594203,1.305011335819714,1.458246347390678,1.5025794655873337,0.18277260588307842,0.06726834261909966
0.231666666667,3.0375,6.0,1.1183709761618341,1.4616596981739405,1.2029962820381757,1.6026523969214908,1.42957926771923,1.8035328753980477,0.34904950764974196,0.19871525386446062
0.231666666667,3.0375,8.0,1.204611696931893,1.886874435903619,1.410495226551735,2.0313272626156054,1.6657910872591397,2.2366516030314654,0.7777243733438566,0.5015418898445837
0.231666666667,3.0375,10.0,1.2704894703660132,1.9549283484247373,1.476716113164773,2.099903229728215,1.7327513876552112,2.3054944982867847,0.8463003404564662,0.5689638457332965
0.231666666667,3.15625,2.0,1.3764556036783868,1.3843554084144432,1.4600200620975106,1.4910040840179968,1.6866208702377778,1.694811149243826,0.40920810499167015,0.27779453407733096
0.231666666667,3.15625,4.0,1.1829616094123998,1.1830390567075488,1.2669814363346512,1.2670561529365794,1.4913539925156343,1.4914244356097688,0.21571411072568314,0.07605278504843783
0.231666666667,3.15625,6.0,1.1257808444516886,1.3187859819092522,1.2101812327389092,1.4589322039152839,1.4339160486243152,1.6577033753937822,0.2053293146435351,0.1297999523012127
0.231666666667,3.15625,8.0,1.0845686444923794,1.7403078306104556,1.2690192832916112,1.8839327191414355,1.5330256534420574,2.087162389686187,0.6303298298696867,0.36191942457302845
0.231666666667,3.15625,10.0,1.1172478573107765,1.801334787363842,1.3245969526846284,1.9454999274883706,1.580614911323264,2.1490058412701334,0.6918970382166219,0.4153000507025099
0.231666666667,3.275,2.0,1.4601495873631467,1.4602278750483715,1.5439279917744615,1.5440034584747602,1.7714028965068924,1.7714738536641905,0.49290208867643004,0.3541142816009779
0.231666666667,3.275,4.0,1.2272597834236076,1.2273368249733785,1.3111954592519366,1.3112697792951096,1.536060108355069,1.5361298292705512,0.260012284736891,0.12045863522394952
0.231666666667,3.275,6.0,1.1468806822843454,1.2274747859471011,1.2310951176782365,1.366646837626424,1.4550427443109024,1.5640628609579963,0.1796331835976287,0.09411717592984176
0.231666666667,3.275,8.0,1.0821477072132135,1.646728939282742,1.2041237526234245,1.7894657405937762,1.4712598358627518,1.9914535498724169,0.5358628513220274,0.2931132587037283
0.231666666667,3.275,10.0,1.0189663325392742,1.7022681401256916,1.2266091706366808,1.8454353204387002,1.4822879195534189,2.047763949613485,0.5918324311669514,0.31613847661354927
0.231666666667,3.39375,2.0,1.5488924738672745,1.5489705090298307,1.6330290837267836,1.6331044193633788,1.8614691632762725,1.8615398861427837,0.5816449751805578,0.443417593696728
0.231666666667,3.39375,4.0,1.2789303462738342,1.2790071617093812,1.3629411724099012,1.3630152701554934,1.5884015016047743,1.5884710134429423,0.3116828475871175,0.1723777487283952
0.231666666667,3.39375,6.0,1.1776698853711076,1.2000376903607644,1.2618363151547842,1.3213979020794495,1.48611887833746,1.5160318471925494,0.21042238668439095,0.08943209087835996
0.231666666667,3.39375,8.0,1.108348619633359,1.5971630678615385,1.1997113303463032,1.7394227015859238,1.4530853113507616,1.940586962442833,0.48581981231417504,0.26863633666579395
0.231666666667,3.39375,10.0,0.9701315855278605,1.6489522641557737,1.174428115520572,1.7916478056512506,1.433551912036005,1.9930782867157448,0.5380449163795018,0.2642149993968752
0.231666666667,3.5125,2.0,1.6388000606207338,1.6388779786410044,1.7234262377224339,1.7235014577100864,1.952872747150689,1.95294335970227,0.6715525619340171,0.5339869780535437
0.231666666667,3.5125,4.0,1.334088953400936,1.3341656858455808,1.4183169541071732,1.4183909686019263,1.6444024889524909,1.6444719222230237,0.36684145471421925,0.22788949998419594
0.231666666667,3.5125,6.0,1.2142791905134829,1.2177573915522184,1.2985032034671784,1.321605435573482,1.5231992320729886,1.5249820518939405,0.2470316918267662,0.11230442197455594
0.231666666667,3.5125,8.0,1.1426399871729758,1.5834817772260297,1.2266098841389714,1.7254551939060896,1.4684120972717598,1.926019334381615,0.4718523046343408,0.2743530501452477
0.231666666667,3.5125,10.0,0.9868760634477441,1.6331753061547134,1.164372161653117,1.775566234064248,1.4291855631975088,1.976376133233006,0.5219633447924992,0.25650858142073035
0.231666666667,3.63125,2.0,1.725994368493531,1.7260723703674468,1.8112105832210463,1.8112857839648069,2.04167512610253,2.041746374579224,0.7587468698068144,0.6219141055837717
0.231666666667,3.63125,4.0,1.3888512602427678,1.3889280163119997,1.4734211826423764,1.4734952177186023,1.7001161470029886,1.7001855991807757,0.42160376155605117,0.2830829083122592
0.231666666667,3.63125,6.0,1.2527958712003506,1.2531763976108363,1.3371941609140439,1.3464104375497306,1.5623350316177231,1.5624124647214734,0.28554837251363396,0.14797073173136713
0.231666666667,3.63125,8.0,1.1811505136146048,1.5970143022620797,1.2651468695103476,1.7390912627343185,1.4990275186161683,1.9394571598428778,0.4854883734625697,0.2990646088924069
0.231666666667,3.63125,10.0,1.0373357756288941,1.646175936837078,1.186304016549254,1.7886637514005177,1.453500231029273,1.989306769080842,0.5350608621287689,0.2791310845499839
0.231666666667,3.75,2.0,1.806619003999503,1.806697052274282,1.8924958410031465,1.8925711659345272,2.123947799781569,2.124019087353285,0.8393715053127863,0.7033083295200596
0.231666666667,3.75,4.0,1.439332922237188,1.4394097720386618,1.5243522363141389,1.5244263605897166,1.7516079336833175,1.751677671794159,0.47208542355047134,0.3340511539052044
0.231666666667,3.75,6.0,1.2893296757447401,1.2894594340010397,1.3740075657940085,1.380121039649629,1.5995762057855614,1.599647254339403,0.32208217705802344,0.1842735336814044
0.231666666667,3.75,8.0,1.219956483446105,1.6296129868559115,1.3041569451995965,1.7719343904221434,1.5365066478506213,1.9725694157253146,0.5183315011503946,0.3347061493789562
0.231666666667,3.75,10.0,1.0946632159614746,1.6798311179844339,1.2271257226035037,1.8225860497993431,1.494358076503994,2.0234334479720237,0.5689831605275943,0.319249609599803
0.231666666667,3.86875,2.0,1.8768134955224183,1.8768916255648427,1.963374108278786,1.963449361514362,2.195716648990774,2.1957880007294355,0.9095659968357016,0.7742555445624438
0.231666666667,3.86875,4.0,1.481649594822053,1.4817265719555919,1.5672084934210846,1.567282740299464,1.7949568664008526,1.795026719571917,0.5144020961353363,0.3768918355408346
0.231666666667,3.86875,6.0,1.3200323294366345,1.320324945039125,1.4050417964056965,1.4136254001126014,1.6309784552575195,1.6310898565325118,0.35278483074991784,0.21576546825968893
0.231666666667,3.86875,8.0,1.2552128100973594,1.6731393593980193,1.33968346891711,1.8158061484596328,1.5742962235025977,2.01686295485861,0.562203259187884,0.37475016533456235
0.231666666667,3.86875,10.0,1.1506820399848978,1.7260750693359648,1.2766806734158123,1.8691547007507947,1.5442047658932656,2.0704740043329504,0.6155518114790459,0.3684618800812884
0.231666666667,3.9875,2.0,1.932720453442993,1.9327985594396173,2.020091042506405,2.0201664625158995,2.2530347567210716,2.2531061643573547,0.9654729547562763,0.8309029109595643
0.231666666667,3.9875,4.0,1.511986750293552,1.5120637807536272,1.5980883322618427,1.5981626999320395,1.8261949237901658,1.8262648904982346,0.5447392516068353,0.4077102340505845
0.231666666667,3.9875,6.0,1.3410023431769882,1.3424205901105675,1.426395231047736,1.4426676709395179,1.6525972740445254,1.6536909941727684,0.3737548444902715,0.23871235504435803
0.231666666667,3.9875,8.0,1.2830219877035671,1.7194704134496335,1.3678248189615125,1.8625281083368597,1.608298022043699,2.064037570237514,0.6089252190651109,0.4131134912511385
0.231666666667,3.9875,10.0,1.2015079031370213,1.776703003940841,1.326865156893681,1.920191275744942,1.595104507946417,2.122031467781868,0.6665883864731932,0.4193172237031358
0.231666666667,4.10625,2.0,1.9704702784570054,1.9705483982538519,2.058644900656067,2.0587202443929287,2.2919837354980164,2.292054706617053,1.0032227797702888,0.8693203817748278
0.231666666667,4.10625,4.0,1.5264984947690796,1.5265757414116068,1.613098548202194,1.6131729091884728,1.8413751337264985,1.8414451793171709,0.559250996082363,0.4226110055648446
0.231666666667,4.10625,6.0,1.3484843928755528,1.3552829117172678,1.4341662480187511,1.464094255064628,1.6605519622911507,1.6658712681813113,0.3812368941888361,0.25032517748711774
0.231666666667,4.10625,8.0,1.2995834873839713,1.7605038603535894,1.3856501850701322,1.9039218415438948,1.6332391545313951,2.1058232869037754,0.650318952272146,0.4437036404268005
0.231666666667,4.10625,10.0,1.2433088984928131,1.8235870830704155,1.3712027639432804,1.9675173462718571,1.6403132436260703,2.16987087304524,0.7139144570001084,0.46488337253728695
0.231666666667,4.225,2.0,1.9862468813103007,1.9863250782352135,2.075192934454482,2.0752682144228967,2.3086455093520586,2.3087164204402746,1.018999382623584,0.8856491774982117
0.231666666667,4.225,4.0,1.5213528143557389,1.521429976750599,1.6083838245519435,1.6084581972554495,1.8367086744916286,1.8367789649372632,0.5541053156690222,0.41776874651944457
0.231666666667,4.225,6.0,1.338499378015757,1.3545508338259409,1.4245172140614715,1.4727812077499118,1.6509689418524678,1.669643280020757,0.37125187932904036,0.24741014705005845
0.231666666667,4.225,8.0,1.3009959747589634,1.7881476737902748,1.3910815525200737,1.9318089195708081,1.6456743850383215,2.134112520939984,0.6782060302990593,0.4608868422320784
0.231666666667,4.225,10.0,1.2722606065757185,1.8587235849317023,1.4034754800295135,2.0029544838216107,1.67340088499222,2.205805487120496,0.7493515945498619,0.498353425707551
0.231666666667,4.34375,2.0,1.976160964915966,1.97623887968555,2.0657741575228283,2.0658492595028624,2.299158375274695,2.2992288587447978,1.0089134662292492,0.875985087070124
0.231666666667,4.34375,4.0,1.492616730910118,1.4926937849378787,1.5801532313451858,1.5802274361312827,1.8082140039261991,1.8082842053381352,0.5253692322234013,0.3892815698938074
0.231666666667,4.34375,6.0,1.3072316037842655,1.3353435496077686,1.3937120332230855,1.462720922614254,1.6198015542899904,1.6591143532817545,0.33998410509754884,0.2252373405958605
0.231666666667,4.34375,8.0,1.2833404622067186,1.7942726805632767,1.378585756631966,1.93801091390767,1.6410423173800295,2.1406679489626828,0.6844080246359212,0.4582366844043981
0.231666666667,4.34375,10.0,1.2845304989861768,1.8739461966849622,1.417651405094187,2.018324259884273,1.6879505044228271,2.221517538792389,0.7647213706125242,0.5129034051064766
0.231666666667,4.4625,2.0,1.9368261257058152,1.9369034065419746,2.0266494786637206,2.026724182781204,2.2598608101213853,2.2599315299746205,0.9695786270190986,0.8367325934271275
0.231666666667,4.4625,4.0,1.4370102509286105,1.4370869587946964,1.5246349734480877,1.5247089111272598,1.7520240299086693,1.7520940531048348,0.4697627522418938,0.33350986734770055
0.231666666667,4.4625,6.0,1.2512382158556123,1.291636748116338,1.3378555186162329,1.4242103953465082,1.5632310428191583,1.6208152298708844,0.2839907171688957,0.1770811962331298
0.231666666667,4.4625,8.0,1.2430374508991755,1.770790399479972,1.3448452787154659,1.9145418286605733,1.6107672186083222,2.1172655417480977,0.6609389393888245,0.42912462414760855
0.231666666667,4.4625,10.0,1.2761334743161907,1.861141230215593,1.407240542346558,2.005492192610283,1.6776766923918405,2.2089819803595123,0.7518893033385343,0.501694356502337
0.240763803004,3.111031953031,4.0,1.1669374439207676,1.1672113724737065,1.2511021579304993,1.2536028892717488,1.4752071749585496,1.4752776169596977,0.19968994523405093,0.06047311371483571
0.241120911506,3.075602906761,4.0,1.1566878390243178,1.1604482408703385,1.2409180589588422,1.2615089076503296,1.464911675876299,1.4675357145225472,0.18944034033760115,0.05425174394611985
0.24135517983,3.137055828985,2.0,1.3632382981789244,1.3777988240181651,1.4468834660822993,1.4923577250358613,1.6731950215152689,1.692496848801671,0.3959907994922077,0.26991170173437246
0.24136622443,3.076772074832,4.0,1.1570413882978676,1.1604891889132545,1.241273658325682,1.260829429647957,1.4652686167564761,1.4675729040123333,0.18979388961115096,0.05432920212126922
0.2475,3.0375,2.0,1.3008054851457198,1.4542174178120735,1.3844815956758358,1.5954737865606747,1.610060184390041,1.7951010925362259,0.34187089728892595,0.2856065981491026
0.2475,3.0375,4.0,1.149101588738903,1.168869155037004,1.23347637866895,1.2876538000347642,1.457329926622808,1.4846920543665996,0.18185409005218622,0.05910382170717889
0.2475,3.0375,6.0,1.1195952588832163,1.444758436417783,1.2046295012207642,1.5859243131231422,1.428948240827143,1.7854112192227065,0.3323214238513934,0.19046116607813332
0.2475,3.0375,8.0,1.1979202389890315,1.880165256829756,1.4027044342228394,2.024807270826202,1.6588144162041742,2.2289542240340032,0.7712043815544531,0.4944776446466752
0.2475,3.0375,10.0,1.2790922602582013,1.9642004815593912,1.4849436317585498,2.1094372287418257,1.74173282797989,2.3140643499145064,0.8558343394700769,0.5778284678310682
0.2475,3.15625,2.0,1.3802502853489824,1.3859274657264224,1.4639866057564315,1.4900116371596506,1.6903922532311664,1.695229588009923,0.41300278666226575,0.27988297700110354
0.2475,3.15625,4.0,1.1851998016615781,1.1852771368271795,1.2693644161106994,1.2694391044179176,1.4935991920606706,1.4936694628124854,0.21795230297486146,0.0783415234440959
0.2475,3.15625,6.0,1.1285928959023515,1.3154627478218943,1.213298899352957,1.4557291618789714,1.436856135411872,1.6534705805066876,0.2021262726072226,0.12948507460812977
0.2475,3.15625,8.0,1.0999685795444631,1.746729152923518,1.27437454896448,1.8904032925833425,1.5386867450532788,2.0928154386289624,0.6368004033115937,0.36941296407868157
0.2475,3.15625,10.0,1.1633191996962406,1.823185990033126,1.3458240923723452,1.9674360309084098,1.601583220506321,2.170334052578296,0.713833141636661,0.4408637688114639
0.2475,3.275,2.0,1.4683909362154206,1.4684692950004166,1.5523034540697898,1.5523791558237858,1.7796664916026035,1.779738138437771,0.5011434375287039,0.3624079163206387
0.2475,3.275,4.0,1.2322847802394554,1.232361846162345,1.3164004867087182,1.3164748309960572,1.5411879825114179,1.5412583718013229,0.26503728155273876,0.12557805419889354
0.2475,3.275,6.0,1.1509492529739083,1.2357955657826274,1.235426899867041,1.3752624225399352,1.459244776375635,1.5719950631190893,0.1837017542871916,0.10036233457204685
0.2475,3.275,8.0,1.0877966228042646,1.6643521912805948,1.2164482000061465,1.8073308568475512,1.4841037145136822,2.0087944589938354,0.5537279675758024,0.30705434520335323
0.2475,3.275,10.0,1.0905127509302464,1.734788088310654,1.2585325352319015,1.8783584137376619,1.5139383859662634,2.080381323665541,0.6247555244659131,0.35500192076938547
0.2475,3.39375,2.0,1.5612850510684497,1.5613632080415143,1.6455306564553658,1.6456061588517201,1.8739359824952808,1.8740074389411867,0.5940375523817331,0.455871420437927
0.2475,3.39375,4.0,1.286467934196306,1.286544821801886,1.3706829687616304,1.370757137087588,1.5961137955478617,1.596184017951697,0.31922043550958923,0.18004178368683563
0.2475,3.39375,6.0,1.1827204624829095,1.2121992437868014,1.2671211720172706,1.3382735418495426,1.4912911132286562,1.5330768376431243,0.21547296379619285,0.09969706629705823
0.2475,3.39375,8.0,1.1130632244269774,1.6250558006588962,1.2099923345607442,1.7674590845614107,1.4697955204226534,1.96800720614087,0.5138561952896619,0.2878121995909328
0.2475,3.39375,10.0,1.0290066925640278,1.691269983289947,1.2147230885774105,1.8342225289085208,1.4717734644790392,2.03535118587567,0.580619639636772,0.30830782841144333
0.2475,3.5125,2.0,1.6550484910668404,1.6551265750773323,1.739766728752617,1.739842157373097,1.969253808900125,1.9693251941796939,0.6878009923801237,0.5503104970206252
0.2475,3.5125,4.0,1.3438551176203062,1.343931963601401,1.4283108965213605,1.4283849158294026,1.654410217449328,1.6544803987844539,0.3766076189335895,0.2378122560967162
0.2475,3.5125,6.0,1.219991344298299,1.230180278281784,1.3044558562175617,1.3423111007935151,1.5290496003914091,1.5380109882399584,0.25274384561158236,0.12291653249942867
0.2475,3.5125,8.0,1.1464532335432263,1.6197455724196321,1.2346498614076558,1.7620995871783125,1.4839542030146107,1.962163140634068,0.5084966979065637,0.2970942708285917
0.2475,3.5125,10.0,1.0117303605548529,1.6833546281717562,1.2078802699818878,1.826234705516639,1.469077069046313,2.0268599625310104,0.5726318162448902,0.29977283709608404
0.2475,3.63125,2.0,1.7457971173693625,1.7458752207967048,1.8311101868009962,1.8311856319984205,2.0616730538080623,2.0617444538029726,0.7785496186826458,0.6418142818917607
0.2475,3.63125,4.0,1.4005783040328956,1.4006551262744344,1.4853810643177048,1.4854551381644971,1.7121303312067404,1.7122005639492721,0.43333080534617896,0.29498342578659825
0.2475,3.63125,6.0,1.2588775395905893,1.262703178003181,1.3435293307665401,1.368028630508582,1.5685742982175108,1.5711973342181291,0.2916300409038727,0.15773505634642954
0.2475,3.63125,8.0,1.1837440222041886,1.6401695707446093,1.270181484476507,1.7826850783204926,1.5154345834463945,1.9827157945373466,0.5290821890487438,0.3247384267505972
0.2475,3.63125,10.0,1.0488555105751431,1.7027784161734647,1.2306823202017578,1.8458095928529967,1.495076111109218,2.0463341775338204,0.5922067035812479,0.32383935920340756
0.2475,3.75,2.0,1.8296467911347856,1.8297249698884706,1.915659546439962,1.9157350633381947,2.14724680021002,2.1473182674607054,0.8623992924480689,0.7264719108743639
0.2475,3.75,4.0,1.4527475481484469,1.4528244925141025,1.5379926666360026,1.538066963284479,1.7653272198110275,1.7653975630958347,0.4855000494617302,0.34764274671065637
0.2475,3.75,6.0,1.295494689530294,1.2986873645651404,1.3804399739628317,1.4034016748492892,1.6059065778756658,1.6083857404042783,0.32824719084357723,0.19430267466025739
0.2475,3.75,8.0,1.2210512315803776,1.6783200840713555,1.3079224769557174,1.821063959125269,1.5533797964114282,2.0213141649726154,0.5674610698535203,0.3627586233151347
0.2475,3.75,10.0,1.098443555594573,1.7415934872954162,1.2715126895237872,1.8848947193524783,1.537632073300543,2.0855446603773324,0.6312918300807295,0.36552020203636254
0.2475,3.86875,2.0,1.9027323052591585,1.902810591747899,1.9895133235089686,1.989588932002925,2.222028131096924,2.222099684802573,0.9354848065724418,0.8003788325320821
0.2475,3.86875,4.0,1.4964779220141133,1.4965550157094005,1.5822447297026434,1.5823190805621357,1.8100539662531148,1.810124445873822,0.5292304233273967,0.39187919781487907
0.2475,3.86875,6.0,1.325958435287927,1.3323257961876989,1.4112881030924345,1.4412273949247745,1.6371139770381191,1.642281427771368,0.35871093660121034,0.2272825268460611
0.2475,3.86875,8.0,1.2544905028423086,1.7259388530323834,1.3434237032779832,1.8690768102830324,1.5922661774275018,2.0696775049401444,0.6154739210112836,0.4047289297628997
0.2475,3.86875,10.0,1.15027130299788,1.7914494759748782,1.3212414366126146,1.9351763275292566,1.5882920495851163,2.1361724294476256,0.6815734382575078,0.416017174820236
0.2475,3.9875,2.0,1.9612597331199622,1.961338097579387,2.048835620523334,2.048911181264466,2.2820701294597017,2.282141755478259,0.9940122344332455,0.8596760906998592
0.2475,3.9875,4.0,1.5278850668004096,1.5279623005625729,1.614279918816525,1.6143544057389698,1.8423636535239305,1.8424342619329173,0.5606375681136929,0.42379660569156163
0.2475,3.9875,6.0,1.346432144796206,1.360149413491614,1.4321999272646646,1.4762344796766593,1.6582442114660318,1.6725456726982555,0.3791846461094893,0.25321764602791264
0.2475,3.9875,8.0,1.2802110081808113,1.774863741691179,1.3738052333402602,1.9184161795101224,1.6283990734810652,2.1195358156214197,0.6648132902383737,0.4447885130998171
0.2475,3.9875,10.0,1.1982905988448191,1.8441999551131827,1.3719853888679634,1.9883684014276322,1.6395244105397198,2.189914775224096,0.7347655121558834,0.4676305927985764
0.2475,4.10625,2.0,2.001396743730179,2.001475113822593,2.0898596759021135,2.0899352630910126,2.32342587828928,2.3234975291374416,1.0341492450434622,0.9005150384577774
0.2475,4.10625,4.0,1.5431492094358545,1.5432266801994259,1.63016189568616,1.6302364755561025,1.8583727003233188,1.8584429490028425,0.5759017107491379,0.43951498949629153
0.2475,4.10625,6.0,1.3530614393412461,1.3785101415316416,1.4392541641817276,1.5037438390980769,1.6653503090346444,1.6995509385580865,0.38581394065452945,0.2688284764199113
0.2475,4.10625,8.0,1.2943772474543989,1.816981345400206,1.3950725945352724,1.9609083579434181,1.6578947649809972,2.162619098197929,0.7073054686716693,0.47689223921437773
0.2475,4.10625,10.0,1.2381243622404885,1.891740779777956,1.4167779747730092,2.036295034565545,1.684444324864162,2.2385032771516546,0.7826921452937963,0.51323096335781
0.2475,4.225,2.0,2.019157668475467,2.0192361199382782,2.1085332677323447,2.108608796125527,2.342148460576586,2.3422200554298067,1.05191016978875,0.9189007325086758
0.2475,4.225,4.0,1.538422548713593,1.5385000323504263,1.6259890339963252,1.626063628526732,1.854120818729285,1.8541908205831927,0.5711750500268763,0.43513115161226645
0.2475,4.225,6.0,1.3419758267848358,1.3852725756702111,1.4285491875284004,1.5186037142544733,1.6546144319053924,1.715572990012994,0.3747283280981192,0.2696814588217253
0.2475,4.225,8.0,1.293125471190927,1.8443238768219756,1.4056966468553038,1.9885423640630542,1.6737622652693331,2.190688937036658,0.7349394747913054,0.494939931335216
0.2475,4.225,10.0,1.2654869445695658,1.92600541896935,1.4487186620611834,2.0708796926108404,1.7164223170372561,2.273739324576658,0.8172768033390916,0.5457920644331498
0.2475,4.34375,2.0,2.010948849627879,2.0110270571513613,2.1009547696988053,2.101030118881207,2.3345958872207775,2.334666711854713,1.0437013509411623,0.9111205702014646
0.2475,4.34375,4.0,1.5100535087910372,1.5101307299140576,1.5978597074318002,1.5979342031640589,1.8259961771055455,1.8260666268511219,0.5428060101043205,0.4069234966719442
0.2475,4.34375,6.0,1.3094060071543252,1.372854673445456,1.3963078423023876,1.5109273264381273,1.622175411771802,1.708157097693562,0.34215850846760854,0.24888806426328414
0.2475,4.34375,8.0,1.2725596984520955,1.8487657841257215,1.3994370426442777,1.9930507876483938,1.6693567738128994,2.195502976698571,0.739447898376645,0.492028848359334
0.2475,4.34375,10.0,1.2747010637883613,1.9390766152837715,1.4608002590314062,2.084083845608116,1.7283855958156473,2.287337667754333,0.8304809563363673,0.5579808456759467
0.2475,4.4625,2.0,1.973333196259898,1.973410688483218,2.0632362301804164,2.0633112021562954,2.2968803973154945,2.296950910229704,1.0060856975731811,0.8734371085665119
0.2475,4.4625,4.0,1.4546314698676792,1.4547082042539325,1.5422721249875277,1.5423462698372066,1.769875986989525,1.7699455659070307,0.48738397118096255,0.35121327476949116
0.2475,4.4625,6.0,1.2520315954660814,1.3313661897789777,1.3388113079855564,1.4707862528881603,1.564023967525509,1.6676791242818845,0.2847840967793648,0.19969974411670233
0.2475,4.4625,8.0,1.2290370629689056,1.8221484889814308,1.3679427654658933,1.966302444971605,1.6371820569580129,2.168757132383136,0.7126995556998561,0.460811663083838
0.2475,4.4625,10.0,1.260641801252369,1.9226911379158655,1.4459993501161514,2.067601709764126,1.7135585133730182,2.2710119486428275,0.8139988204923772,0.5425007479730671
0.263333333333,3.0375,2.0,1.320827589381677,1.4843979085067618,1.404600131768577,1.6259325463149237,1.6302533846358611,1.8244185706388252,0.3723296570431749,0.3106550263367784
0.263333333333,3.0375,4.0,1.1707110661445947,1.1933031094377542,1.2552905899731495,1.3133626636310767,1.479219542955281,1.5096586423707161,0.20346356745787808,0.08250760688110283
0.263333333333,3.0375,6.0,1.1452034207940078,1.4745546645610008,1.2304686995511154,1.6159904550117816,1.4551648673267086,1.8144123342489884,0.36238756574003284,0.21821574471127456
0.263333333333,3.0375,8.0,1.2626703585721517,1.9184236341321692,1.4402277111504724,2.0633649755319023,1.6966634456224674,2.2666144645603,0.8097620862601536,0.5369107693905847
0.263333333333,3.0375,10.0,1.3565844983805215,2.0165948238922486,1.536510735945428,2.1622672994075955,1.793924222938813,2.3662434088875193,0.9086644101358468,0.6342708360376951
0.263333333333,3.15625,2.0,1.405277934858452,1.4159735044949726,1.4890863497260463,1.5276938670850664,1.7156249556514909,1.7279852190615428,0.4380304361717354,0.3091903096086026
0.263333333333,3.15625,4.0,1.210183089582459,1.210260614465691,1.2945541854607339,1.2946630937390107,1.519000809476348,1.5190716969986853,0.24293559089574235,0.10353891941616213
0.263333333333,3.15625,6.0,1.1558741711378762,1.3595600104471024,1.240955859102092,1.5000241282524558,1.4645780183586792,1.6973875304456718,0.246421238980707,0.165313290752987
0.263333333333,3.15625,8.0,1.180234365387182,1.7987915344757217,1.324039837288049,1.9427361754978032,1.586568653080094,2.144902731010966,0.6891332862260544,0.4251288872523102
0.263333333333,3.15625,10.0,1.2737256290268044,1.8890469856928769,1.4106310652302554,2.033586348832014,1.6669194550410136,2.236472916622859,0.7799834595602653,0.5139804045366446
0.263333333333,3.275,2.0,1.4980818833938843,1.4981605101445405,1.5821658901366482,1.5822417390142365,1.809662359902583,1.8097344918929301,0.5308343847071676,0.39225781687647787
0.263333333333,3.275,4.0,1.2603916426239126,1.260468891750115,1.3447173374246664,1.344791862326267,1.5697579278353637,1.5698285426456722,0.2931441439371959,0.15390937189667359
0.263333333333,3.275,6.0,1.179783648941543,1.2926341843388545,1.2646115364707529,1.4325393810327152,1.4885708207952013,1.6289870994233253,0.2125361502548263,0.14343778296273949
0.263333333333,3.275,8.0,1.1332375625819908,1.7288440635662299,1.2702253584145462,1.8722039449293721,1.5372965245155554,2.0734804668606093,0.6186010556576234,0.3647979912737247
0.263333333333,3.275,10.0,1.2034497059282219,1.8126655122798256,1.335025629113004,1.9566319341619036,1.5904787750179805,2.15866744198485,0.7030290448901548,0.43840317087663844
0.263333333333,3.39375,2.0,1.5953552961467445,1.5954337748431635,1.6798384738153982,1.6799141769946628,1.9084326327749441,1.908504624275472,0.6281077974600279,0.4901631676040717
0.263333333333,3.39375,4.0,1.3174228977048823,1.3175000214216699,1.4018836733512539,1.4019580738949917,1.627543981023254,1.627614476407405,0.35017539901816563,0.21123719176291691
0.263333333333,3.39375,6.0,1.2128051290736972,1.2689840883541956,1.297534105341876,1.4050493894508673,1.5219148314134519,1.6008102481875637,0.24555763038698053,0.14676630309928276
0.263333333333,3.39375,8.0,1.1445260576745502,1.7001975380875163,1.2616841365814844,1.8433041022957157,1.5277260308465233,2.043892329065871,0.5897012130239669,0.34913837022095096
0.263333333333,3.39375,10.0,1.1411263519458275,1.7792052287605278,1.301427048013379,1.9229094260308084,1.5569282877296884,2.124267207660313,0.6693065367590596,0.3998939294857648
0.263333333333,3.5125,2.0,1.6932140342758026,1.6932924873435207,1.7781952128635974,1.7782708892338186,2.0079411352397303,2.008013099778684,0.725966535589086,0.588737814251533
0.263333333333,3.5125,4.0,1.3773689127117497,1.3774459730062518,1.4620792810794976,1.462153683515625,1.6884120520309471,1.6884825479335663,0.410121414025033,0.27157374617528035
0.263333333333,3.5125,6.0,1.2510338110151624,1.2828857199619697,1.33582193940024,1.4104300832926593,1.5606631332043581,1.604809180551812,0.28378631232844576,0.16985731570004106
0.263333333333,3.5125,8.0,1.1772886626003625,1.7041146690948037,1.2815387541132912,1.8473282526461579,1.543526550807872,2.0474471211770973,0.5937253633744091,0.36245733953560483
0.263333333333,3.5125,10.0,1.1016024966372444,1.780043686802262,1.3021779816041639,1.923903942296366,1.5586564486153756,2.124678217706659,0.6703010530246172,0.39409380007268596
0.263333333333,3.63125,2.0,1.7877739589398272,1.787852472334447,1.8733492708620623,1.8734249968199381,2.104241093396808,2.104313111048986,0.8205264602531105,0.6840758216960189
0.263333333333,3.63125,4.0,1.4363286790356256,1.4364058375967992,1.5214026718350042,1.5214771672276757,1.748415223849368,1.7484858068738371,0.4690811803489089,0.3310025688653924
0.263333333333,3.63125,6.0,1.2905854135050359,1.3155056915834864,1.375573412330622,1.4390882992869565,1.6008688091588472,1.6329346933571003,0.3233379148183192,0.20467605766601552
0.263333333333,3.63125,8.0,1.2136596084855962,1.7326044223868453,1.3153580824851927,1.8760807348495692,1.575599852276598,2.0759215754431346,0.6224778455778204,0.3937873837834968
0.263333333333,3.63125,10.0,1.1252989314265875,1.8071575815386127,1.3292092271195064,1.9512356853986563,1.586945399130771,2.151730573627697,0.6976327961269075,0.420846237502646
0.263333333333,3.75,2.0,1.8751509312975914,1.8752295545047843,1.9614288071269632,1.9615046385405148,2.1933857333460485,2.1934578507328015,0.9079034326108747,0.7722762570537914
0.263333333333,3.75,4.0,1.4904412984274003,1.490518594323111,1.575952356843383,1.576027001070653,1.8036065794694442,1.8036773028778996,0.5231937997406836,0.38562052663098934
0.263333333333,3.75,6.0,1.3275756552824152,1.354683693967322,1.412886897817803,1.4798178412568346,1.638584942267846,1.6740941608609743,0.3603281565956985,0.24352386970453999
0.263333333333,3.75,8.0,1.2497546140693494,1.7773179301635333,1.3549303943962305,1.921083598094517,1.6168190761590375,2.1210781186157153,0.6674807088227681,0.43574729304540466
0.263333333333,3.75,10.0,1.171112878847826,1.8520427441452558,1.3735145212591529,1.9963919563041161,1.6322727040744942,2.19700399449879,0.7427890670323674,0.46597313765061327
0.263333333333,3.86875,2.0,1.9515398501440837,1.9516185885833564,2.0385615175704186,2.038637492400089,2.271437434614683,2.2715094185448885,0.984292351457367,0.8494673881052609
0.263333333333,3.86875,4.0,1.5358375930226902,1.535915044291599,1.6219095867541762,1.6219843660434314,1.8500392018821021,1.850110085595434,0.5685900943359735,0.43154931739391306
0.263333333333,3.86875,6.0,1.358120255086398,1.3948944833961494,1.4438607695465575,1.5257014220621832,1.6698646155222805,1.721311206247381,0.39087275639968133,0.2812087964391657
0.263333333333,3.86875,8.0,1.2816893980907194,1.829944552410093,1.3959141589959878,1.9740986839769101,1.6610953458682993,2.1745062462570077,0.7204957947051613,0.48179140206217697
0.263333333333,3.86875,10.0,1.2234642994086369,1.9064423597558906,1.4267389645863915,2.051221853383707,1.6857359457566636,2.2522128671140673,0.7976189641119584,0.519886052796567
0.263333333333,3.9875,2.0,2.0131213339976672,2.013200085940927,2.1008628629852333,2.1009389352524868,2.3344987978354337,2.334570874098667,1.0458738353109505,0.9117821528140766
0.263333333333,3.9875,4.0,1.5686184438481665,1.5686960748044756,1.6553492794223366,1.65542421391077,1.88376617407827,1.8838372046761243,0.6013709451614498,0.4648652362523646
0.263333333333,3.9875,6.0,1.378334931656082,1.4344035942919684,1.4645934012016673,1.5712108357403891,1.6907609119130786,1.7673283577820933,0.41108743296936534,0.3133553432265539
0.263333333333,3.9875,8.0,1.3056031431672184,1.8823164125594103,1.4347073667818084,2.0269234763794945,1.7027762559667203,2.2279365173805865,0.7733205871077458,0.5256271998348806
0.263333333333,3.9875,10.0,1.275754005133306,1.9621909898332734,1.480986304609319,2.1074289288610926,1.739841526349233,2.3090727140007643,0.8538260395893438,0.5747957492601722
0.263333333333,4.10625,2.0,2.0559255071394174,2.0560042995422774,2.144511775341369,2.1445878547216815,2.378585320477767,2.378657435717993,1.0886780084527006,0.955295369952425
0.263333333333,4.10625,4.0,1.5849014442689318,1.584979230524735,1.6723504807125487,1.672425521089576,1.900840579048873,1.9009117097696502,0.6176539455822151,0.48165149869805984
0.263333333333,4.10625,6.0,1.3843924182639815,1.4669369883593686,1.4711831664679083,1.6073556276954095,1.697381916172502,1.8041298084384918,0.41714491957726485,0.33414665869528437
0.263333333333,4.10625,8.0,1.3179837363565807,1.926380859729026,1.466909550909062,2.071405138083144,1.7356170995203233,2.2731251364122906,0.8178022488113952,0.5608202579640785
0.263333333333,4.10625,10.0,1.321841209258855,2.011207312283237,1.5285170532621064,2.156879160212392,1.7876271581783003,2.3592905912607876,0.903276270940643,0.6231437518716204
0.263333333333,4.225,2.0,2.0760708609976013,2.076149544252455,2.165603008529877,2.165679037889932,2.3997974090359504,2.39986913467462,1.1088233623108845,0.9761115036924135
0.263333333333,4.225,4.0,1.5810341779975574,1.5811120720224117,1.6690115643095917,1.6690866260930504,1.8975424314533667,1.8976133091815994,0.6137866793108407,0.47815003463860367
0.263333333333,4.225,6.0,1.372579530248687,1.4839714694846344,1.4597284390300589,1.6253958945536646,1.6859037449867509,1.8227838484099448,0.4053320315619703,0.33731049224796417
0.263333333333,4.225,8.0,1.3180267949662015,1.9540855113950384,1.4856383489031988,2.099357712603313,1.7541728724655958,2.3018172335860547,0.8457548233315644,0.5810997501155746
0.263333333333,4.225,10.0,1.3542950834250442,2.0454349202044955,1.5618393615061177,2.1914554363518146,1.8211641754650896,2.394652699239147,0.9378525470800658,0.6570569504942921
0.263333333333,4.34375,2.0,2.070140127826419,2.070218689454595,2.1601568727209135,2.1602327254505194,2.3945444901112154,2.394616117557097,1.1028926291397023,0.9705681749824673
0.263333333333,4.34375,4.0,1.5534729584505984,1.5535505087055068,1.6414309038982426,1.6415058674343919,1.869972481691185,1.8700429415330455,0.5862254597638817,0.4505792814145025
0.263333333333,4.34375,6.0,1.3392531949885709,1.4761864157623228,1.4263275925728984,1.6174837110527218,1.6524598903353342,1.815083605169296,0.3720056963018542,0.31671573944253145
0.263333333333,4.34375,8.0,1.3024268263371879,1.9576323219426426,1.4832610034016975,2.1028813259563433,1.7510519079365663,2.3057352007382517,0.8492784366845945,0.579414768847789
0.263333333333,4.34375,10.0,1.3655980132130634,2.057014292113231,1.5733685201787628,2.2030496255874765,1.8328053325508142,2.4068651208600937,0.9494467363157277,0.6687001552129145
0.263333333333,4.4625,2.0,2.034455577214856,2.0345336542942665,2.1242855165058314,2.124361015895121,2.3585651737464213,2.358636721142633,1.067208078528139,0.934722947595529
0.263333333333,4.4625,4.0,1.498289067900657,1.4983662530259936,1.5858875752104922,1.585962241929079,1.814133336093697,1.814204120158299,0.5310415692139404,0.39505710351537715
0.263333333333,4.4625,6.0,1.2806157891014522,1.4347055416667471,1.3674209508111717,1.575657082757794,1.5930186878030486,1.7727944251202303,0.32205419348604525,0.26628541733908145
0.263333333333,4.4625,8.0,1.264625022808095,1.9291095007119528,1.4531333854951176,2.07401962592424,1.7186338182875533,2.276748878796658,0.820416736652491,0.5482950431329436
0.263333333333,4.4625,10.0,1.348061241914339,2.0381780841084765,1.5555046597877302,2.1838882842025673,1.8148988301063638,2.387777651618572,0.9302853949308185,0.6503014630853489
0.279166666667,3.0375,2.0,1.3654500873201363,1.5738622908879736,1.4494671697267805,1.7157133102237454,1.67542474339403,1.9141724690707629,0.4621104209519966,0.3779316828995789
0.279166666667,3.0375,4.0,1.2187940133172785,1.2627748797165739,1.3034868627054943,1.3930901469267636,1.5278392447078522,1.58830259727626,0.2515465146305619,0.1446312952373779
0.279166666667,3.0375,6.0,1.2025990541966067,1.5602392265693983,1.28560871343687,1.701994085003792,1.5118805365094599,1.9004198274047481,0.4483911957320432,0.28937357831582
0.279166666667,3.0375,8.0,1.3724697796302234,2.0109321410200467,1.5313042533717818,2.1562222637815296,1.7884710862938997,2.3595966084393054,0.9026193745097808,0.6320826932184719
0.279166666667,3.0375,10.0,1.4862818304697722,2.1217766335059443,1.639892091173469,2.2677954892227143,1.8982955196811064,2.4721108954878375,1.0141925999509656,0.7432754143858148
0.279166666667,3.15625,2.0,1.4551658929870013,1.4906862397665792,1.5393218175174168,1.6187257369840575,1.7662132384894518,1.8159868250317972,0.4879183943002846,0.37659996292505804
0.279166666667,3.15625,4.0,1.2620281406419,1.2625286058233267,1.3465172041009157,1.3511244022975266,1.5713534076965403,1.5714247051145769,0.2947806419551834,0.15641274874147185
0.279166666667,3.15625,6.0,1.211732819663471,1.4605759158479392,1.296943571831837,1.6015529158648893,1.521056056039857,1.7990778928616917,0.34795002659314056,0.24407319981395495
0.279166666667,3.15625,8.0,1.29180341479469,1.9061154280064574,1.4280679377109091,2.0506376577406833,1.6869464543979795,2.25307595354949,0.7970347684689345,0.531691145495709
0.279166666667,3.15625,10.0,1.4064973465922084,2.0083993266650877,1.5281276934212946,2.1537523924092783,1.7854968896362007,2.356993820608614,0.9001495031375295,0.6354612493511215
0.279166666667,3.275,2.0,1.5529909874474606,1.5531976121114006,1.6373935963942912,1.6395536642605966,1.8653449304152714,1.865417556106233,0.5857434887607439,0.44789972891821633
0.279166666667,3.275,4.0,1.3156609534878652,1.3157386126011714,1.4001592009278454,1.400234222286442,1.6255548314779402,1.6256259131214295,0.3484134548011485,0.20941229344612303
0.279166666667,3.275,6.0,1.237498767550576,1.4073266226871275,1.322423814812166,1.5479723358003825,1.5468910839660404,1.7448087777937753,0.2943694465286337,0.23007023823068543
0.279166666667,3.275,8.0,1.2260059466697153,1.8493585892574478,1.3775680333047438,1.9935151532741904,1.64262209699903,2.195282303761645,0.7399122640024416,0.4763086916734695
0.279166666667,3.275,10.0,1.3360967616905166,1.9447780230798024,1.4657907086727169,2.08966568551254,1.7215027366989504,2.292393991560577,0.8360627962407914,0.5706213223315247
0.279166666667,3.39375,2.0,1.6549691073212796,1.6550480246700017,1.7398012799944444,1.7398778216197508,1.9688730452713599,1.9689455836325285,0.6877216086345629,0.5501691482139015
0.279166666667,3.39375,4.0,1.3758082756317163,1.3758858652700647,1.460446689261738,1.4605216401555252,1.686526179287552,1.6865974356196791,0.4085607769449996,0.26988101866672004
0.279166666667,3.39375,6.0,1.2720645833422835,1.3920146192564622,1.35688567016124,1.5328905363347864,1.581788729028716,1.7290277583192666,0.3048170846555668,0.23969532053613327
0.279166666667,3.39375,8.0,1.2113613797420129,1.8321690953683452,1.370279668583248,1.9765635245834876,1.6370546637878964,2.1776143970114927,0.7229606353117388,0.46309045930842124
0.279166666667,3.39375,10.0,1.2748444714991345,1.922412595180702,1.4442178326690847,2.0675358708365965,1.6990324553335083,2.2695181552610992,0.8139329815648477,0.541843567925695
0.279166666667,3.5125,2.0,1.757234914786752,1.7573138946865092,1.842601616326565,1.842677658105307,2.0728508091575844,2.0729233678247088,0.7899874161000354,0.6531837146102453
0.279166666667,3.5125,4.0,1.4385859308499969,1.438663574418744,1.5234781803282007,1.5235531808097442,1.7502824518808597,1.7503537548781554,0.4713384321632802,0.33306951665662426
0.279166666667,3.5125,6.0,1.311546090815136,1.4070564251958535,1.3964528424539044,1.5477440673154241,1.6218020742188097,1.7433301433275594,0.3442985921284193,0.266905278350122
0.279166666667,3.5125,8.0,1.2404209828978578,1.8466547745846547,1.3905398470427548,1.99117951466492,1.657262942795706,2.1916550654000977,0.7375766253931713,0.48186885902667265
0.279166666667,3.5125,10.0,1.2521167387154817,1.933338222471371,1.455066322576639,2.078582023130294,1.7094505315180244,2.2799292939206954,0.8249791338585453,0.5469971931844251
0.279166666667,3.63125,2.0,1.8559344039843912,1.8560134477916899,1.9418986060339103,1.9419750033472667,2.1733314481738115,2.173404101329192,0.8886869052976746,0.7526761729057178
0.279166666667,3.63125,4.0,1.5001097429192476,1.5001875274001066,1.5853521853528412,1.585427320288608,1.8128637887966084,1.812935219258002,0.5328622442325309,0.3950626351315764
0.279166666667,3.63125,6.0,1.3520591137456757,1.4431539974916054,1.437166800423742,1.5839681887906834,1.66298420252725,1.7794370989156323,0.384811615058959,0.30537823811143894
0.279166666667,3.63125,8.0,1.2763403789813046,1.884030980171142,1.427478681454319,2.028805763040038,1.694170987354188,2.229147093612659,0.7752028737682892,0.518912318564616
0.279166666667,3.63125,10.0,1.2866055499977445,1.9688099636110548,1.4901340043536515,2.114298846577471,1.7445294519543546,2.3153863366589658,0.8606959573057222,0.5822106966545478
0.279166666667,3.75,2.0,1.947163812539203,1.9472429911717128,2.0338257957473007,2.0339023358034,2.2663681884199125,2.266440976792403,0.9799163138524863,0.8447406878746628
0.279166666667,3.75,4.0,1.5564955356160124,1.5565735115670523,1.6421672155612668,1.6422425346316263,1.870323416134668,1.8703950214056415,0.5892480369292957,0.451949543615052
0.279166666667,3.75,6.0,1.3897194759104452,1.491822249708814,1.4751446472687053,1.6334025275875912,1.7013881969449622,1.829011105571889,0.42247197722372853,0.3489980382944086
0.279166666667,3.75,8.0,1.3140445631091207,1.9360646994619823,1.474088746953727,2.08125750725454,1.7409313475607069,2.281744520875279,0.8276546179827913,0.5669385686649001
0.279166666667,3.75,10.0,1.337493114611197,2.020477087110717,1.5410716015210413,2.1664201063427897,1.7958676312020627,2.3676524228335403,0.9128172170710409,0.6337469983992321
0.279166666667,3.86875,2.0,2.027166868685101,2.0272462870490706,2.114463559792709,2.11454024985747,2.3480142559957544,2.348087186860764,1.0599193699983842,0.9255030725024854
0.279166666667,3.86875,4.0,1.6038591327168337,1.6039373142724809,1.6900217821790866,1.690097299878309,1.918756213275614,1.9188280249741039,0.636611634030117,0.4998332990117455
0.279166666667,3.86875,6.0,1.4206430010859863,1.5455592967532608,1.506516688940537,1.6877164650729795,1.7330940558064611,1.8837515335287887,0.4533955023992696,0.39179684466034304
0.279166666667,3.86875,8.0,1.3518506400920207,1.994493062089297,1.5248810983277243,2.140188722898681,1.791668827767838,2.341130426765237,0.8865858336269323,0.6196188007858072
0.279166666667,3.86875,10.0,1.3957735142206869,2.0802147412351584,1.599675552928232,2.226663089689928,1.8550724240361336,2.4283570608828358,0.9730602004181794,0.6932094016278366
0.279166666667,3.9875,2.0,2.0920201970681744,2.092099741066593,2.179953473265246,2.180030309213114,2.414343849323621,2.4144169150195007,1.1247726983814577,0.991060751955049
0.279166666667,3.9875,4.0,1.6383163579982516,1.6383947228692912,1.725106062945654,1.7251817227222732,1.9542594983763235,1.9543313477426212,0.6710688593115349,0.5348482899047433
0.279166666667,3.9875,6.0,1.4410112557621584,1.5961537890278923,1.5273622114050025,1.7387449483524835,1.7541655937782925,1.9354091557700837,0.4851420590807347,0.42772449681165964
0.279166666667,3.9875,8.0,1.387555172180568,2.0512307638096683,1.5747227316747723,2.197452294451939,1.8399400742561138,2.3990678339304576,0.9438494051801902,0.6705781495129273
0.279166666667,3.9875,10.0,1.453611431924047,2.1398772331081455,1.6580080283129648,2.286851473604807,1.9141299299667116,2.4892227648998495,1.033248584333058,0.7525334814317617
0.279166666667,4.10625,2.0,2.137808868089219,2.1378884192663934,2.226474280784208,2.226551176267362,2.4614930698197353,2.4615660596915108,1.170561369402502,1.0375469834487456
0.279166666667,4.10625,4.0,1.6561842176794264,1.6562626543773442,1.743518571983005,1.7435943543920436,1.9729158183118511,1.9729873765926542,0.6889367189927097,0.5531605033517283
0.279166666667,4.10625,6.0,1.4470165389747505,1.6353867614937156,1.5337795883468819,1.7783078977054516,1.7607726668284363,1.975688542759739,0.5247050084337028,0.4507420038138366
0.279166666667,4.10625,8.0,1.419677715873681,2.098265957783013,1.6178945022787556,2.244877594864572,1.8793336132772251,2.4472705889390087,0.9912747055928233,0.7134699999650501
0.279166666667,4.10625,10.0,1.5033711124738127,2.191410710154201,1.708175094154496,2.338808935073346,1.9650311757935286,2.5419812333342637,1.0852060458015973,0.8037130479596156
0.279166666667,4.225,2.0,2.160965586510902,2.161045014870337,2.2502564255495305,2.25033324832007,2.4856074504162726,2.485679993535194,1.1937180878241853,1.0612312909960586
0.279166666667,4.225,4.0,1.6536215580854388,1.6536999441687728,1.7413056841934667,1.7413814985576335,1.9708846480557125,1.9709562378961516,0.6863740593987221,0.5508915996218701
0.279166666667,4.225,6.0,1.434858636233243,1.6552775642885071,1.5218671934509527,1.7982358358016564,1.7488988762222293,1.9964299836354609,0.5446329465299076,0.45484468606768225
0.279166666667,4.225,8.0,1.442130156922206,2.1274459515626916,1.645741604569794,2.274278344076688,1.9047188533545394,2.4775317215982615,1.020675454804939,0.7408911098097041
0.279166666667,4.225,10.0,1.537420908280925,2.226679900067608,1.7424368311775684,2.3743591510814666,2.000058191588601,2.5783758873532014,1.1207562618097178,0.8388051493872358
0.279166666667,4.34375,2.0,2.1575710278954006,2.157650185762835,2.2472347352917668,2.2473113878149173,2.4828206430600295,2.482893027303544,1.1903235292086838,1.058163505650423
0.279166666667,4.34375,4.0,1.626919445694037,1.6269977841821985,1.7145657732618187,1.7146414937322434,1.9440742957855535,1.9441457987500317,0.6596719470073203,0.5241407696966546
0.279166666667,4.34375,6.0,1.4008387098415274,1.6479425968530077,1.487729593585006,1.7906984659163077,1.7145680922962403,1.9893197599521992,0.5370955766445589,0.43409954086972213
0.279166666667,4.34375,8.0,1.4451517884467786,2.1309576122684613,1.649532146421823,2.2777288869559773,1.9074784145124741,2.4816088198314437,1.0241259976842285,0.7443262825351672
0.279166666667,4.34375,10.0,1.5484385070868005,2.237827170148875,1.7537397120860727,2.3854544460346796,2.0116319315185995,2.590272494393507,1.1318515567629308,0.8501440480070966
0.279166666667,4.4625,2.0,2.1239577458208916,2.1240367000531113,2.213540964460851,2.2136173013890668,2.448985691783449,2.449057758938293,1.1567102471341748,1.0244493648699513
0.279166666667,4.4625,4.0,1.5721677412755812,1.5722457809303019,1.659660281001128,1.659735737476658,1.8886421442747658,1.8887136434349816,0.6049202425888646,0.4691108925279102
0.279166666667,4.4625,6.0,1.3410688173289986,1.6056425866539843,1.4277430690135848,1.748017792489843,1.65407989285391,1.9460758269797442,0.4944149032180942,0.38268800201568504
0.279166666667,4.4625,8.0,1.4169974762283615,2.101087000195176,1.621143580764328,2.2473771325603074,1.8780392326551054,2.4511877857091644,0.9937742432885586,0.7148887058144145
0.279166666667,4.4625,10.0,1.5289707894684441,2.2170514278940034,1.7341618933815175,2.364247478859585,1.9918002852149916,2.5693065460120823,1.1106445895878363,0.8298397412674446
0.295,3.0375,2.0,1.4387692832829226,1.7322428871156748,1.5230653243866057,1.8751307550711904,1.7501248776508087,2.0742557018963215,0.6215278657994416,0.4945148093629281
0.295,3.0375,4.0,1.2972039903338235,1.4053831745895191,1.3819879022066568,1.5455645995416465,1.607136432478157,1.7410822963424217,0.32995649164710683,0.25864307037771156
0.295,3.0375,6.0,1.2941065137382421,1.7115267470578803,1.3744882285915145,1.8542336661651386,1.6119562604565707,2.053193706956382,0.6006307768933898,0.41216752495662884
0.295,3.0375,8.0,1.5077789410604565,2.167353936842099,1.6855652976148647,2.313617899550012,1.943696140339945,2.5175953679586858,1.0600150102782633,0.7848512683566847
0.295,3.0375,10.0,1.6418312055655444,2.289199778230593,1.8050022627476783,2.436197244304615,2.064312946735873,2.6412670708137855,1.1825943550328664,0.9085517558620223
0.295,3.15625,2.0,1.534058478696561,1.6498416788584431,1.6185893846548418,1.7923496403754298,1.8459948696212058,1.9909222333076828,0.5668109800098443,0.5008760520480349
0.295,3.15625,4.0,1.3443975490394775,1.3601634223234926,1.4290666823220048,1.4755277473252808,1.6547328320164956,1.6716620860926972,0.37715005035276084,0.2515083909822489
0.295,3.15625,6.0,1.3001367378631636,1.6277413142027404,1.3851163062314753,1.7701962220926077,1.611451845840858,1.9686722581573872,0.516593332820859,0.37280245186037947
0.295,3.15625,8.0,1.4262150006712075,2.0779078696476088,1.5988099818165564,2.2239432377637485,1.8549579934407059,2.4274189323056876,0.9703403484919997,0.6971255070699266
0.295,3.15625,10.0,1.5611668982769407,2.190653142223955,1.709442455871905,2.337548125273908,1.966389789082764,2.542074923783804,1.0839452360021593,0.8134625602145537
0.295,3.275,2.0,1.637129206860416,1.6518626464485346,1.7220690236410345,1.7674754150671639,1.9504684475943135,1.966643945564873,0.6698817081736993,0.5448581186583967
0.295,3.275,4.0,1.4017057907321597,1.4020093854800397,1.4864770782225905,1.4911198948780222,1.7127193660636069,1.7127914597408447,0.43445829204544306,0.29672050031521807
0.295,3.275,6.0,1.327860885641859,1.5892190428829822,1.4127812430431028,1.7315644756716464,1.6383317462734437,1.9292476155778497,0.4779615863998976,0.36708417264415477
0.295,3.275,8.0,1.3651524489218771,2.0353661030968975,1.5575997446457732,2.1812507363769345,1.815046209784105,2.3839841568907247,0.9276478471051857,0.6519832377483928
0.295,3.275,10.0,1.4925535243346812,2.1407476216956374,1.6609258102567377,2.287468486810334,1.917017090151823,2.491262202424096,1.033865597538585,0.7605791270745591
0.295,3.39375,2.0,1.7440936475393432,1.7441733635309193,1.8295145528370302,1.8318594528272645,2.059049867935418,2.0591232438734344,0.7768461488526265,0.6402190258862425
0.295,3.39375,4.0,1.4652455604726393,1.465323876021009,1.5502261575487815,1.5503019343336517,1.7771492766962504,1.777221357361451,0.49799806178592265,0.359828031534638
0.295,3.39375,6.0,1.3641913307690896,1.5875622082884833,1.4491471813525192,1.7299250860244706,1.675069773688527,1.926719555968151,0.4763221967527218,0.38435252714421425
0.295,3.39375,8.0,1.3573857956062743,2.0313653885285734,1.5545677691914592,2.1772615150905326,1.813901357516332,2.3790561208829533,0.9236586258187838,0.6478396622650283
0.295,3.39375,10.0,1.4533690433830335,2.1311000250375605,1.6517259949847325,2.2777318658607237,1.907154048620905,2.480616568189037,1.024128976588975,0.7458662621416728
0.295,3.5125,2.0,1.8510785836922106,1.851158381759774,1.9370251061778019,1.937102237926352,2.1677923567443895,2.1678658038728575,0.8838310850054939,0.7475870828245718
0.295,3.5125,4.0,1.5311445622829618,1.5312229856938222,1.616413829740487,1.6164893396146325,1.8440758059911841,1.8441479821265552,0.5638970635962451,0.42616575537061463
0.295,3.5125,6.0,1.4051909259695718,1.6137528431521573,1.4902673973986882,1.7565627453497141,1.7166617190678464,1.9528594553701195,0.5029598560779653,0.4181325188470237
0.295,3.5125,8.0,1.3850042747322024,2.056848764466339,1.5804028376199082,2.2032030659678337,1.8404943125809037,2.404460849644315,0.9496001766960849,0.6739856886309245
0.295,3.5125,10.0,1.4716489943930282,2.1525724323662585,1.6733167810566647,2.2996471182863236,1.928685220787018,2.5019380936732896,1.0460442290145748,0.7668847778894379
0.295,3.63125,2.0,1.9542084374753832,1.954288415776489,2.040699817598319,2.040777097845567,2.2727491401210935,2.272822726729817,0.9869609387886665,0.8515076103867855
0.295,3.63125,4.0,1.5955064292782608,1.595585064477812,1.6811078133220907,1.6811835031547138,1.909552196025167,1.9096245426521188,0.6282589305915441,0.49100992928070136
0.295,3.63125,6.0,1.4469756170023305,1.6596652918516375,1.5322404024072152,1.803033730462409,1.7591257049809157,1.9993212531045983,0.5494308411906601,0.4623103377638585
0.295,3.63125,8.0,1.4295718578528351,2.1036584038514383,1.6269243858424314,2.250576254758176,1.8856392190642237,2.451777426887341,0.9969733654864272,0.720274595838415
0.295,3.63125,10.0,1.515828078378434,2.196975552753818,1.7176758509199728,2.34462825759283,1.9730201395363243,2.5468588189631642,1.091025368321081,0.811414454153098
0.295,3.75,2.0,2.0496145905046346,2.0496947593881325,2.1367227448346924,2.136799934843215,2.3699734441654012,2.370047205090737,1.0823670918179178,0.9477254509334762
0.295,3.75,4.0,1.6544671461189817,1.654546012941192,1.7404200058862451,1.7404959946875538,1.9696316888749577,1.9697042475540985,0.687219647432265,0.5504608538061789
0.295,3.75,6.0,1.4856613496263975,1.7171882268894505,1.5711647076037094,1.8611960878752143,1.7985444385498526,2.0578291700042013,0.6075931986034655,0.5108473345538117
0.295,3.75,8.0,1.4855197633366168,2.1636829791863987,1.6859061900690504,2.311287110838925,1.9431142778722241,2.5127874697629604,1.057684221567176,0.7792996363067033
0.295,3.75,10.0,1.5741508191951317,2.2561980587027666,1.7763700880541424,2.4045577314816518,2.031945059248766,2.6070536620497977,1.150954842209903,0.8706292409177167
0.295,3.86875,2.0,2.1333975874445987,2.1334779471228633,2.2211577212090146,2.221235095335507,2.455568511467573,2.4556424675688944,1.166150088757882,1.0323298928204159
0.295,3.86875,4.0,1.704175608233385,1.7042547936877985,1.7904883063448573,1.7905645477602172,2.020367526617315,2.020440305448456,0.7369281095466683,0.600631852477679
0.295,3.86875,6.0,1.5174212149351785,1.7782103207681237,1.6031459071661311,1.9227341851577964,1.8309708120920851,2.1200213058753845,0.6691312958860476,0.5576672954614573
0.295,3.86875,8.0,1.5478896943214129,2.2288111629737473,1.749778050090303,2.376990862385882,2.006115500760216,2.5791415054545914,1.1233879731141332,0.8437044671266994
0.295,3.86875,10.0,1.6385680134733807,2.3221286227156317,1.8411939219612192,2.4710972564331137,2.0974238437965464,2.674202846474586,1.217494367161365,0.9363524219380871
0.295,3.9875,2.0,2.2017773804630982,2.201857920406325,2.290094540282652,2.290172142639344,2.5255628515927495,2.525636951608698,1.2345298817763815,1.1014336356278187
0.295,3.9875,4.0,1.7408552004105458,1.7409344281955685,1.8274676093396431,1.827544256123737,2.057903122217001,2.0579759626600067,0.7736077017238291,0.6376967676200912
0.295,3.9875,6.0,1.5383783983021613,1.834620245990184,1.624360626563098,1.979472458341487,1.8525604100265944,2.1776315767925283,0.7258695690697383,0.596753957131683
0.295,3.9875,8.0,1.60821008162036,2.2909316277160103,1.810460790294916,2.4395119454303806,2.0669463238369294,2.64254873737547,1.1859090561586318,0.9053515888413518
0.295,3.9875,10.0,1.7011699606617507,2.3866559172949384,1.9042426768019967,2.5360712684785485,2.161315335558513,2.740040288311912,1.2824683792067997,1.0004992456469508
0.295,4.10625,2.0,2.2510941902856008,2.251174725953675,2.3397766056395177,2.3398543125532516,2.576048487817008,2.5761225319150984,1.283846691598884,1.1512618134896995
0.295,4.10625,4.0,1.7606276598210007,1.7607070348494913,1.847520438184893,1.8475972840523753,2.078352592953327,2.078425156945884,0.793380161134284,0.6577883655968361
0.295,4.10625,6.0,1.5446261684849603,1.8783066750581578,1.6308976985070973,2.023271476565298,1.8604904741383292,2.222393898830014,0.7696685872935494,0.6222477363929836
0.295,4.10625,8.0,1.657635724550069,2.3419330459157153,1.8601764460533645,2.490674796003752,2.1170124916005815,2.694743081599979,1.2370719067320033,0.955945935416251
0.295,4.10625,10.0,1.7543165874947917,2.4416686149432154,1.9578116484110906,2.591304203649289,2.2157633791433655,2.7962999036361538,1.3377013143775403,1.0551107273419917
0.295,4.225,2.0,2.2774618899389982,2.2775424025667474,2.366394585040574,2.366472233744911,2.60332748149704,2.6034013978931685,1.3102143912522815,1.178016669575914
0.295,4.225,4.0,1.7595534954691006,1.7596329108541475,1.846725662335174,1.8468025545092117,2.0778128598354733,2.0778857729581413,0.7923059967823839,0.6569855471225489
0.295,4.225,6.0,1.5323878227323826,1.901158280474572,1.618819719479587,2.0461407269202474,1.8519982952555625,2.246042188062221,0.7925378376484986,0.6283411766164363
0.295,4.225,8.0,1.6885232508871226,2.373704090075387,1.8915693000485305,2.522492487193631,2.14862405783445,2.7274584542024978,1.2688895979218822,0.987645277835944
0.295,4.225,10.0,1.790493117161571,2.4790553881629873,1.9944851268092287,2.6287536670807166,2.2528300495252838,2.834715608521695,1.3751507778089678,1.0923054973392545
0.295,4.34375,2.0,2.2768531418101494,2.276933482949152,2.3660782627427506,2.366156109017451,2.6033794366023577,2.6034532037167466,1.3096056431234326,1.1777256106021088
0.295,4.34375,4.0,1.7339069031604035,1.7339862293772739,1.82122076823027,1.8212976118945696,2.0522190257273603,2.052291859893642,0.7666594044736869,0.6314037375095939
0.295,4.34375,6.0,1.4978328992908083,1.8952791230508932,1.5847566886454236,2.0399708681170985,1.8229363942144199,2.2403314025135144,0.7863679788453497,0.6091012337677005
0.295,4.34375,8.0,1.693278800411475,2.3782172846948377,1.8969398616767208,2.526783660991159,2.1536477997814147,2.7324287712574074,1.2731807717194104,0.9924660342645099
0.295,4.34375,10.0,1.8020353759951402,2.4907556715175514,2.0066867997329365,2.6402797414501475,2.264831359019285,2.8470213190429137,1.3866768521783988,1.1041850489220033
0.295,4.4625,2.0,2.245521981118436,2.2456020134202843,2.3350392933403303,2.335116773507364,2.5721009448415506,2.572174397963944,1.2782744824317192,1.1465092384943256
0.295,4.4625,4.0,1.6800044560185985,1.6800835652883093,1.7673495437988247,1.7674261214145273,1.997616779038321,1.9976893761325343,0.7127569573318818,0.57727831141086
0.295,4.4625,6.0,1.4372892297407662,1.8529467023330892,1.525150033294237,1.9971905678623574,1.766359881693686,2.197179755959651,0.7435876785906086,0.5582693662763053
0.295,4.4625,8.0,1.6648784320279881,2.347600485162364,1.8682267034083144,2.496030879883119,2.1243664028720683,2.701590384764003,1.2424279906113702,0.9626988858153168
0.295,4.4625,10.0,1.7817083860797234,2.4688283561332254,1.9863501958457022,2.6182356052929854,2.2440793696149917,2.8250898425150317,1.3646327160212366,1.0829652970426173
