w_R,w_P,w_U,a,b,N,R,P,U,G
0.0,0.0,1.0,0.224960630277433,4.5,4.0,0.7411042062713527,0.0852331580305074,0.7717866245883456,-4.38793242258576e-11
0.0,0.02,0.98,0.22,4.5,4.0,0.741183193503667,0.0847071006923892,0.7718852436786225,0.006303542590954342
0.0,0.04,0.96,0.217931814223246,4.5,4.0,0.7412376465258322,0.0845066402623834,0.7719828768120054,0.01231550097153011
0.0,0.06,0.94,0.216143105724018,4.5,4.0,0.7412945814165557,0.0843418398002527,0.7720930739170433,0.018137276025971618
0.0,0.08,0.92,0.2148370229876116,4.5,4.0,0.7413417915093518,0.0842263968873432,0.7721882639950131,0.023815773465806104
0.0,0.1,0.9,0.2135,4.5,4.0,0.7413949523785017,0.084112397674327,0.7722983098541626,0.02935520166777797
0.0,0.12,0.88,0.2124793862633019,4.5,4.0,0.7414387688868433,0.0840281665708472,0.77239073880929,0.034858587856235704
0.0,0.14,0.86,0.2115,4.5,4.0,0.7414834097581178,0.0839495681992798,0.7724861785968813,0.04026813298495875
0.0,0.16,0.84,0.21,4.5,4.0,0.7415566263065058,0.0838333422211986,0.7726449293172232,0.04539548757651919
0.0,0.18,0.82,0.209,4.5,4.0,0.7416086413714152,0.0837585955144466,0.7727590659124663,0.05052356989851511
0.0,0.2,0.8,0.208,4.5,4.0,0.7416631766861165,0.083685994825249,0.7728797222673449,0.05560926822949014
0.0,0.22,0.78,0.207,4.5,4.0,0.7417201954137563,0.0836155026061596,0.7730067934112503,0.06060624214773437
0.0,0.24,0.76,0.206,4.5,4.0,0.7417796607174816,0.0835470813097321,0.7731401743735742,0.06551876096832528
0.0,0.26,0.74,0.2049361492814567,4.5,4.0,0.7418455675096243,0.0834765226559191,0.7732888811256133,0.07031159837568754
0.0,0.28,0.72,0.2039577888540814,4.5,4.0,0.7419085473290435,0.0834136265699497,0.7734317280347651,0.07507976202035647
0.0,0.3,0.7,0.203,4.5,4.0,0.741972367716638,0.0833538674819585,0.7735771264649707,0.07979064249632806
0.0,0.32,0.68,0.202,4.5,4.0,0.742041250956173,0.083293354401716,0.7737346969948827,0.0844058507455771
0.0,0.34,0.66,0.201,4.5,4.0,0.7421123965875274,0.0832347245069042,0.7738980524901704,0.08895631297393256
0.0,0.36,0.64,0.1998188894396565,4.5,4.0,0.742199291242059,0.0831678505034671,0.7740983014383189,0.0933136967788892
0.0,0.38,0.62,0.1988385122482389,4.5,4.0,0.7422737324528961,0.0831142531373973,0.7742704117035368,0.09775710055369746
0.0,0.4,0.6,0.1976953991587112,4.5,4.0,0.7423631324766864,0.0830538980433922,0.7744777025843024,0.10202435516159607
0.0,0.42,0.58,0.1965463730082495,4.5,4.0,0.7424557653004529,0.0829954977074822,0.7746930884394302,0.10623365742395975
0.0,0.44,0.56,0.1954256504796293,4.5,4.0,0.7425487387449523,0.082940671122393,0.774909799681962,0.11041514660640635
0.0,0.46,0.54,0.1942805146366119,4.5,4.0,0.7426463580318916,0.0828867727357947,0.7751378404022335,0.11453240378420368
0.0,0.48,0.52,0.193,4.5,4.0,0.7427585873214777,0.0828289743303597,0.7754005587329704,0.11850325907890878
0.0,0.5,0.5,0.1917519992922826,4.5,4.0,0.7428710140940785,0.0827750822437135,0.7756642449872218,0.12246100596989729
0.0,0.52,0.48,0.1905,4.5,4.0,0.7429867508519628,0.0827233624023023,0.775936145806535,0.12638140122088198
0.0,0.54,0.46,0.189,4.5,4.0,0.7431292021111299,0.08266438696231,0.7762713364314145,0.13008422776965398
0.0,0.56,0.44,0.1875335654083107,4.5,4.0,0.7432723458571907,0.08260976645754,0.776608643508301,0.13378987538426745
0.0,0.58,0.42,0.186,4.5,4.0,0.7434260190159971,0.0825557260729415,0.776971200750756,0.13742829792044708
0.0,0.6,0.4,0.1845,4.5,4.0,0.7435801360129382,0.082505787178303,0.7773351658936102,0.14107751461913828
0.0,0.62,0.38,0.1829185377142079,4.5,4.0,0.7437465622031689,0.0824561212461605,0.7777285100592787,0.1446602313986163
0.0,0.64,0.36,0.181,4.5,4.0,0.7439536827427639,0.0823997724838526,0.7782183503876573,0.14801531857559141
0.0,0.66,0.34,0.178741659237187,4.5,4.0,0.7442044897637509,0.0823385864152302,0.7788117805121816,0.15117246415478833
0.0,0.68,0.32,0.2230239703682651,4.5,2.0,0.7599338858777449,0.0760755305197009,0.7790228731817824,0.14578584129818195
0.0,0.7,0.3,0.2230239703682651,4.5,2.0,0.7599338858777449,0.0760755305197009,0.7790228731817824,0.13667423433320175
0.0,0.72,0.28,0.2230239703682651,4.5,2.0,0.7599338858777449,0.0760755305197009,0.7790228731817824,0.12756262736822158
0.0,0.74,0.26,0.2230239703682651,4.5,2.0,0.7599338858777449,0.0760755305197009,0.7790228731817824,0.11845102040324136
0.0,0.76,0.24,0.2230239703682651,4.5,2.0,0.7599338858777449,0.0760755305197009,0.7790228731817824,0.10933941343826113
0.0,0.78,0.22,0.2230239703682651,4.5,2.0,0.7599338858777449,0.0760755305197009,0.7790228731817824,0.10022780647328094
0.0,0.8,0.2,0.2230239703682651,4.5,2.0,0.7599338858777449,0.0760755305197009,0.7790228731817824,0.09111619950830074
0.0,0.82,0.18,0.2230239703682651,4.5,2.0,0.7599338858777449,0.0760755305197009,0.7790228731817824,0.08200459254332053
0.0,0.84,0.16,0.2230239703682651,4.5,2.0,0.7599338858777449,0.0760755305197009,0.7790228731817824,0.0728929855783403
0.0,0.86,0.14,0.2230239703682651,4.5,2.0,0.7599338858777449,0.0760755305197009,0.7790228731817824,0.06378137861336011
0.0,0.88,0.12,0.2230239703682651,4.5,2.0,0.7599338858777449,0.0760755305197009,0.7790228731817824,0.0546697716483799
0.0,0.9,0.1,0.2230274083380699,4.5,2.0,0.7599340113494193,0.0760754874076771,0.7790228732018154,0.0455581646684561
0.0,0.92,0.08,0.2230274083380699,4.5,2.0,0.7599340113494193,0.0760754874076771,0.7790228732018154,0.036446557675116266
0.0,0.94,0.06,0.2230274083380699,4.5,2.0,0.7599340113494193,0.0760754874076771,0.7790228732018154,0.02733495068177644
0.0,0.96,0.04,0.2230274083380699,4.5,2.0,0.7599340113494193,0.0760754874076771,0.7790228732018154,0.018223343688436616
0.0,0.98,0.02,0.2230291476100523,4.5,2.0,0.759934074838174,0.0760754656068588,0.7790228732492679,0.00911173667717155
0.0,1.0,0.0,0.2286344391277271,4.5,2.0,0.7601834770332321,0.0760397916900916,0.7791563620215654,-7.659192350564856e-11
0.02,0.0,0.98,0.233,3.45,4.0,0.7368773202245219,0.1116745695577091,0.7721900563831497,0.025012062825300482
0.02,0.02,0.96,0.2285,3.4575,4.0,0.73704258483913,0.1108082908564187,0.7721905958455874,0.025288934809087237
0.02,0.04,0.94,0.2275835994519573,4.5,4.0,0.7410930690632069,0.0855383277834281,0.77181517268829,0.03134339150684134
0.02,0.06,0.92,0.2275835994519573,4.5,4.0,0.7410930690632069,0.0855383277834281,0.77181517268829,0.03134407858538647
0.02,0.08,0.9,0.2275835994519573,4.5,4.0,0.7410930690632069,0.0855383277834281,0.77181517268829,0.03134476566393161
0.02,0.1,0.88,0.2195,4.5,4.0,0.7411952233941057,0.0846576471632514,0.7719058737424537,0.03149907597230872
0.02,0.12,0.86,0.2124793862633019,4.5,4.0,0.7414387688868433,0.0840281665708472,0.77239073880929,0.0348616975882807
0.02,0.14,0.84,0.211,4.5,4.0,0.7415071683282415,0.0839102724929512,0.7725374174522242,0.04007147844275131
0.02,0.16,0.82,0.21,4.5,4.0,0.7415566263065058,0.0838333422211986,0.7726449293172232,0.04534786410267442
0.02,0.18,0.8,0.209,4.5,4.0,0.7416086413714152,0.0837585955144466,0.7727590659124663,0.0505266587699543
0.02,0.2,0.78,0.208,4.5,4.0,0.7416631766861165,0.083685994825249,0.7728797222673449,0.05561235010050371
0.02,0.22,0.76,0.207,4.5,4.0,0.7417201954137563,0.0836155026061596,0.7730067934112503,0.06060931658366027
0.02,0.24,0.74,0.206,4.5,4.0,0.7417796607174816,0.0835470813097321,0.7731401743735742,0.06552182754218511
0.02,0.26,0.72,0.2046771493622676,4.5,4.0,0.7418620206463858,0.0834596880078278,0.7733261331885476,0.07015567733193882
0.02,0.28,0.7,0.2039577888540814,4.5,4.0,0.7419085473290435,0.0834136265699497,0.7734317280347651,0.07508281124400443
0.02,0.3,0.68,0.2028311984331745,4.5,4.0,0.7419838350225968,0.0833435190587373,0.7736033142849728,0.07968091474722083
0.02,0.32,0.66,0.2015,4.5,4.0,0.7420765432751761,0.0832638064028467,0.7738156581825176,0.0843225865153517
0.02,0.34,0.64,0.2005,4.5,4.0,0.7421488062886202,0.0832061040204577,0.7739818667965148,0.08860585472177782
0.02,0.36,0.62,0.1995,4.5,4.0,0.7422232764386041,0.08315022850233,0.774153702919975,0.09308625761742033
0.02,0.38,0.6,0.1985,4.5,4.0,0.7422999168882742,0.0830961423010173,0.7743310615822895,0.09751009496810294
0.02,0.4,0.58,0.1973424262716914,4.5,4.0,0.7423912956589164,0.0830357186388999,0.7745431257506908,0.10176317935356226
0.02,0.42,0.56,0.196,4.5,4.0,0.7425007713317288,0.0829685086536847,0.7747979304759446,0.10618199989550384
0.02,0.44,0.54,0.195,4.5,4.0,0.7425847177400824,0.082920389375085,0.7749937913807068,0.11009391706070604
0.02,0.46,0.52,0.1937321373565153,4.5,4.0,0.7426940273831892,0.0828617054514858,0.7752493631058034,0.11411645038823076
0.02,0.48,0.5,0.1924021291652183,4.499999999999999,4.0,0.742812075965252,0.0828028608050109,0.775525952902843,0.11805083071402121
0.02,0.5,0.48,0.1911742419530123,4.499999999999999,4.0,0.7429240601280354,0.0827509278142203,0.775788813690532,0.12202516976742019
0.02,0.52,0.46,0.1896398884304693,4.5,4.0,0.743067935471177,0.0826891541541741,0.7761271096661112,0.1257380715993687
0.02,0.54,0.44,0.188472849216304,4.5,4.0,0.7431802236324493,0.0826444128967804,0.7763915137759253,0.1296952594244399
0.02,0.56,0.42,0.187,4.5,4.0,0.7433253579297355,0.0825906138798455,0.7767336672478584,0.13340308574659013
0.02,0.58,0.4,0.185,4.5,4.0,0.7435283531044269,0.0825221206923279,0.7772128396892924,0.1367230468347384
0.02,0.6,0.38,0.1833802245323487,4.5,4.0,0.7436975666948853,0.082470312352367,0.7776126823848418,0.14030707602004483
0.02,0.62,0.36,0.1813907426149553,4.5,4.0,0.7439110462889873,0.0824109134833365,0.7781174932530589,0.14364478096801864
0.02,0.64,0.34,0.1794300591762197,4.5,4.0,0.7441272582621592,0.0823566718419892,0.7786290253870016,0.14701599507288024
0.02,0.66,0.32,0.2230239703682651,4.5,2.0,0.7599338858777449,0.0760755305197009,0.7790228731817824,0.14579180227445124
0.02,0.68,0.3,0.2230239703682651,4.5,2.0,0.7599338858777449,0.0760755305197009,0.7790228731817824,0.13668019530947104
0.02,0.7,0.28,0.2230239703682651,4.5,2.0,0.7599338858777449,0.0760755305197009,0.7790228731817824,0.12756858834449084
0.02,0.72,0.26,0.2230239703682651,4.5,2.0,0.7599338858777449,0.0760755305197009,0.7790228731817824,0.11845698137951063
0.02,0.74,0.24,0.2230239703682651,4.5,2.0,0.7599338858777449,0.0760755305197009,0.7790228731817824,0.10934537441453042
0.02,0.76,0.22,0.2230239703682651,4.5,2.0,0.7599338858777449,0.0760755305197009,0.7790228731817824,0.10023376744955023
0.02,0.78,0.2,0.2230239703682651,4.5,2.0,0.7599338858777449,0.0760755305197009,0.7790228731817824,0.09112216048457003
0.02,0.8,0.18,0.2230239703682651,4.5,2.0,0.7599338858777449,0.0760755305197009,0.7790228731817824,0.08201055351958982
0.02,0.82,0.16,0.2230239703682651,4.5,2.0,0.7599338858777449,0.0760755305197009,0.7790228731817824,0.07289894655460959
0.02,0.84,0.14,0.2230239703682651,4.5,2.0,0.7599338858777449,0.0760755305197009,0.7790228731817824,0.0637873395896294
0.02,0.86,0.12,0.211,4.5,2.0,0.7596855037753467,0.0763694873374834,0.7795917031383747,0.05927554244193681
0.02,0.88,0.1,0.208573556794861,4.5,2.0,0.7596784424772447,0.0764603503182665,0.7798355592776294,0.05926442151957458
0.02,0.9,0.08,0.208573556794861,4.5,2.0,0.7596784424772447,0.0764603503182665,0.7798355592776294,0.059263438708343906
0.02,0.92,0.06,0.208573556794861,4.5,2.0,0.7596784424772447,0.0764603503182665,0.7798355592776294,0.059262455897113236
0.02,0.94,0.04,0.2085438844711118,4.5,2.0,0.7596784391526433,0.0764615204141665,0.7798387911301868,0.059261472904821304
0.02,0.96,0.02,0.2085438844711118,4.5,2.0,0.7596784391526433,0.0764615204141665,0.7798387911301868,0.0592604897717703
0.02,0.98,0.0,0.2085438844711118,4.5,2.0,0.7596784391526433,0.0764615204141665,0.7798387911301868,0.059259506638719296
0.04,0.0,0.96,0.234,3.40875,4.0,0.7361471182370802,0.1133465988644474,0.7725660870802422,0.047830258117172314
0.04,0.02,0.94,0.234,3.40875,4.0,0.7361471182370802,0.1133465988644474,0.7725660870802422,0.0478328726945091
0.04,0.04,0.92,0.223,3.44625,4.0,0.736963565946684,0.1105717784619757,0.7725536354236203,0.05028770286266194
0.04,0.06,0.9,0.215,3.62625,4.0,0.7403604246887387,0.1037565746777432,0.7726260056149525,0.06049354674911254
0.04,0.08,0.88,0.227595954792372,4.5,4.0,0.7410930682550355,0.0855398110327547,0.7718154435762953,0.06268660284617854
0.04,0.1,0.86,0.2275910357359154,4.5,4.0,0.7410930685181748,0.0855392204517092,0.7718153355721746,0.06268728998953148
0.04,0.12,0.84,0.2275910357359154,4.5,4.0,0.7410930685181748,0.0855392204517092,0.7718153355721746,0.06268797711247812
0.04,0.14,0.82,0.2275910357359154,4.5,4.0,0.7410930685181748,0.0855392204517092,0.7718153355721746,0.06268866423542475
0.04,0.16,0.8,0.2275910357359154,4.5,4.0,0.7410930685181748,0.0855392204517092,0.7718153355721746,0.06268935135837139
0.04,0.18,0.78,0.2275910357359154,4.5,4.0,0.7410930685181748,0.0855392204517092,0.7718153355721746,0.06269003848131803
0.04,0.2,0.76,0.2195,4.5,4.0,0.7411952233941057,0.0846576471632514,0.7719058737424537,0.06299740129280063
0.04,0.22,0.74,0.212,4.5,4.0,0.7414603042734753,0.0839894238771509,0.7724366352880776,0.06379628064451262
0.04,0.24,0.72,0.2055,4.5,4.0,0.7418102993238597,0.0835136355239396,0.7732091982333279,0.06523335104975606
0.04,0.26,0.7,0.2045,4.5,4.0,0.7418733654226133,0.0834482502100433,0.7733518471033883,0.07005071980260064
0.04,0.28,0.68,0.2035,4.5,4.0,0.7419387860053194,0.0833848419501931,0.7735005433653458,0.07479310984062063
0.04,0.3,0.66,0.2025,4.5,4.0,0.7420065242351247,0.083323373196943,0.7736551820485917,0.0794644220570716
0.04,0.32,0.64,0.2015,4.5,4.0,0.7420765432751761,0.0832638064028467,0.7738156581825176,0.08406844817863136
0.04,0.34,0.62,0.2001076557336187,4.5,4.0,0.7421777631609972,0.0831839658870201,0.7740486206938462,0.08833545596457
0.04,0.36,0.6,0.199,4.5,4.0,0.7422613276782817,0.0831229640837872,0.7742416984944385,0.09275579170356266
0.04,0.38,0.58,0.198,4.5,4.0,0.7423390394639752,0.0830697584605895,0.7744217790622019,0.0971488877077341
0.04,0.4,0.56,0.197,4.5,4.0,0.7424188662940752,0.0830182858330375,0.7746072247129068,0.10151284935742924
0.04,0.42,0.54,0.1955,4.5,4.0,0.7425424916668714,0.0829442441235061,0.7748952230962732,0.10570130062011425
0.04,0.44,0.52,0.194290027388449,4.5,4.0,0.7426455363384219,0.0828872117903968,0.7751359189578548,0.10966747814611774
0.04,0.46,0.5,0.193,4.5,4.0,0.7427585873214777,0.0828289743303597,0.7754005587329704,0.11378123000188546
0.04,0.48,0.48,0.1917519992922826,4.5,4.0,0.7428710140940785,0.0827750822437135,0.7756642449872218,0.11756936753178952
0.04,0.5,0.46,0.1905,4.5,4.0,0.7429867508519628,0.0827233624023023,0.775936145806535,0.12152737447506076
0.04,0.52,0.44,0.189,4.5,4.0,0.7431292021111299,0.08266438696231,0.7762713364314145,0.1252730891124986
0.04,0.54,0.42,0.1875,4.5,4.0,0.7432756662739345,0.0826085504267334,0.7766164728380895,0.12899460315741343
0.04,0.56,0.4,0.1857076969760212,4.5,4.0,0.7434557601804981,0.0825457721488703,0.7770414125908935,0.13249368479892104
0.04,0.58,0.38,0.1839662377425718,4.499999999999999,4.0,0.7436358617456886,0.0824886889072367,0.7774668410041983,0.1360214577380443
0.04,0.6,0.36,0.1823670434162197,4.5,4.0,0.7438055237199676,0.0824394953288339,0.7778679243095064,0.13963816543453098
0.04,0.62,0.34,0.1805,4.5,4.0,0.7440085722160658,0.0823857597640079,0.7783482051542975,0.14308101135162615
0.04,0.64,0.32,0.2230239703682651,4.5,2.0,0.7599338858777449,0.0760755305197009,0.7790228731817824,0.14579776325072052
0.04,0.66,0.3,0.2230239703682651,4.5,2.0,0.7599338858777449,0.0760755305197009,0.7790228731817824,0.13668615628574032
0.04,0.68,0.28,0.2230239703682651,4.5,2.0,0.7599338858777449,0.0760755305197009,0.7790228731817824,0.12757454932076012
0.04,0.7,0.26,0.2205,4.5,2.0,0.7598505439579581,0.0761138758205151,0.7790490130370952,0.11904510358316737
0.04,0.72,0.24,0.211,4.5,2.0,0.7596855037753467,0.0763694873374834,0.7795917031383747,0.11854988629127919
0.04,0.74,0.22,0.2085438844711118,4.5,2.0,0.7596784391526433,0.0764615204141665,0.7798387911301868,0.11852829454522189
0.04,0.76,0.2,0.2085438844711118,4.5,2.0,0.7596784391526433,0.0764615204141665,0.7798387911301868,0.11852731141217088
0.04,0.78,0.18,0.2085436097091347,4.5,2.0,0.7596784391311078,0.076461531255637,0.7798388210845841,0.11852632827911186
0.04,0.8,0.16,0.2085409291298545,4.5,2.0,0.7596784389299117,0.0764616370313653,0.7798391133466489,0.11852534514069335
0.04,0.82,0.14,0.2085409291298545,4.5,2.0,0.7596784389299117,0.0764616370313653,0.7798391133466489,0.11852436197555376
0.04,0.84,0.12,0.2085409291298545,4.5,2.0,0.7596784389299117,0.0764616370313653,0.7798391133466489,0.11852337881041417
0.04,0.86,0.1,0.2085367904812573,4.5,2.0,0.7596784386509968,0.076461800364937,0.779839564676702,0.11852239560219996
0.04,0.88,0.08,0.2085367904812573,4.5,2.0,0.7596784386509968,0.076461800364937,0.779839564676702,0.11852141239211281
0.04,0.9,0.06,0.2085345033639461,4.5,2.0,0.7596784385133786,0.0764618906386777,0.779839814142335,0.11852042915821863
0.04,0.92,0.04,0.2085345033639461,4.5,2.0,0.7596784385133786,0.0764618906386777,0.779839814142335,0.11851944592328696
0.04,0.94,0.02,0.2085291256626417,4.5,2.0,0.7596784382361178,0.0764621029321138,0.7798404008506056,0.1185184626548267
0.04,0.96,0.0,0.2085291256626417,4.5,2.0,0.7596784382361178,0.0764621029321138,0.7798404008506056,0.1185174793614629
0.06,0.0,0.94,0.2345,3.37875,4.0,0.735623988111366,0.1145715368368935,0.7729376790299982,0.06938782918743198
0.06,0.02,0.92,0.2345,3.37875,4.0,0.735623988111366,0.1145715368368935,0.7729376790299982,0.06939048604970179
0.06,0.04,0.9,0.2345,3.375,4.0,0.7355591639617641,0.1147181193146996,0.7729904258816611,0.06910135565300686
0.06,0.06,0.88,0.2185,3.435,4.0,0.7369278051500601,0.1105198181284865,0.7730507056999854,0.07527073883710818
0.06,0.08,0.86,0.215,3.56625,4.0,0.7393433015797034,0.1056483989888793,0.7725832580434165,0.0861537315176133
0.06,0.1,0.84,0.2275993538525749,4.5,4.0,0.7410930681185189,0.0855402191635282,0.7718155183267351,0.09402912635695615
0.06,0.12,0.82,0.2275993538525749,4.5,4.0,0.7410930681185189,0.0855402191635282,0.7718155183267351,0.09402981352951333
0.06,0.14,0.8,0.2275993538525749,4.5,4.0,0.7410930681185189,0.0855402191635282,0.7718155183267351,0.09403050070207049
0.06,0.16,0.78,0.2275993538525749,4.5,4.0,0.7410930681185189,0.0855402191635282,0.7718155183267351,0.09403118787462766
0.06,0.18,0.76,0.227595954792372,4.5,4.0,0.7410930682550355,0.0855398110327547,0.7718154435762953,0.09403187503762729
0.06,0.2,0.74,0.227595954792372,4.5,4.0,0.7410930682550355,0.0855398110327547,0.7718154435762953,0.09403256218991914
0.06,0.22,0.72,0.227595954792372,4.5,4.0,0.7410930682550355,0.0855398110327547,0.7718154435762953,0.09403324934221097
0.06,0.24,0.7,0.227595954792372,4.5,4.0,0.7410930682550355,0.0855398110327547,0.7718154435762953,0.09403393649450281
0.06,0.26,0.68,0.227595954792372,4.5,4.0,0.7410930682550355,0.0855398110327547,0.7718154435762953,0.09403462364679466
0.06,0.28,0.66,0.2253158092371337,4.5,4.0,0.7411014316643632,0.0852733607401155,0.7717871478664611,0.0940726087786022
0.06,0.3,0.64,0.2195,4.5,4.0,0.7411952233941057,0.0846576471632514,0.7719058737424537,0.09449572661329252
0.06,0.32,0.62,0.2145,4.5,4.0,0.7413547342937139,0.0841972661097214,0.7722148111885598,0.09521578864476678
0.06,0.34,0.6,0.2095,4.5,4.0,0.7415823165054332,0.0837956982689129,0.7727011760842273,0.0962431884233634
0.06,0.36,0.58,0.205,4.5,4.0,0.7418415357604391,0.0834806933885203,0.7732797601837079,0.09741461560811472
0.06,0.38,0.56,0.2001076557336187,4.5,4.0,0.7421777631609972,0.0831839658870201,0.7740486206938462,0.09893116374623878
0.06,0.4,0.54,0.1965,4.5,4.0,0.7424595613392612,0.0829931876590516,0.7747019266410471,0.1011511348754249
0.06,0.42,0.52,0.195,4.5,4.0,0.7425847177400824,0.082920389375085,0.7749937913807068,0.10509660830949102
0.06,0.44,0.5,0.1937321373565153,4.5,4.0,0.7426940273831892,0.0828617054514858,0.7752493631058034,0.10916181780142459
0.06,0.46,0.48,0.1924021291652183,4.499999999999999,4.0,0.742812075965252,0.0828028608050109,0.775525952902843,0.11313899114957691
0.06,0.48,0.46,0.191,4.5,4.0,0.7429401803434353,0.0827437403192914,0.775826687004829,0.1170257702945718
0.06,0.5,0.44,0.1896398884304693,4.5,4.0,0.743067935471177,0.0826891541541741,0.7761271096661112,0.1209089217601313
0.06,0.52,0.42,0.188,4.5,4.0,0.7432264066824954,0.0826268216604863,0.7765003441512085,0.12466482353428705
0.06,0.54,0.4,0.1865,4.5,4.0,0.7433754770452919,0.0825730073263918,0.7768519142591893,0.12830021799115143
0.06,0.56,0.38,0.1846888323284197,4.5,4.0,0.7435605316618681,0.0825119194939262,0.7772888509128091,0.1318078478128665
0.06,0.58,0.36,0.1829185377142079,4.5,4.0,0.7437465622031689,0.0824561212461605,0.7777285100592787,0.1353380793675365
0.06,0.6,0.34,0.181,4.5,4.0,0.7439536827427639,0.0823997724838526,0.7782183503876573,0.13877515290591294
0.06,0.62,0.32,0.178741659237187,4.5,4.0,0.7442044897637509,0.0823385864152302,0.7788117805121816,0.14202132695831277
0.06,0.64,0.3,0.1765,4.5,4.0,0.7444605348108027,0.0822829469950889,0.7794176939716567,0.14530746175103407
0.06,0.66,0.28,0.174,4.5,4.0,0.7447539108802396,0.0822263630711165,0.7801118051713232,0.14849002709974352
0.06,0.68,0.26,0.170841388553563,4.5,4.0,0.7451355037050642,0.0821622327906865,0.7810140021506355,0.15140391666804226
0.06,0.7,0.24,0.1675,4.5,4.0,0.7455512576014465,0.082102112333742,0.7819956397455645,0.15432650153322502
0.06,0.72,0.22,0.1638767938444573,4.5,4.0,0.7460145432228099,0.0820442930286171,0.783087242472081,0.15722181569174393
0.06,0.74,0.2,0.159461539684094,4.5,4.0,0.7465941593683907,0.0819816750982963,0.7844486259349669,0.15990403814064458
0.06,0.76,0.18,0.1542541479301568,4.5,4.0,0.7472949434179285,0.0819147394753007,0.786086623577221,0.16237589815658962
0.06,0.78,0.16,0.1479456907418632,4.5,4.0,0.748161704134109,0.0818364357252523,0.7880976447148518,0.16442803037896342
0.06,0.8,0.14,0.1402142878961925,4.5,4.0,0.7492377436366602,0.0817315565151433,0.7905655890847381,0.16559322964766582
0.06,0.82,0.12,0.1305855539980565,4.5,4.0,0.7505747657190451,0.081562455239232,0.7935750680286509,0.16469097704870603
0.06,0.84,0.1,0.1187228035331284,4.5,4.0,0.7521715533753609,0.0812488001003531,0.7970546627915766,0.1591273558667168
0.06,0.86,0.08,0.1082341837389802,4.5,4.0,0.7534909610346622,0.0808277145863663,0.7997902558591768,0.14992137343604237
0.06,0.88,0.06,0.1066916160197874,4.5,4.0,0.7536749686261036,0.0807516293318417,0.8001578327283382,0.1507908112528621
0.06,0.9,0.04,0.105,4.5,4.0,0.7538733354842413,0.0806635495834386,0.800549369149937,0.1516377092904685
0.06,0.92,0.02,0.1037109353602566,4.5,4.0,0.7540219885643795,0.0805930605882808,0.8008393116568002,0.1523324808563962
0.06,0.94,0.0,0.102067819939848,4.499999999999998,4.0,0.7542081877919355,0.0804988468662809,0.8011979405112498,0.15313947129960895
0.08,0.0,0.92,0.235,3.3525,4.0,0.7351738008129105,0.1156813804318386,0.7733360284610251,0.08981218122772863
0.08,0.02,0.9,0.2345,3.3525,4.0,0.7351737258445304,0.1156090418617621,0.7733387085761008,0.08981442813662255
0.08,0.04,0.88,0.235,3.34875,4.0,0.7351100981029774,0.1158317903578783,0.773399022983726,0.08943518816777143
0.08,0.06,0.86,0.235,3.34875,4.0,0.7351100981029774,0.1158317903578783,0.773399022983726,0.08943787858278521
0.08,0.08,0.84,0.2172050706795334,3.4314911002273765,4.0,0.7369231949523516,0.1105257188736131,0.7732264041744497,0.10033156439325604
0.08,0.1,0.82,0.2145,3.5325,4.0,0.7387859696954755,0.1067181597944854,0.7727187348514011,0.11156388983701954
0.08,0.12,0.8,0.215,3.62625,4.0,0.7403604246887387,0.1037565746777432,0.7726260056149525,0.12098180948177872
0.08,0.14,0.78,0.2275993538525749,4.5,4.0,0.7410930681185189,0.0855402191635282,0.7718155183267351,0.1253723369175939
0.08,0.16,0.76,0.2275993538525749,4.5,4.0,0.7410930681185189,0.0855402191635282,0.7718155183267351,0.12537302409015105
0.08,0.18,0.74,0.2275993538525749,4.5,4.0,0.7410930681185189,0.0855402191635282,0.7718155183267351,0.12537371126270824
0.08,0.2,0.72,0.2275993538525749,4.5,4.0,0.7410930681185189,0.0855402191635282,0.7718155183267351,0.1253743984352654
0.08,0.22,0.7,0.2275993538525749,4.5,4.0,0.7410930681185189,0.0855402191635282,0.7718155183267351,0.12537508560782257
0.08,0.24,0.68,0.2275993538525749,4.5,4.0,0.7410930681185189,0.0855402191635282,0.7718155183267351,0.12537577278037973
0.08,0.26,0.66,0.2275993538525749,4.5,4.0,0.7410930681185189,0.0855402191635282,0.7718155183267351,0.12537645995293692
0.08,0.28,0.64,0.2275993538525749,4.5,4.0,0.7410930681185189,0.0855402191635282,0.7718155183267351,0.12537714712549408
0.08,0.3,0.62,0.2275993538525749,4.5,4.0,0.7410930681185189,0.0855402191635282,0.7718155183267351,0.12537783429805124
0.08,0.32,0.6,0.2275993538525749,4.5,4.0,0.7410930681185189,0.0855402191635282,0.7718155183267351,0.12537852147060843
0.08,0.34,0.58,0.2275993538525749,4.5,4.0,0.7410930681185189,0.0855402191635282,0.7718155183267351,0.1253792086431656
0.08,0.36,0.56,0.2275993538525749,4.5,4.0,0.7410930681185189,0.0855402191635282,0.7718155183267351,0.12537989581572276
0.08,0.38,0.54,0.2235,4.5,4.0,0.7411197203148079,0.0850714515047207,0.7717952890803707,0.1255399983602246
0.08,0.4,0.52,0.2195,4.5,4.0,0.7411952233941057,0.0846576471632514,0.7719058737424537,0.12599405193378443
0.08,0.42,0.5,0.216,4.5,4.0,0.7412995240264572,0.084328991487344,0.772102903052188,0.1266214411022916
0.08,0.44,0.48,0.212,4.5,4.0,0.7414603042734753,0.0839894238771509,0.7724366352880776,0.12758846939415347
0.08,0.46,0.46,0.2085,4.5,4.0,0.7416355962998452,0.0837220292643689,0.7728185856806142,0.12864281429668714
0.08,0.48,0.44,0.205,4.5,4.0,0.7418415357604391,0.0834806933885203,0.7732797601837079,0.12988302096963555
0.08,0.5,0.42,0.2015,4.5,4.0,0.7420765432751761,0.0832638064028467,0.7738156581825176,0.1313524132616285
0.08,0.52,0.4,0.198,4.5,4.0,0.7423390394639752,0.0830697584605895,0.7744217790622019,0.13293824740299615
0.08,0.54,0.38,0.1945,4.5,4.0,0.7426274449467553,0.0828969397149906,0.7750936222079194,0.13465870267490326
0.08,0.56,0.36,0.191,4.5,4.0,0.7429401803434353,0.0827437403192914,0.775826687004829,0.13652727784158444
0.08,0.58,0.34,0.1875,4.5,4.0,0.7432756662739345,0.0826085504267334,0.7766164728380895,0.138552791150354
0.08,0.6,0.32,0.1839662377425718,4.499999999999999,4.0,0.7436358617456886,0.0824886889072367,0.7774668410041983,0.1407160278794378
0.08,0.62,0.3,0.1805,4.5,4.0,0.7440085722160658,0.0823857597640079,0.7783482051542975,0.1430865025988248
0.08,0.64,0.28,0.1769634488378673,4.5,4.0,0.7444070402636608,0.0822940546920984,0.7792911054479853,0.14556836926661348
0.08,0.66,0.26,0.173,4.5,4.0,0.744873447720138,0.0822052181051798,0.7803945216300611,0.14810952555011397
0.08,0.68,0.24,0.1695,4.5,4.0,0.7453009886371612,0.0821372195065116,0.7814049243056325,0.150788729413603
0.08,0.7,0.22,0.16588218381642,4.5,4.0,0.7457566175905699,0.0820754480370849,0.7824798447606272,0.15365114503960076
0.08,0.72,0.2,0.162,4.5,4.0,0.7462590609743702,0.0820167874679766,0.7836622031123412,0.15650505373178353
0.08,0.74,0.18,0.1583103222776573,4.5,4.0,0.7467476429698581,0.0819663955148984,0.7848081824667084,0.15949577970032788
0.08,0.76,0.16,0.1545,4.5,4.0,0.7472615099317181,0.0819178028558271,0.7860087023522094,0.16246271783380167
0.08,0.78,0.14,0.151,4.5,4.0,0.7477401332692571,0.0818744926279762,0.787121807659729,0.165508397300808
0.08,0.8,0.12,0.1473660252075242,4.5,4.0,0.7482420300823217,0.081829091462508,0.7882830530057936,0.16843003361922992
0.08,0.82,0.1,0.144,4.5,4.0,0.7487099019915049,0.0817850960889371,0.7893593739744208,0.17132718582118775
0.08,0.84,0.08,0.1405913578224029,4.5,4.0,0.7491851446870369,0.0817371364092735,0.7904458026269416,0.17403900780163944
0.08,0.86,0.06,0.1374082563662622,4.5,4.0,0.7496289739501844,0.0816879466720126,0.7914534919463193,0.1766778913073084
0.08,0.88,0.04,0.1345,4.5,4.0,0.7500334746124157,0.0816382332512286,0.7923654417404514,0.17915697224600136
0.08,0.9,0.02,0.1318051488293164,4.5,4.0,0.75040662129727,0.0815872710030319,0.7932007110072895,0.18155822484198575
0.08,0.92,0.0,0.129,4.5,4.0,0.7507925355745504,0.0815284077356939,0.7940579224299444,0.18366207425099032
0.1,0.0,0.9,0.235,3.33375,4.0,0.7348572489762472,0.116438992090166,0.773666856822412,0.1098872783762201
0.1,0.02,0.88,0.235,3.33,4.0,0.734794550430054,0.1165921925511479,0.7737378370486706,0.10941950168901865
0.1,0.04,0.86,0.2365,3.32625,4.0,0.7347349393789702,0.1169678524052768,0.7738041810408488,0.10925508628899634
0.1,0.06,0.84,0.235,3.32625,4.0,0.7347320667009523,0.1167459568316451,0.7738104491134106,0.10895605674238566
0.1,0.08,0.82,0.225,3.345,4.0,0.7351873951446765,0.1146833375083717,0.7738843634105818,0.11242981810535983
0.1,0.1,0.8,0.2172050706795334,3.4314911002273765,4.0,0.7369231949523516,0.1105257188736131,0.7732264041744497,0.1254121895821928
0.1,0.12,0.78,0.215,3.51375,4.0,0.7384389691429475,0.1073969591345174,0.77275101628762,0.1368377022021274
0.1,0.14,0.76,0.2155,3.5925,4.0,0.7397696374321635,0.1048517694847775,0.7725281692165331,0.14678811414478563
0.1,0.16,0.74,0.2125,3.6525,4.0,0.7409092566133811,0.1027487595655459,0.7729408666356331,0.15540490952478148
0.1,0.18,0.72,0.2275993538525749,4.5,4.0,0.7410930681185189,0.0855402191635282,0.7718155183267351,0.1567155474782317
0.1,0.2,0.7,0.2275993538525749,4.5,4.0,0.7410930681185189,0.0855402191635282,0.7718155183267351,0.15671623465078885
0.1,0.22,0.68,0.2275993538525749,4.5,4.0,0.7410930681185189,0.0855402191635282,0.7718155183267351,0.15671692182334604
0.1,0.24,0.66,0.2275993538525749,4.5,4.0,0.7410930681185189,0.0855402191635282,0.7718155183267351,0.1567176089959032
0.1,0.26,0.64,0.2275993538525749,4.5,4.0,0.7410930681185189,0.0855402191635282,0.7718155183267351,0.15671829616846036
0.1,0.28,0.62,0.2275993538525749,4.5,4.0,0.7410930681185189,0.0855402191635282,0.7718155183267351,0.15671898334101753
0.1,0.3,0.6,0.2275993538525749,4.5,4.0,0.7410930681185189,0.0855402191635282,0.7718155183267351,0.15671967051357472
0.1,0.32,0.58,0.2275993538525749,4.5,4.0,0.7410930681185189,0.0855402191635282,0.7718155183267351,0.15672035768613188
0.1,0.34,0.56,0.2275993538525749,4.5,4.0,0.7410930681185189,0.0855402191635282,0.7718155183267351,0.15672104485868904
0.1,0.36,0.54,0.2275993538525749,4.5,4.0,0.7410930681185189,0.0855402191635282,0.7718155183267351,0.15672173203124623
0.1,0.38,0.52,0.2275993538525749,4.5,4.0,0.7410930681185189,0.0855402191635282,0.7718155183267351,0.1567224192038034
0.1,0.4,0.5,0.2275993538525749,4.5,4.0,0.7410930681185189,0.0855402191635282,0.7718155183267351,0.15672310637636055
0.1,0.42,0.48,0.2275993538525749,4.5,4.0,0.7410930681185189,0.0855402191635282,0.7718155183267351,0.15672379354891772
0.1,0.44,0.46,0.2275993538525749,4.5,4.0,0.7410930681185189,0.0855402191635282,0.7718155183267351,0.1567244807214749
0.1,0.46,0.44,0.2265,4.5,4.0,0.7410950351100626,0.0854099231277753,0.7717964224380015,0.15673966969398462
0.1,0.48,0.42,0.223,4.5,4.0,0.741126533961947,0.0850174210944757,0.7718022133327778,0.15697624445862335
0.1,0.5,0.4,0.2195,4.5,4.0,0.7411952233941057,0.0846576471632514,0.7719058737424537,0.15749237725427637
0.1,0.52,0.38,0.2167888933488503,4.5,4.0,0.7412729876725488,0.0844004364559805,0.7720505746124458,0.15809448781963795
0.1,0.54,0.36,0.213557728466282,4.5,4.0,0.7413925572428027,0.0841172336761544,0.7722932984261638,0.15897544447329903
0.1,0.56,0.34,0.2105,4.5,4.0,0.7415315753792396,0.0838715320647344,0.7725903387327802,0.16002016479784043
0.1,0.58,0.32,0.2075261824828214,4.5,4.0,0.7416898858385934,0.0836523338403888,0.7729391375798385,0.1612098249548916
0.1,0.6,0.3,0.205,4.5,4.0,0.7418415357604391,0.0834806933885203,0.7732797601837079,0.1623514263311564
0.1,0.62,0.28,0.202,4.5,4.0,0.742041250956173,0.083293354401716,0.7737346969948827,0.163850075526
0.1,0.64,0.26,0.1990830923766229,4.499999999999999,4.0,0.7422549667458227,0.0831274642206093,0.7742269798718447,0.16545583688424872
0.1,0.66,0.24,0.1965463730082495,4.5,4.0,0.7424557653004529,0.0829954977074822,0.7746930884394302,0.16696448032224895
0.1,0.68,0.22,0.1937321373565153,4.5,4.0,0.7426940273831892,0.0828617054514858,0.7752493631058034,0.16875446809959394
0.1,0.7,0.2,0.191,4.5,4.0,0.7429401803434353,0.0827437403192914,0.775826687004829,0.17065273907609144
0.1,0.72,0.18,0.188,4.5,4.0,0.7432264066824954,0.0826268216604863,0.7765003441512085,0.17275369365729518
0.1,0.74,0.16,0.1853207159819171,4.5,4.0,0.7434953529350458,0.0825327610714616,0.777134901420891,0.17477381938259265
0.1,0.76,0.14,0.1825,4.5,4.0,0.7437912659681379,0.0824434714506984,0.7778342094469356,0.17699636921131023
0.1,0.78,0.12,0.1796571296707944,4.5,4.0,0.7441019313975631,0.0823627444195977,0.77856909649046,0.17934879824688058
0.1,0.8,0.1,0.1769634488378673,4.5,4.0,0.7444070402636608,0.0822940546920984,0.7792911054479853,0.1819486510670988
0.1,0.82,0.08,0.174,4.5,4.0,0.7447539108802396,0.0822263630711165,0.7801118051713232,0.18447825863152303
0.1,0.84,0.06,0.170841388553563,4.5,4.0,0.7451355037050642,0.0821622327906865,0.7810140021506355,0.18709109248838893
0.1,0.86,0.04,0.1679484148027852,4.5,4.0,0.7454947900617335,0.0821097684798885,0.7818624145445495,0.189829082017236
0.1,0.88,0.02,0.165,4.5,4.0,0.7458696365744131,0.0820614995338064,0.7827461052070518,0.19269786371051478
0.1,0.9,0.0,0.162,4.5,4.0,0.7462590609743702,0.0820167874679766,0.7836622031123412,0.19561262742952495
0.12,0.0,0.88,0.2365,3.31125,4.0,0.7344861108042247,0.1175885900867547,0.7741054115254102,0.1285199867979218
0.12,0.02,0.86,0.2355,3.31125,4.0,0.7344841873648688,0.1174398412820804,0.7741115018903243,0.12850540355838247
0.12,0.04,0.84,0.2355,3.3075,4.0,0.7344227525518401,0.1175964534082993,0.7741919621706211,0.12795490032509396
0.12,0.06,0.82,0.2355,3.3075,4.0,0.7344227525518401,0.1175964534082993,0.7741919621706211,0.12795761922124627
0.12,0.08,0.8,0.2355,3.30375,4.0,0.7343615601838452,0.1177536407468721,0.7742741216477149,0.1274093134734329
0.12,0.1,0.78,0.22,3.3525,4.0,0.7354826394556188,0.1138417424731395,0.7741968256612612,0.13751373717532037
0.12,0.12,0.76,0.2172050706795334,3.4314911002273765,4.0,0.7369231949523516,0.1105257188736131,0.7732264041744497,0.1504928147711295
0.12,0.14,0.74,0.2145,3.49875,4.0,0.7382039499912613,0.1078693506797938,0.7728935096491847,0.16204855509595045
0.12,0.16,0.72,0.215,3.56625,4.0,0.7393433015797034,0.1056483989888793,0.7725832580434165,0.1723024481227266
0.12,0.18,0.7,0.215,3.62625,4.0,0.7403604246887387,0.1037565746777432,0.7726260056149525,0.18147007221444492
0.12,0.2,0.68,0.2276073507002146,4.5,4.0,0.7410930679433996,0.0855411794878429,0.7718156945754737,0.18805807074084344
0.12,0.22,0.66,0.2276073507002146,4.5,4.0,0.7410930679433996,0.0855411794878429,0.7718156945754737,0.18805875796103894
0.12,0.24,0.64,0.2276073507002146,4.5,4.0,0.7410930679433996,0.0855411794878429,0.7718156945754737,0.18805944518123446
0.12,0.26,0.62,0.2275993538525749,4.5,4.0,0.7410930681185189,0.0855402191635282,0.7718155183267351,0.18806013238398378
0.12,0.28,0.6,0.2275993538525749,4.5,4.0,0.7410930681185189,0.0855402191635282,0.7718155183267351,0.18806081955654094
0.12,0.3,0.58,0.2275993538525749,4.5,4.0,0.7410930681185189,0.0855402191635282,0.7718155183267351,0.1880615067290981
0.12,0.32,0.56,0.2275993538525749,4.5,4.0,0.7410930681185189,0.0855402191635282,0.7718155183267351,0.18806219390165527
0.12,0.34,0.54,0.2275993538525749,4.5,4.0,0.7410930681185189,0.0855402191635282,0.7718155183267351,0.18806288107421246
0.12,0.36,0.52,0.2275993538525749,4.5,4.0,0.7410930681185189,0.0855402191635282,0.7718155183267351,0.18806356824676962
0.12,0.38,0.5,0.2275993538525749,4.5,4.0,0.7410930681185189,0.0855402191635282,0.7718155183267351,0.18806425541932678
0.12,0.4,0.48,0.2275993538525749,4.5,4.0,0.7410930681185189,0.0855402191635282,0.7718155183267351,0.18806494259188394
0.12,0.42,0.46,0.2275993538525749,4.5,4.0,0.7410930681185189,0.0855402191635282,0.7718155183267351,0.18806562976444113
0.12,0.44,0.44,0.2275993538525749,4.5,4.0,0.7410930681185189,0.0855402191635282,0.7718155183267351,0.1880663169369983
0.12,0.46,0.42,0.2275993538525749,4.5,4.0,0.7410930681185189,0.0855402191635282,0.7718155183267351,0.18806700410955546
0.12,0.48,0.4,0.2275993538525749,4.5,4.0,0.7410930681185189,0.0855402191635282,0.7718155183267351,0.18806769128211265
0.12,0.5,0.38,0.2275993538525749,4.5,4.0,0.7410930681185189,0.0855402191635282,0.7718155183267351,0.1880683784546698
0.12,0.52,0.36,0.2275993538525749,4.5,4.0,0.7410930681185189,0.0855402191635282,0.7718155183267351,0.18806906562722697
0.12,0.54,0.34,0.2275993538525749,4.5,4.0,0.7410930681185189,0.0855402191635282,0.7718155183267351,0.18806975279978413
0.12,0.56,0.32,0.2253158092371337,4.5,4.0,0.7411014316643632,0.0852733607401155,0.7717871478664611,0.18814521430695025
0.12,0.58,0.3,0.2225,4.5,4.0,0.7411341066005205,0.0849640586046812,0.7718111349222238,0.1884397551319753
0.12,0.6,0.28,0.2195,4.5,4.0,0.7411952233941057,0.0846576471632514,0.7719058737424537,0.18899070257476822
0.12,0.62,0.26,0.217,4.5,4.0,0.7412661821419803,0.0844198116454723,0.7720373439514323,0.18963049496878298
0.12,0.64,0.24,0.2145,4.5,4.0,0.7413547342937139,0.0841972661097214,0.7722148111885598,0.1904288818187962
0.12,0.66,0.22,0.212,4.5,4.0,0.7414603042734753,0.0839894238771509,0.7724366352880776,0.1913806581437943
0.12,0.68,0.2,0.2095,4.5,4.0,0.7415823165054332,0.0837956982689129,0.7727011760842273,0.19248061961813748
0.12,0.7,0.18,0.207,4.5,4.0,0.7417201954137563,0.0836155026061596,0.7730067934112503,0.19372356257156165
0.12,0.72,0.16,0.205,4.5,4.0,0.7418415357604391,0.0834806933885203,0.7732797601837079,0.19481983169267728
0.12,0.74,0.14,0.2025,4.5,4.0,0.7420065242351247,0.083323373196943,0.7736551820485917,0.19630462448125857
0.12,0.76,0.12,0.2001076557336187,4.5,4.0,0.7421777631609972,0.0831839658870201,0.7740486206938462,0.1978480878484213
0.12,0.78,0.1,0.198,4.5,4.0,0.7423390394639752,0.0830697584605895,0.7744217790622019,0.19939907673165605
0.12,0.8,0.08,0.1955,4.5,4.0,0.7425424916668714,0.0829442441235061,0.7748952230962732,0.20113532995680947
0.12,0.82,0.06,0.193,4.5,4.0,0.7427585873214777,0.0828289743303597,0.7754005587329704,0.20308280724641073
0.12,0.84,0.04,0.191,4.5,4.0,0.7429401803434353,0.0827437403192914,0.775826687004829,0.20477820031059846
0.12,0.86,0.02,0.1886020407967057,4.5,4.0,0.7431676739673903,0.0826492724800843,0.776361948490445,0.2067692563281884
0.12,0.88,0.0,0.1860507555311304,4.5,4.0,0.7434208692961638,0.0825574656120365,0.7769590448272419,0.20905074004006421
0.14,0.0,0.86,0.2368678323619533,3.2933861079436744,4.0,0.7341958924473323,0.1183953612711328,0.7744973563950415,0.1468882154519928
0.14,0.02,0.84,0.2355,3.2925,4.0,0.7341794843645414,0.1182286730784704,0.7745309109190115,0.14671859893093375
0.14,0.04,0.82,0.236,3.28875,4.0,0.7341193083114647,0.118462146535866,0.7746130217631084,0.1460890666791431
0.14,0.06,0.8,0.2354471603027499,3.286841187725989,4.0,0.7340888293938924,0.1184618275507136,0.7746668708539014,0.14577160053725252
0.14,0.08,0.78,0.236,3.285,4.0,0.7340593006058459,0.1186222385817538,0.7747033527734919,0.14546407225850752
0.14,0.1,0.76,0.2265,3.29625,4.0,0.7343622882882653,0.1168730700652506,0.7748673505760137,0.1486526694529581
0.14,0.12,0.74,0.2195,3.36375,4.0,0.7356876033878073,0.1133434690752761,0.7740309054940713,0.16279215108831252
0.14,0.14,0.72,0.2172050706795334,3.4314911002273765,4.0,0.7369231949523516,0.1105257188736131,0.7732264041744497,0.17557343996006627
0.14,0.16,0.7,0.2155,3.49125,4.0,0.7380271984134902,0.1082189124325236,0.7728359714224715,0.1872309167283117
0.14,0.18,0.68,0.2135,3.54375,4.0,0.7390278643919829,0.1062567007094495,0.7727865919984002,0.19779012135999097
0.14,0.2,0.66,0.216,3.60375,4.0,0.739939436501764,0.1045429861752452,0.7724954756710455,0.20730145752080764
0.14,0.22,0.64,0.2145,3.64875,4.0,0.7407552932255151,0.1030309242897662,0.7727404453560464,0.21593554815328742
0.14,0.24,0.62,0.2276073507002146,4.5,4.0,0.7410930679433996,0.0855411794878429,0.7718156945754737,0.21940128111152943
0.14,0.26,0.6,0.2276073507002146,4.5,4.0,0.7410930679433996,0.0855411794878429,0.7718156945754737,0.21940196833172493
0.14,0.28,0.58,0.2276073507002146,4.5,4.0,0.7410930679433996,0.0855411794878429,0.7718156945754737,0.21940265555192046
0.14,0.3,0.56,0.2276073507002146,4.5,4.0,0.7410930679433996,0.0855411794878429,0.7718156945754737,0.21940334277211596
0.14,0.32,0.54,0.2276073507002146,4.5,4.0,0.7410930679433996,0.0855411794878429,0.7718156945754737,0.21940402999231146
0.14,0.34,0.52,0.2276073507002146,4.5,4.0,0.7410930679433996,0.0855411794878429,0.7718156945754737,0.21940471721250698
0.14,0.36,0.5,0.2276073507002146,4.5,4.0,0.7410930679433996,0.0855411794878429,0.7718156945754737,0.21940540443270248
0.14,0.38,0.48,0.2275993538525749,4.5,4.0,0.7410930681185189,0.0855402191635282,0.7718155183267351,0.21940609163485023
0.14,0.4,0.46,0.2275993538525749,4.5,4.0,0.7410930681185189,0.0855402191635282,0.7718155183267351,0.2194067788074074
0.14,0.42,0.44,0.2275993538525749,4.5,4.0,0.7410930681185189,0.0855402191635282,0.7718155183267351,0.21940746597996455
0.14,0.44,0.42,0.2275993538525749,4.5,4.0,0.7410930681185189,0.0855402191635282,0.7718155183267351,0.2194081531525217
0.14,0.46,0.4,0.2275993538525749,4.5,4.0,0.7410930681185189,0.0855402191635282,0.7718155183267351,0.2194088403250789
0.14,0.48,0.38,0.2275993538525749,4.5,4.0,0.7410930681185189,0.0855402191635282,0.7718155183267351,0.21940952749763606
0.14,0.5,0.36,0.2275993538525749,4.5,4.0,0.7410930681185189,0.0855402191635282,0.7718155183267351,0.21941021467019323
0.14,0.52,0.34,0.2275993538525749,4.5,4.0,0.7410930681185189,0.0855402191635282,0.7718155183267351,0.21941090184275042
0.14,0.54,0.32,0.2275993538525749,4.5,4.0,0.7410930681185189,0.0855402191635282,0.7718155183267351,0.21941158901530758
0.14,0.56,0.3,0.2275993538525749,4.5,4.0,0.7410930681185189,0.0855402191635282,0.7718155183267351,0.21941227618786474
0.14,0.58,0.28,0.2275993538525749,4.5,4.0,0.7410930681185189,0.0855402191635282,0.7718155183267351,0.2194129633604219
0.14,0.6,0.26,0.2275993538525749,4.5,4.0,0.7410930681185189,0.0855402191635282,0.7718155183267351,0.2194136505329791
0.14,0.62,0.24,0.2275993538525749,4.5,4.0,0.7410930681185189,0.0855402191635282,0.7718155183267351,0.21941433770553626
0.14,0.64,0.22,0.2265,4.5,4.0,0.7410950351100626,0.0854099231277753,0.7717964224380015,0.21943537689691348
0.14,0.66,0.2,0.2245,4.5,4.0,0.7411083884132585,0.0851815348602853,0.7717874850719769,0.2195758990596855
0.14,0.68,0.18,0.222,4.5,4.0,0.7411424336259214,0.0849113593419064,0.7718220407273824,0.21993389827154672
0.14,0.7,0.16,0.2195,4.5,4.0,0.7411952233941057,0.0846576471632514,0.7719058737424537,0.22048902789526018
0.14,0.72,0.14,0.2175,4.5,4.0,0.74125056450167,0.0844661367767427,0.7720073176620804,0.22107110354121762
0.14,0.74,0.12,0.2155,4.5,4.0,0.7413172390614106,0.0842844870736246,0.7721384096209395,0.2218598450343048
0.14,0.76,0.1,0.213,4.5,4.0,0.7414160709790606,0.0840708339212437,0.7723426877953922,0.22281158575154283
0.14,0.78,0.08,0.211,4.5,4.0,0.7415071683282415,0.0839102724929512,0.7725374174522242,0.22376957212767204
0.14,0.8,0.06,0.2090869910496498,4.5,4.0,0.7416040159126189,0.0837650120464351,0.7727488766284292,0.2247879969440481
0.14,0.82,0.04,0.207,4.5,4.0,0.7417201954137563,0.0836155026061596,0.7730067934112503,0.22600960901459044
0.14,0.84,0.02,0.205,4.5,4.0,0.7418415357604391,0.0834806933885203,0.7732797601837079,0.22728823705419812
0.14,0.86,0.0,0.203,4.5,4.0,0.741972367716638,0.0833538674819585,0.7735771264649707,0.2287334185415219
0.16,0.0,0.84,0.236,3.2775,4.0,0.7339401000749851,0.1189441843932836,0.7748893260255199,0.16479817685084727
0.16,0.02,0.82,0.238,3.27375,4.0,0.7338870404343528,0.1194101504075166,0.774968558146401,0.16428873311787945
0.16,0.04,0.8,0.2351479143553826,3.2726600008360167,4.0,0.7338649402587231,0.1190276374646132,0.7750298142626246,0.16390120402979078
0.16,0.06,0.78,0.236,3.27,4.0,0.7338220171276117,0.1192684918589891,0.7750824580253846,0.16338845088311577
0.16,0.08,0.76,0.236,3.26625,4.0,0.7337634064013522,0.1194315359725967,0.775181737470564,0.1626874115264457
0.16,0.1,0.74,0.2375,3.2625,4.0,0.733707619950732,0.1198220126380698,0.7752629804296883,0.16202030718212224
0.16,0.12,0.72,0.222,3.3075,4.0,0.7346831154077051,0.1158917415731838,0.7749992038344996,0.17391614047144066
0.16,0.14,0.7,0.2185,3.37125,4.0,0.7358537906446458,0.112948960197293,0.774001290261514,0.1879133165873435
0.16,0.16,0.68,0.2172050706795334,3.4314911002273765,4.0,0.7369231949523516,0.1105257188736131,0.7732264041744497,0.20065406514900297
0.16,0.18,0.66,0.2155,3.48375,4.0,0.737897804591963,0.1084818829465985,0.7728911811978406,0.21236496364827717
0.16,0.2,0.64,0.2145,3.5325,4.0,0.7387859696954755,0.1067181597944854,0.7727187348514011,0.22312191190973113
0.16,0.22,0.62,0.2135,3.5775,4.0,0.7396056186794268,0.1051551041643526,0.7727224435835228,0.23292902148255265
0.16,0.24,0.6,0.215,3.62625,4.0,0.7403604246887387,0.1037565746777432,0.7726260056149525,0.24195833494711108
0.16,0.26,0.58,0.2135,3.66375,4.0,0.7410453239809632,0.1024983896184254,0.7728904866506384,0.25019004711839105
0.16,0.28,0.56,0.2276073507002146,4.5,4.0,0.7410930679433996,0.0855411794878429,0.7718156945754737,0.25074449148221534
0.16,0.3,0.54,0.2276073507002146,4.5,4.0,0.7410930679433996,0.0855411794878429,0.7718156945754737,0.25074517870241086
0.16,0.32,0.52,0.2276073507002146,4.5,4.0,0.7410930679433996,0.0855411794878429,0.7718156945754737,0.2507458659226064
0.16,0.34,0.5,0.2276073507002146,4.5,4.0,0.7410930679433996,0.0855411794878429,0.7718156945754737,0.2507465531428019
0.16,0.36,0.48,0.2276073507002146,4.5,4.0,0.7410930679433996,0.0855411794878429,0.7718156945754737,0.2507472403629974
0.16,0.38,0.46,0.2276073507002146,4.5,4.0,0.7410930679433996,0.0855411794878429,0.7718156945754737,0.2507479275831929
0.16,0.4,0.44,0.2276073507002146,4.5,4.0,0.7410930679433996,0.0855411794878429,0.7718156945754737,0.25074861480338845
0.16,0.42,0.42,0.2276073507002146,4.5,4.0,0.7410930679433996,0.0855411794878429,0.7718156945754737,0.2507493020235839
0.16,0.44,0.4,0.2276073507002146,4.5,4.0,0.7410930679433996,0.0855411794878429,0.7718156945754737,0.25074998924377945
0.16,0.46,0.38,0.2276073507002146,4.5,4.0,0.7410930679433996,0.0855411794878429,0.7718156945754737,0.250750676463975
0.16,0.48,0.36,0.2276073507002146,4.5,4.0,0.7410930679433996,0.0855411794878429,0.7718156945754737,0.25075136368417045
0.16,0.5,0.34,0.2275993538525749,4.5,4.0,0.7410930681185189,0.0855402191635282,0.7718155183267351,0.2507520508857166
0.16,0.52,0.32,0.2275993538525749,4.5,4.0,0.7410930681185189,0.0855402191635282,0.7718155183267351,0.25075273805827375
0.16,0.54,0.3,0.2275993538525749,4.5,4.0,0.7410930681185189,0.0855402191635282,0.7718155183267351,0.25075342523083094
0.16,0.56,0.28,0.2275993538525749,4.5,4.0,0.7410930681185189,0.0855402191635282,0.7718155183267351,0.25075411240338813
0.16,0.58,0.26,0.2275993538525749,4.5,4.0,0.7410930681185189,0.0855402191635282,0.7718155183267351,0.25075479957594526
0.16,0.6,0.24,0.2275993538525749,4.5,4.0,0.7410930681185189,0.0855402191635282,0.7718155183267351,0.25075548674850245
0.16,0.62,0.22,0.2275993538525749,4.5,4.0,0.7410930681185189,0.0855402191635282,0.7718155183267351,0.25075617392105964
0.16,0.64,0.2,0.2275993538525749,4.5,4.0,0.7410930681185189,0.0855402191635282,0.7718155183267351,0.2507568610936168
0.16,0.66,0.18,0.2275993538525749,4.5,4.0,0.7410930681185189,0.0855402191635282,0.7718155183267351,0.25075754826617397
0.16,0.68,0.16,0.2275993538525749,4.5,4.0,0.7410930681185189,0.0855402191635282,0.7718155183267351,0.25075823543873116
0.16,0.7,0.14,0.2275993538525749,4.5,4.0,0.7410930681185189,0.0855402191635282,0.7718155183267351,0.2507589226112883
0.16,0.72,0.12,0.2275993538525749,4.5,4.0,0.7410930681185189,0.0855402191635282,0.7718155183267351,0.2507596097838455
0.16,0.74,0.1,0.226,4.5,4.0,0.7410971981118571,0.0853517866327808,0.7717910871203287,0.25080940228208676
0.16,0.76,0.08,0.2235,4.5,4.0,0.7411197203148079,0.0850714515047207,0.7717952890803707,0.251079942219733
0.16,0.78,0.06,0.2215,4.5,4.0,0.7411515104335431,0.0848593186127206,0.7718349176269277,0.25146201413602315
0.16,0.8,0.04,0.2195,4.5,4.0,0.7411952233941057,0.0846576471632514,0.7719058737424537,0.25198735321575205
0.16,0.82,0.02,0.217931814223246,4.5,4.0,0.7412376465258322,0.0845066402623834,0.7719828768120054,0.25249729780172825
0.16,0.84,0.0,0.216,4.5,4.0,0.7412995240264572,0.084328991487344,0.772102903052188,0.2532408912164643
0.18,0.0,0.82,0.2364597604649956,3.261264810727709,4.0,0.733685954596876,0.1197179443344572,0.7753084433815998,0.18196201707285523
0.18,0.02,0.8,0.2365,3.25875,4.0,0.7336470434649842,0.1198342004380699,0.7753767040187686,0.1814390835495689
0.18,0.04,0.78,0.238,3.255,4.0,0.7335934689846619,0.1202283634535977,0.775463869342735,0.18071805718927422
0.18,0.06,0.76,0.2365,3.255,4.0,0.7335892263043061,0.1199990385582977,0.7754809758280666,0.18066348466347049
0.18,0.08,0.74,0.2365,3.25125,4.0,0.7335317161674424,0.1201644784849082,0.7755871046826395,0.1798893103585708
0.18,0.1,0.72,0.2365,3.2475,4.0,0.7334745177158408,0.120330522122077,0.7756951021484104,0.1791193555809524
0.18,0.12,0.7,0.226,3.2625,4.0,0.733857833792478,0.1182653878062238,0.7758410856901898,0.18430366698895737
0.18,0.14,0.68,0.221,3.3225,4.0,0.7349587827609784,0.115163398231814,0.7747422257896021,0.19918986949627818
0.18,0.16,0.66,0.2185,3.37875,4.0,0.7359779663440151,0.112655200624131,0.7738669779205842,0.21304640074001224
0.18,0.18,0.64,0.2172050706795334,3.4314911002273765,4.0,0.7369231949523516,0.1105257188736131,0.7732264041744497,0.22573469033793972
0.18,0.2,0.62,0.215,3.47625,4.0,0.7377922758809409,0.1087022424185377,0.7730065847217674,0.23755279977472735
0.18,0.22,0.6,0.213,3.5175,4.0,0.7386016569025148,0.1070968592471705,0.7729527708795605,0.2484640174530626
0.18,0.24,0.58,0.215,3.56625,4.0,0.7393433015797034,0.1056483989888793,0.7725832580434165,0.25845116472783997
0.18,0.26,0.56,0.214,3.60375,4.0,0.7400273156380568,0.1043657708812923,0.7726773628082099,0.26781568452857407
0.18,0.28,0.54,0.215,3.645,4.0,0.7406718330944597,0.1031875167413254,0.7726835706953681,0.27641964420982673
0.18,0.3,0.52,0.2276073507002146,4.5,4.0,0.7410930679433996,0.0855411794878429,0.7718156945754737,0.2820870146327058
0.18,0.32,0.5,0.2276073507002146,4.5,4.0,0.7410930679433996,0.0855411794878429,0.7718156945754737,0.28208770185290133
0.18,0.34,0.48,0.2276073507002146,4.5,4.0,0.7410930679433996,0.0855411794878429,0.7718156945754737,0.28208838907309686
0.18,0.36,0.46,0.2276073507002146,4.5,4.0,0.7410930679433996,0.0855411794878429,0.7718156945754737,0.28208907629329233
0.18,0.38,0.44,0.2276073507002146,4.5,4.0,0.7410930679433996,0.0855411794878429,0.7718156945754737,0.28208976351348786
0.18,0.4,0.42,0.2276073507002146,4.5,4.0,0.7410930679433996,0.0855411794878429,0.7718156945754737,0.2820904507336834
0.18,0.42,0.4,0.2276073507002146,4.5,4.0,0.7410930679433996,0.0855411794878429,0.7718156945754737,0.28209113795387886
0.18,0.44,0.38,0.2276073507002146,4.5,4.0,0.7410930679433996,0.0855411794878429,0.7718156945754737,0.2820918251740744
0.18,0.46,0.36,0.2276073507002146,4.5,4.0,0.7410930679433996,0.0855411794878429,0.7718156945754737,0.2820925123942699
0.18,0.48,0.34,0.2276073507002146,4.5,4.0,0.7410930679433996,0.0855411794878429,0.7718156945754737,0.28209319961446544
0.18,0.5,0.32,0.2276073507002146,4.5,4.0,0.7410930679433996,0.0855411794878429,0.7718156945754737,0.2820938868346609
0.18,0.52,0.3,0.2276073507002146,4.5,4.0,0.7410930679433996,0.0855411794878429,0.7718156945754737,0.28209457405485644
0.18,0.54,0.28,0.2276073507002146,4.5,4.0,0.7410930679433996,0.0855411794878429,0.7718156945754737,0.28209526127505197
0.18,0.56,0.26,0.2276073507002146,4.5,4.0,0.7410930679433996,0.0855411794878429,0.7718156945754737,0.28209594849524744
0.18,0.58,0.24,0.2276073507002146,4.5,4.0,0.7410930679433996,0.0855411794878429,0.7718156945754737,0.28209663571544297
0.18,0.6,0.22,0.2276073507002146,4.5,4.0,0.7410930679433996,0.0855411794878429,0.7718156945754737,0.2820973229356385
0.18,0.62,0.2,0.2275993538525749,4.5,4.0,0.7410930681185189,0.0855402191635282,0.7718155183267351,0.2820980101365831
0.18,0.64,0.18,0.2275993538525749,4.5,4.0,0.7410930681185189,0.0855402191635282,0.7718155183267351,0.2820986973091403
0.18,0.66,0.16,0.2275993538525749,4.5,4.0,0.7410930681185189,0.0855402191635282,0.7718155183267351,0.2820993844816974
0.18,0.68,0.14,0.2275993538525749,4.5,4.0,0.7410930681185189,0.0855402191635282,0.7718155183267351,0.2821000716542546
0.18,0.7,0.12,0.2275993538525749,4.5,4.0,0.7410930681185189,0.0855402191635282,0.7718155183267351,0.28210075882681174
0.18,0.72,0.1,0.2275993538525749,4.5,4.0,0.7410930681185189,0.0855402191635282,0.7718155183267351,0.2821014459993689
0.18,0.74,0.08,0.2275993538525749,4.5,4.0,0.7410930681185189,0.0855402191635282,0.7718155183267351,0.2821021331719261
0.18,0.76,0.06,0.2275993538525749,4.5,4.0,0.7410930681185189,0.0855402191635282,0.7718155183267351,0.28210282034448325
0.18,0.78,0.04,0.2275993538525749,4.5,4.0,0.7410930681185189,0.0855402191635282,0.7718155183267351,0.28210350751704044
0.18,0.8,0.02,0.2275993538525749,4.5,4.0,0.7410930681185189,0.0855402191635282,0.7718155183267351,0.28210419468959763
0.18,0.82,0.0,0.227,4.5,4.0,0.7410936633319487,0.0854687603972359,0.7718038469419957,0.28211271519013786
0.2,0.0,0.8,0.2365,3.2475,4.0,0.7334745177158408,0.120330522122077,0.7756951021484104,0.19900361430962654
0.2,0.02,0.78,0.2365,3.24375,4.0,0.7334176356109491,0.1204971713739797,0.7758049797913028,0.19815249651097475
0.2,0.04,0.76,0.237,3.24,4.0,0.7333613080943461,0.1207400384717238,0.7759070057481513,0.19730967899436802
0.2,0.06,0.74,0.2385,3.23625,4.0,0.7333100033350383,0.1211397331896259,0.7760010528358653,0.19654231249459708
0.2,0.08,0.72,0.2395,3.2325,4.0,0.7332607438336587,0.121466975471772,0.7761106069510824,0.1960380616385394
0.2,0.1,0.7,0.2365,3.2325,4.0,0.7332489339910109,0.1210007718598472,0.776146009441941,0.1956311059477349
0.2,0.12,0.68,0.234,3.22875,4.0,0.7332051235427043,0.1208041006978611,0.77634882799334,0.19535711709085352
0.2,0.14,0.66,0.223,3.2775,4.0,0.734182874543665,0.117273672123361,0.7756984515939587,0.20993679626983774
0.2,0.16,0.64,0.22,3.33375,4.0,0.7351790799839841,0.1145994936614015,0.7745946662108945,0.22462105914764827
0.2,0.18,0.62,0.219,3.38625,4.0,0.7360816060097791,0.1124125728781272,0.7736850567356911,0.2381749239362755
0.2,0.2,0.6,0.2172050706795334,3.4314911002273765,4.0,0.7369231949523516,0.1105257188736131,0.7732264041744497,0.25081531552687647
0.2,0.22,0.58,0.2155,3.4725,4.0,0.7377040029139629,0.1088799960132941,0.7729833029309555,0.2627292477905649
0.2,0.24,0.56,0.215,3.51375,4.0,0.7384389691429475,0.1073969591345174,0.77275101628762,0.27366933342227695
0.2,0.26,0.54,0.2155,3.555,4.0,0.7391277494908817,0.106060161649179,0.7725534026653379,0.2839293060766004
0.2,0.28,0.52,0.2155,3.5925,4.0,0.7397696374321635,0.1048517694847775,0.7725281692165331,0.2935715601715249
0.2,0.3,0.5,0.215,3.62625,4.0,0.7403604246887387,0.1037565746777432,0.7726260056149525,0.3024465976797774
0.2,0.32,0.48,0.2125,3.6525,4.0,0.7409092566133811,0.1027487595655459,0.7729408666356331,0.3108025529241878
0.2,0.34,0.46,0.2276073507002146,4.5,4.0,0.7410930679433996,0.0855411794878429,0.7718156945754737,0.3134302250033918
0.2,0.36,0.44,0.2276073507002146,4.5,4.0,0.7410930679433996,0.0855411794878429,0.7718156945754737,0.3134309122235873
0.2,0.38,0.42,0.2276073507002146,4.5,4.0,0.7410930679433996,0.0855411794878429,0.7718156945754737,0.3134315994437828
0.2,0.4,0.4,0.2276073507002146,4.5,4.0,0.7410930679433996,0.0855411794878429,0.7718156945754737,0.3134322866639783
0.2,0.42,0.38,0.2276073507002146,4.5,4.0,0.7410930679433996,0.0855411794878429,0.7718156945754737,0.31343297388417385
0.2,0.44,0.36,0.2276073507002146,4.5,4.0,0.7410930679433996,0.0855411794878429,0.7718156945754737,0.3134336611043693
0.2,0.46,0.34,0.2276073507002146,4.5,4.0,0.7410930679433996,0.0855411794878429,0.7718156945754737,0.31343434832456485
0.2,0.48,0.32,0.2276073507002146,4.5,4.0,0.7410930679433996,0.0855411794878429,0.7718156945754737,0.3134350355447604
0.2,0.5,0.3,0.2276073507002146,4.5,4.0,0.7410930679433996,0.0855411794878429,0.7718156945754737,0.31343572276495585
0.2,0.52,0.28,0.2276073507002146,4.5,4.0,0.7410930679433996,0.0855411794878429,0.7718156945754737,0.3134364099851514
0.2,0.54,0.26,0.2276073507002146,4.5,4.0,0.7410930679433996,0.0855411794878429,0.7718156945754737,0.3134370972053469
0.2,0.56,0.24,0.2276073507002146,4.5,4.0,0.7410930679433996,0.0855411794878429,0.7718156945754737,0.3134377844255424
0.2,0.58,0.22,0.2276073507002146,4.5,4.0,0.7410930679433996,0.0855411794878429,0.7718156945754737,0.3134384716457379
0.2,0.6,0.2,0.2276073507002146,4.5,4.0,0.7410930679433996,0.0855411794878429,0.7718156945754737,0.31343915886593343
0.2,0.62,0.18,0.2276073507002146,4.5,4.0,0.7410930679433996,0.0855411794878429,0.7718156945754737,0.3134398460861289
0.2,0.64,0.16,0.2276073507002146,4.5,4.0,0.7410930679433996,0.0855411794878429,0.7718156945754737,0.31344053330632443
0.2,0.66,0.14,0.2276073507002146,4.5,4.0,0.7410930679433996,0.0855411794878429,0.7718156945754737,0.31344122052651996
0.2,0.68,0.12,0.2276073507002146,4.5,4.0,0.7410930679433996,0.0855411794878429,0.7718156945754737,0.3134419077467155
0.2,0.7,0.1,0.2276073507002146,4.5,4.0,0.7410930679433996,0.0855411794878429,0.7718156945754737,0.31344259496691096
0.2,0.72,0.08,0.2276073507002146,4.5,4.0,0.7410930679433996,0.0855411794878429,0.7718156945754737,0.3134432821871065
0.2,0.74,0.06,0.2275993538525749,4.5,4.0,0.7410930681185189,0.0855402191635282,0.7718155183267351,0.31344396938744956
0.2,0.76,0.04,0.2275993538525749,4.5,4.0,0.7410930681185189,0.0855402191635282,0.7718155183267351,0.31344465656000675
0.2,0.78,0.02,0.2275993538525749,4.5,4.0,0.7410930681185189,0.0855402191635282,0.7718155183267351,0.3134453437325639
0.2,0.8,0.0,0.2275993538525749,4.5,4.0,0.7410930681185189,0.0855402191635282,0.7718155183267351,0.3134460309051211
0.22,0.0,0.78,0.2365,3.2325,4.0,0.7332489339910109,0.1210007718598472,0.776146009441941,0.21517650995118398
0.22,0.02,0.76,0.237,3.22875,4.0,0.7331932886091169,0.1212454723792147,0.7762521931384119,0.21426035232023238
0.22,0.04,0.74,0.2375,3.225,4.0,0.7331385448919436,0.1214916177018742,0.7763611883332893,0.2133591146494243
0.22,0.06,0.72,0.238,3.22125,4.0,0.7330847100364802,0.1217392146008485,0.776473009850648,0.21247291517331152
0.22,0.08,0.7,0.2385,3.2175,4.0,0.733031791239716,0.1219882698491599,0.7765876725145632,0.2116198215949533
0.22,0.1,0.68,0.239,3.21375,4.0,0.7329797956986399,0.122238790219831,0.7767051911491096,0.21074610371589814
0.22,0.12,0.66,0.239,3.21,4.0,0.7329254420034343,0.1224109746990711,0.776829792422493,0.20985137467160997
0.22,0.14,0.64,0.224,3.23625,4.0,0.7335384524311421,0.1191980285662052,0.7768803783484125,0.2199811782006423
0.22,0.16,0.62,0.2215,3.2925,4.0,0.7344692104407272,0.1164711418057809,0.7754446103928848,0.2353549849797783
0.22,0.18,0.6,0.2205,3.345,4.0,0.7353403886802594,0.1141941042809843,0.7742972285088598,0.2497499247141279
0.22,0.2,0.58,0.2185,3.39,4.0,0.7361654592106656,0.1122186074663063,0.7736770958184397,0.26337676079337036
0.22,0.22,0.56,0.2172050706795334,3.4314911002273765,4.0,0.7369231949523516,0.1105257188736131,0.7732264041744497,0.2758959407158132
0.22,0.24,0.54,0.2155,3.46875,4.0,0.7376394980815648,0.1090136832643837,0.77301653832437,0.2877798950463075
0.22,0.26,0.52,0.215,3.50625,4.0,0.738309481036872,0.1076541804297357,0.7727925870872653,0.298906662128243
0.22,0.28,0.5,0.2144984345116586,3.5415853945110407,4.0,0.7389425453157433,0.1064145810856186,0.7726872928595904,0.3092772407322311
0.22,0.3,0.48,0.215,3.5775,4.0,0.7395358597262882,0.1052852367679837,0.772573500456168,0.319065453575826
0.22,0.32,0.46,0.214,3.6075,4.0,0.7400905571211516,0.1042486188561839,0.7726818083846557,0.3282548021937832
0.22,0.34,0.44,0.2135,3.6375,4.0,0.7406149247780626,0.1032837275221443,0.7727942221624721,0.33689655694765885
0.22,0.36,0.42,0.2276073507002146,4.5,4.0,0.7410930679433996,0.0855411794878429,0.7718156945754737,0.3447727481538822
0.22,0.38,0.4,0.2276073507002146,4.5,4.0,0.7410930679433996,0.0855411794878429,0.7718156945754737,0.3447734353740777
0.22,0.4,0.38,0.2276073507002146,4.5,4.0,0.7410930679433996,0.0855411794878429,0.7718156945754737,0.3447741225942732
0.22,0.42,0.36,0.2276073507002146,4.5,4.0,0.7410930679433996,0.0855411794878429,0.7718156945754737,0.34477480981446873
0.22,0.44,0.34,0.2276073507002146,4.5,4.0,0.7410930679433996,0.0855411794878429,0.7718156945754737,0.3447754970346642
0.22,0.46,0.32,0.2276073507002146,4.5,4.0,0.7410930679433996,0.0855411794878429,0.7718156945754737,0.34477618425485973
0.22,0.48,0.3,0.2276073507002146,4.5,4.0,0.7410930679433996,0.0855411794878429,0.7718156945754737,0.34477687147505526
0.22,0.5,0.28,0.2085,4.5,6.0,0.7356353888161817,0.0948329844996825,0.7911835009974607,0.3419931728709658
0.22,0.52,0.26,0.2010966496004539,4.5,6.0,0.7364767245947155,0.0936534642617463,0.792201159566453,0.3342280517318371
0.22,0.54,0.24,0.1944743704521894,4.5,6.0,0.7373451301649834,0.0927098952944599,0.7933632114488504,0.32737222909747365
0.22,0.56,0.22,0.1870231483912201,4.5,6.0,0.7384391881015827,0.0917600167859488,0.7949155606166473,0.32041616797737954
0.22,0.58,0.2,0.181,4.5,6.0,0.7394040605309047,0.0910685085278744,0.7963313451246546,0.3170038896498219
0.22,0.6,0.18,0.178976050230504,4.5,6.0,0.7397428898442779,0.0908498784048385,0.7968349732468932,0.32316124319349
0.22,0.62,0.16,0.1767446323417184,4.5,6.0,0.7401243668808153,0.0906162349976427,0.7974047758679359,0.3288134797564898
0.22,0.64,0.14,0.1748769944968108,4.5,6.0,0.7404497470030234,0.0904263525674839,0.7978925956131075,0.33484133239161923
0.22,0.66,0.12,0.173,4.5,6.0,0.7407820942609213,0.0902404625441367,0.7983921410239009,0.3408400278044985
0.22,0.68,0.1,0.2276073507002146,4.5,4.0,0.7410930679433996,0.0855411794878429,0.7718156945754737,0.34478374367701037
0.22,0.7,0.08,0.2276073507002146,4.5,4.0,0.7410930679433996,0.0855411794878429,0.7718156945754737,0.34478443089720584
0.22,0.72,0.06,0.2276073507002146,4.5,4.0,0.7410930679433996,0.0855411794878429,0.7718156945754737,0.34478511811740137
0.22,0.74,0.04,0.2276073507002146,4.5,4.0,0.7410930679433996,0.0855411794878429,0.7718156945754737,0.3447858053375969
0.22,0.76,0.02,0.2276073507002146,4.5,4.0,0.7410930679433996,0.0855411794878429,0.7718156945754737,0.34478649255779237
0.22,0.78,0.0,0.2276073507002146,4.5,4.0,0.7410930679433996,0.0855411794878429,0.7718156945754737,0.3447871797779879
0.24,0.0,0.76,0.2375,3.2175,4.0,0.733028704320755,0.1218328814853147,0.7766038057830189,0.23076815347464125
0.24,0.02,0.74,0.238,3.21375,4.0,0.7329753603493427,0.1220817177469083,0.7767184717341858,0.22980992500292782
0.24,0.04,0.72,0.239,3.21,4.0,0.7329254420034343,0.1224109746990711,0.776829792422493,0.2289134459243919
0.24,0.06,0.7,0.239,3.20625,4.0,0.7328714495656955,0.1225837836737279,0.7769563793461101,0.2279435859465389
0.24,0.08,0.68,0.239,3.2025,4.0,0.732817823046871,0.1227572190479768,0.7770849634858841,0.22698032349991598
0.24,0.1,0.66,0.2385,3.19875,4.0,0.7327623860272767,0.1228523244906963,0.7772234060835419,0.225984432817788
0.24,0.12,0.64,0.238,3.195,4.0,0.7327083200632128,0.1229489054093599,0.7773669466249641,0.22501325502296585
0.24,0.14,0.62,0.229,3.20625,4.0,0.7329667451061566,0.1211597582484378,0.7774511716742173,0.22972664393550984
0.24,0.16,0.6,0.223,3.255,4.0,0.7338469471191181,0.1182539319615425,0.7763766819775364,0.2456299560525955
0.24,0.18,0.58,0.222,3.3075,4.0,0.7346831154077051,0.1158917415731838,0.7749992038344996,0.26086409883593203
0.24,0.2,0.56,0.22,3.3525,4.0,0.7354826394556188,0.1138417424731395,0.7741968256612612,0.2750123017286358
0.24,0.22,0.54,0.2185,3.39375,4.0,0.736228266005117,0.112074147784174,0.7736168452298317,0.28845098560368787
0.24,0.24,0.52,0.2172050706795334,3.4314911002273765,4.0,0.7369231949523516,0.1105257188736131,0.7732264041744497,0.3009765659047499
0.24,0.26,0.5,0.2189330101863049,3.474212391163765,4.0,0.737586682794219,0.1091421024450312,0.7726280264085428,0.31297383416601626
0.24,0.28,0.48,0.2145,3.49875,4.0,0.7382039499912613,0.1078693506797938,0.7728935096491847,0.32409014218759985
0.24,0.3,0.46,0.2145,3.5325,4.0,0.7387859696954755,0.1067181597944854,0.7727187348514011,0.3346799339824426
0.24,0.32,0.44,0.215,3.56625,4.0,0.7393433015797034,0.1056483989888793,0.7725832580434165,0.3445998813329533
0.24,0.34,0.42,0.2135,3.5925,4.0,0.7398605675108065,0.1046770159721707,0.7727192926596343,0.35406704256376054
0.24,0.36,0.4,0.215,3.62625,4.0,0.7403604246887387,0.1037565746777432,0.7726260056149525,0.3629348604124435
0.24,0.38,0.38,0.213,3.64875,4.0,0.7408238312689234,0.1029025459649474,0.7728786053694683,0.3712889150366988
0.24,0.4,0.36,0.2276073507002146,4.5,4.0,0.7410930679433996,0.0855411794878429,0.7718156945754737,0.3761159585245681
0.24,0.42,0.34,0.2276073507002146,4.5,4.0,0.7410930679433996,0.0855411794878429,0.7718156945754737,0.3761166457447636
0.24,0.44,0.32,0.2249317396262705,4.5,6.0,0.7343297089821552,0.0979957766760012,0.7901950866279398,0.3709285434720083
0.24,0.46,0.3,0.2195,4.5,6.0,0.7346688828976987,0.0968602707427653,0.7903087937616982,0.34989723967214453
0.24,0.48,0.28,0.2114239394155163,4.5,6.0,0.735343905009436,0.0953382889626695,0.7908723811667729,0.33687773724679276
0.24,0.5,0.26,0.2035673305392526,4.5,6.0,0.7361800712247156,0.0940317746616062,0.7918265696073292,0.3280976557133996
0.24,0.52,0.24,0.1965,4.5,6.0,0.7370685754716012,0.0929880359032439,0.7929844785419281,0.3205100157537504
0.24,0.54,0.22,0.191,4.5,6.0,0.7378407167534086,0.092253126041269,0.7940572245681937,0.31840543031952806
0.24,0.56,0.2,0.1885,4.5,6.0,0.7382131852475989,0.0919395737883127,0.7945892249520413,0.3242544080910566
0.24,0.58,0.18,0.1865,4.5,6.0,0.7385202803230783,0.091697392732191,0.7950332255491683,0.33026320248832125
0.24,0.6,0.16,0.1843429565776892,4.5,6.0,0.7388602093056933,0.0914444505668562,0.795529378159644,0.33612947067205134
0.24,0.62,0.14,0.1822896178271306,4.5,6.0,0.739191873350354,0.0912112924658241,0.7960174061124349,0.342073709919497
0.24,0.64,0.12,0.1802716113405559,4.5,6.0,0.7395251929504648,0.0909890708581636,0.7965110890525217,0.3479332238601135
0.24,0.66,0.1,0.1785,4.5,6.0,0.7398235903061473,0.0907993950110458,0.796955290970021,0.3542503464238638
0.24,0.68,0.08,0.1765,4.5,6.0,0.7401666767480743,0.0905910753087445,0.7974681242589786,0.35983063246023983
0.24,0.7,0.06,0.1746156031408761,4.5,6.0,0.7404957147316865,0.0904001740066042,0.7979616206524376,0.36555111151995795
0.24,0.72,0.04,0.173,4.5,6.0,0.7407820942609213,0.0902404625441367,0.7983921410239009,0.3718102588184583
0.24,0.74,0.02,0.2276073507002146,4.5,4.0,0.7410930679433996,0.0855411794878429,0.7718156945754737,0.3761276412678918
0.24,0.76,0.0,0.2276073507002146,4.5,4.0,0.7410930679433996,0.0855411794878429,0.7718156945754737,0.3761283284880873
0.26,0.0,0.74,0.2405,3.2025,4.0,0.732829420579432,0.1229992097962286,0.7770750311172858,0.24640606682751812
0.26,0.02,0.72,0.239012854257923,3.199449377087153,4.0,0.7327745379674951,0.1229008130841068,0.7771908747850843,0.24503874890311877
0.26,0.04,0.7,0.241,3.195,4.0,0.7327278748207624,0.1234303525949161,0.7773345052962467,0.24453005595018615
0.26,0.06,0.68,0.241,3.19125,4.0,0.7326749381508056,0.1236056787865285,0.7774669124824171,0.24321631498445473
0.26,0.08,0.66,0.24,3.1875,4.0,0.7326131402009652,0.1236177322701338,0.7776064176885141,0.24189730642760482
0.26,0.1,0.64,0.239,3.18375,4.0,0.7325553423871383,0.12363385855925,0.7777582472344241,0.2407720528400672
0.26,0.12,0.62,0.238,3.18,4.0,0.7325015103910538,0.1236540232921338,0.7779223049327982,0.23972425201085357
0.26,0.14,0.6,0.2345,3.18,4.0,0.7325169130550312,0.1231305156138913,0.7780644321017823,0.24002797458960282
0.26,0.16,0.58,0.2245,3.22125,4.0,0.7333087437619888,0.1199321451336123,0.7773493178088166,0.2554879421104692
0.26,0.18,0.56,0.222,3.27,4.0,0.7341078267011135,0.1174901297643231,0.7760286125978666,0.2713296391257509
0.26,0.2,0.54,0.2215,3.31875,4.0,0.734879710421347,0.1153705938667699,0.7747772863821233,0.2861565888648729
0.26,0.22,0.52,0.22,3.36,4.0,0.7356054753695218,0.1135425288533602,0.7740491353205268,0.3003269884674553
0.26,0.24,0.5,0.2175,3.39375,4.0,0.7362721960048704,0.1119781493012228,0.773727372922194,0.3136538382847265
0.26,0.26,0.48,0.2172050706795334,3.4314911002273765,4.0,0.7369231949523516,0.1105257188736131,0.7732264041744497,0.32605719109368664
0.26,0.28,0.46,0.215,3.46125,4.0,0.7375346437461491,0.1092379927653597,0.7731435075839794,0.3380261735140711
0.26,0.3,0.44,0.2165,3.49875,4.0,0.7381118428065602,0.1080488856570923,0.7726835918230337,0.34926795573955205
0.26,0.32,0.42,0.2145,3.525,4.0,0.7386566728536373,0.1069706949135522,0.7727496412029674,0.3599302367157029
0.26,0.34,0.4,0.2145,3.555,4.0,0.7391731607208237,0.1059715890596512,0.772651825002658,0.37007260153092525
0.26,0.36,0.38,0.2135,3.58125,4.0,0.7396694848205834,0.1050349275830135,0.772720250635087,0.37968628114093345
0.26,0.38,0.36,0.2145,3.61125,4.0,0.7401309191161602,0.1041752776398443,0.772639957442517,0.38878797136130755
0.26,0.4,0.34,0.2249317396262705,4.5,6.0,0.7343297089821552,0.0979957766760012,0.7901950866279398,0.39410671877550624
0.26,0.42,0.32,0.2249317396262705,4.5,6.0,0.7343297089821552,0.0979957766760012,0.7901950866279398,0.3709290650546169
0.26,0.44,0.3,0.2239122915257003,4.5,6.0,0.7343859817934957,0.0977754515079422,0.7901991773814403,0.34782843264778524
0.26,0.46,0.28,0.2145,4.5,6.0,0.73506371273963,0.0958955459435705,0.7906049024018412,0.33216553292534634
0.26,0.48,0.26,0.2063165821632989,4.499999999999999,6.0,0.7358684758228224,0.0944705892814243,0.7914503778098341,0.3219409712950337
0.26,0.5,0.24,0.2005,4.5,6.0,0.736550658626713,0.0935643150089572,0.7922966156320652,0.31880869751674945
0.26,0.52,0.22,0.198,4.5,6.0,0.7368698888700842,0.0931998513761548,0.7927169605709292,0.325040781567805
0.26,0.54,0.2,0.1957059857558834,4.5,6.0,0.7371758653163822,0.0928779416366976,0.7931305826065488,0.33101397952231487
0.26,0.56,0.18,0.1935,4.5,6.0,0.7374814525190594,0.0925792546753768,0.793552310964122,0.33697948234990677
0.26,0.58,0.16,0.1915,4.5,6.0,0.7377677891473248,0.0923173268838753,0.793954022419693,0.3433343052315565
0.26,0.6,0.14,0.1892580628783082,4.5,6.0,0.7380988829264085,0.0920333572043786,0.7944251456106158,0.3490323360880885
0.26,0.62,0.12,0.1871950783010619,4.5,6.0,0.7384126548050428,0.091780708895032,0.7948771239501681,0.3551573360402777
0.26,0.64,0.1,0.1851668971539313,4.5,6.0,0.7387293186079749,0.0915400802849347,0.7953378056940326,0.36133868849496203
0.26,0.66,0.08,0.1832230505249713,4.5,6.0,0.7390401456004971,0.0913163840842229,0.7957937102441327,0.3674059547914848
0.26,0.68,0.06,0.1815,4.5,6.0,0.7393214443922116,0.0911235400174082,0.7962089666042862,0.37299352353263937
0.26,0.7,0.04,0.1795,4.5,6.0,0.7396545069981215,0.0909058504053322,0.796703354468474,0.37939773880752015
0.26,0.72,0.02,0.1778446193240166,4.5,6.0,0.7399353027852353,0.0907304654800734,0.7971220509820283,0.3848782788423358
0.26,0.74,0.0,0.1762001203617399,4.5,6.0,0.7402186706177721,0.0905603533834623,0.797546008538298,0.3907396174993581
0.28,0.0,0.72,0.2375,3.19125,4.0,0.7326556251869203,0.1230469593834162,0.7775155859149181,0.2613832195498508
0.28,0.02,0.7,0.2375,3.1875,4.0,0.7326038332239716,0.1232229203014935,0.7776539460581787,0.26029742086115437
0.28,0.04,0.68,0.2375,3.18375,4.0,0.7325524315094087,0.1233995172366846,0.7777943673588852,0.2592198282561109
0.28,0.06,0.66,0.2375,3.18,4.0,0.7325014247046797,0.1235767520931652,0.7779368613829606,0.25815053916762815
0.28,0.08,0.64,0.2415,3.1725,4.0,0.7324214757981787,0.1245751106764811,0.7781579408114332,0.25676034957995786
0.28,0.1,0.62,0.24,3.16875,4.0,0.7323573908470457,0.1245071075209468,0.7783152540337621,0.25512887316904914
0.28,0.12,0.6,0.2385,3.165,4.0,0.7323015099074155,0.1244474879261606,0.778496108314603,0.2539571286833563
0.28,0.14,0.58,0.238,3.16125,4.0,0.7322520159488031,0.1245498302750516,0.7786634402335507,0.2529196729966044
0.28,0.16,0.56,0.2265,3.19125,4.0,0.7328334501265062,0.1215500798830792,0.7782669474549062,0.26514600004354427
0.28,0.18,0.54,0.224,3.24,4.0,0.7335922359633273,0.1190301290365206,0.7767539389547409,0.2814116904291258
0.28,0.2,0.52,0.222,3.285,4.0,0.7343346241095655,0.1168437396348553,0.7755950584512521,0.2967721676364206
0.28,0.22,0.5,0.2205,3.32625,4.0,0.7350385518787841,0.1149574441764594,0.7747095460119102,0.31150744563249133
0.28,0.24,0.48,0.2195,3.36375,4.0,0.7356876033878073,0.1133434690752761,0.7740309054940713,0.3255701740530599
0.28,0.26,0.46,0.219,3.40125,4.0,0.7363334211355496,0.1118358036937475,0.7734486255883108,0.3387351917790955
0.28,0.28,0.44,0.2172050706795334,3.4314911002273765,4.0,0.7369231949523516,0.1105257188736131,0.7732264041744497,0.3511378162826234
0.28,0.3,0.42,0.216,3.46125,4.0,0.7374872694703509,0.1093277169436409,0.7730316880050818,0.36314879241418224
0.28,0.32,0.4,0.2155,3.49125,4.0,0.7380271984134902,0.1082189124325236,0.7728359714224715,0.3744552276662054
0.28,0.34,0.38,0.217,3.525,4.0,0.7385452501429367,0.1071967361083538,0.7725023423197062,0.3852486694975797
0.28,0.36,0.36,0.2135,3.54375,4.0,0.7390278643919829,0.1062567007094495,0.7727865919984002,0.39557394778226057
0.28,0.38,0.34,0.2249317396262705,4.5,6.0,0.7343297089821552,0.0979957766760012,0.7901950866279398,0.3941072403581148
0.28,0.4,0.32,0.2249317396262705,4.5,6.0,0.7343297089821552,0.0979957766760012,0.7901950866279398,0.3709295866372255
0.28,0.42,0.3,0.2249317396262705,4.5,6.0,0.7343297089821552,0.0979957766760012,0.7901950866279398,0.3477519329163361
0.28,0.44,0.28,0.2178963573071295,4.5,6.0,0.7347871244806933,0.096542687042311,0.7903844440441309,0.3280808706239372
0.28,0.46,0.26,0.2105,4.5,6.0,0.7354334078915412,0.0951760939363765,0.7909648316307751,0.3201333345327267
0.28,0.48,0.24,0.2076469440994266,4.5,6.0,0.73572491187693,0.0946899044978953,0.7912843278130435,0.3259623844670756
0.28,0.5,0.22,0.205,4.5,6.0,0.7360152174245633,0.0942580543133355,0.791625061845838,0.3320657225639899
0.28,0.52,0.2,0.2025,4.5,6.0,0.736306328646936,0.093866517902371,0.7919842509279714,0.33818595380678745
0.28,0.54,0.18,0.2004750972079673,4.5,6.0,0.7365537635775192,0.0935606125116221,0.7923006411635874,0.3440724648750583
0.28,0.56,0.16,0.198,4.5,6.0,0.7368698888700842,0.0931998513761548,0.7927169605709292,0.3500337832014754
0.28,0.58,0.14,0.196,4.5,6.0,0.7371359681203827,0.0929185463694839,0.7930761243055847,0.3560112098245558
0.28,0.6,0.12,0.194,4.5,6.0,0.7374112348340436,0.0926460411956752,0.7934547229914676,0.36233871918684724
0.28,0.62,0.1,0.192,4.5,6.0,0.7376953943162413,0.0923820354751585,0.7938519168637095,0.36846143429259365
0.28,0.64,0.08,0.1897963921095481,4.5,6.0,0.7380184263813506,0.0921006347366382,0.7943100724310915,0.37417873548800196
0.28,0.66,0.06,0.188,4.5,6.0,0.7382892128069448,0.091878320875721,0.7946987311077972,0.3801377865597844
0.28,0.68,0.04,0.1861114910480337,4.5,6.0,0.7385808474241301,0.0916512125680222,0.7951212924756683,0.38603825427384647
0.28,0.7,0.02,0.1843429565776892,4.5,6.0,0.7388602093056933,0.0914444505668562,0.795529378159644,0.3921261382800499
0.28,0.72,0.0,0.1825,4.5,6.0,0.7391575387680337,0.0912348493300902,0.7959667251828625,0.3981238565992042
0.3,0.0,0.7,0.2395,3.17625,4.0,0.7324553873016071,0.124068772805043,0.7780327155972505,0.27554164127970643
0.3,0.02,0.68,0.239,3.1725,4.0,0.73240254335093,0.1241674809283569,0.7781869242965224,0.27435440036978664
0.3,0.04,0.66,0.2385,3.16875,4.0,0.732351110375478,0.1242676834224977,0.7783463452537577,0.2731989471959697
0.3,0.06,0.64,0.238,3.165,4.0,0.7323010884074919,0.1243693778669139,0.778510979273724,0.2720752808446393
0.3,0.08,0.62,0.238,3.16125,4.0,0.7322520159488031,0.1245498302750516,0.7786634402335507,0.2709729563843619
0.3,0.1,0.6,0.241,3.15375,4.0,0.7321674166852045,0.125394118700608,0.7789048359239159,0.2690707512619415
0.3,0.12,0.58,0.2385,3.15,4.0,0.7321073300054857,0.1251731987599489,0.77911654100259,0.26772032205042895
0.3,0.14,0.56,0.2385,3.14625,4.0,0.7320598638298222,0.1253562591940579,0.7792770521153545,0.2666541820522677
0.3,0.16,0.54,0.228,3.16125,4.0,0.7324019081735167,0.1231580280495223,0.7793631915565247,0.27436235677162146
0.3,0.18,0.52,0.225,3.21,4.0,0.7331357744052531,0.1205040252898594,0.7777065199097962,0.29106164464677836
0.3,0.2,0.5,0.223,3.255,4.0,0.7338469471191181,0.1182539319615425,0.7763766819775364,0.3070302212595877
0.3,0.22,0.48,0.2215,3.29625,4.0,0.7345270786916961,0.1163121847118465,0.7753439634104375,0.32223385177207853
0.3,0.24,0.46,0.22,3.33375,4.0,0.7351790799839841,0.1145994936614015,0.7745946662108945,0.3369227501701894
0.3,0.26,0.44,0.2206615691514306,3.372695539050833,4.0,0.7357892825164072,0.11310859794704,0.7737469515866182,0.35066976756000195
0.3,0.28,0.42,0.218,3.40125,4.0,0.7363758249411365,0.1117384966581578,0.7735545669105623,0.36388555712130094
0.3,0.3,0.4,0.2172050706795334,3.4314911002273765,4.0,0.7369231949523516,0.1105257188736131,0.7732264041744497,0.3762184414715601
0.3,0.32,0.38,0.2155,3.4575,4.0,0.7374463360254457,0.1094177203626841,0.7731239908746679,0.3884057018203487
0.3,0.34,0.36,0.217,3.49125,4.0,0.7379604251442055,0.1083563631987977,0.7726831490822782,0.3995887619327679
0.3,0.36,0.34,0.2249317396262705,4.5,6.0,0.7343297089821552,0.0979957766760012,0.7901950866279398,0.39410776194072333
0.3,0.38,0.32,0.2249317396262705,4.5,6.0,0.7343297089821552,0.0979957766760012,0.7901950866279398,0.370930108219834
0.3,0.4,0.3,0.2249317396262705,4.5,6.0,0.7343297089821552,0.0979957766760012,0.7901950866279398,0.34775245449894465
0.3,0.42,0.28,0.2216654048048889,4.5,6.0,0.7345221545120306,0.0973017121196602,0.7902366168867487,0.32530628176384746
0.3,0.44,0.26,0.2178963573071295,4.5,6.0,0.7347871244806933,0.096542687042311,0.7903844440441309,0.32811315742861846
0.3,0.46,0.24,0.215,4.5,6.0,0.7350208031383492,0.0959886845726643,0.7905674242551237,0.333722917524754
0.3,0.48,0.22,0.2121772685789945,4.5,6.0,0.7352727380163941,0.0954722882166482,0.790801090857092,0.33921577326318203
0.3,0.5,0.2,0.2095,4.5,6.0,0.735533001272182,0.0950031857936595,0.7910710283936068,0.34491383936073466
0.3,0.52,0.18,0.207,4.5,6.0,0.7357941286078628,0.0945826757650659,0.7913637474819519,0.3507957233116118
0.3,0.54,0.16,0.2045,4.5,6.0,0.7360721438887048,0.0941784968622498,0.7916940504109271,0.3570580404932317
0.3,0.56,0.14,0.2025,4.5,6.0,0.736306328646936,0.093866517902371,0.7919842509279714,0.3630390120317118
0.3,0.58,0.12,0.2,4.5,6.0,0.7366132917779737,0.093490256595258,0.7923780715523696,0.36924720211819656
0.3,0.6,0.1,0.198,4.5,6.0,0.7368698888700842,0.0931998513761548,0.7927169605709292,0.3750267848351456
0.3,0.62,0.08,0.196,4.5,6.0,0.7371359681203827,0.0929185463694839,0.7930761243055847,0.3810199109025686
0.3,0.64,0.06,0.194,4.5,6.0,0.7374112348340436,0.0926460411956752,0.7934547229914676,0.3872199339342094
0.3,0.66,0.04,0.192,4.5,6.0,0.7376953943162413,0.0923820354751585,0.7938519168637095,0.3936202078793708
0.3,0.68,0.02,0.190485127132904,4.5,6.0,0.7379163655672477,0.0921875411722515,0.7941646286979006,0.39929724640331155
0.3,0.7,0.0,0.1885,4.5,6.0,0.7382131852475989,0.0919395737883127,0.7945892249520413,0.4052821234678121
0.32,0.0,0.68,0.238,3.165,4.0,0.7323010884074919,0.1243693778669139,0.778510979273724,0.2902022745125489
0.32,0.02,0.66,0.238,3.16125,4.0,0.7322520159488031,0.1245498302750516,0.7786634402335507,0.28902623977211944
0.32,0.04,0.64,0.241,3.15375,4.0,0.7321674166852045,0.125394118700608,0.7789048359239159,0.2869968389020783
0.32,0.06,0.62,0.239,3.15,4.0,0.7321080836801045,0.1252521525829643,0.779101326056245,0.2855743287243133
0.32,0.08,0.6,0.2385,3.14625,4.0,0.7320598638298222,0.1253562591940579,0.7792770521153545,0.28441882186699063
0.32,0.1,0.58,0.242,3.13875,4.0,0.7319857056103596,0.126295052773275,0.7795275824970361,0.28271303640401496
0.32,0.12,0.56,0.239,3.135,4.0,0.7319204318928735,0.1259883408748769,0.779754187117209,0.28107512471815804
0.32,0.14,0.54,0.2404075065306343,3.128839694115445,4.0,0.7318499788266458,0.1265205800220512,0.7799909774958722,0.27938564445070446
0.32,0.16,0.52,0.2305,3.135,4.0,0.7320175133976351,0.1247580900883238,0.7803086748110294,0.28348338712888665
0.32,0.18,0.5,0.2255,3.18,4.0,0.7327196866339579,0.1219622339216214,0.7788373409120418,0.30060920624392035
0.32,0.2,0.48,0.2245,3.22875,4.0,0.733414087087865,0.1195920490771301,0.7770835798741582,0.3169696456397553
0.32,0.22,0.46,0.223,3.27,4.0,0.7340696959924888,0.1175980400870554,0.7759170343994914,0.33272329462734884
0.32,0.24,0.44,0.222,3.3075,4.0,0.7346831154077051,0.1158917415731838,0.7749992038344996,0.34781205720042335
0.32,0.26,0.42,0.2214788504840721,3.3441341051031594,4.0,0.7352885666883326,0.1143307125775361,0.7742143600199005,0.3620341974907152
0.32,0.28,0.4,0.2185,3.37125,4.0,0.7358537906446458,0.112948960197293,0.774001290261514,0.37581269148454177
0.32,0.3,0.38,0.2175,3.40125,4.0,0.7363979452032963,0.1116908168230804,0.7736097937229633,0.3889294593995167
0.32,0.32,0.36,0.2172050706795334,3.4314911002273765,4.0,0.7369231949523516,0.1105257188736131,0.7732264041744497,0.4012990666604968
0.32,0.34,0.34,0.2249317396262705,4.5,6.0,0.7343297089821552,0.0979957766760012,0.7901950866279398,0.3941082835233319
0.32,0.36,0.32,0.2249317396262705,4.5,6.0,0.7343297089821552,0.0979957766760012,0.7901950866279398,0.37093062980244257
0.32,0.38,0.3,0.2249317396262705,4.5,6.0,0.7343297089821552,0.0979957766760012,0.7901950866279398,0.3477529760815532
0.32,0.4,0.28,0.2295,4.5,6.0,0.7341210177122994,0.0990255880121368,0.7902791138405515,0.33437547148312796
0.32,0.42,0.26,0.2255842493438246,4.499999999999998,6.0,0.7342955227079574,0.0981385884891747,0.7901967682814091,0.33816922059414134
0.32,0.44,0.24,0.2225,4.5,6.0,0.7344696406804044,0.097475793121144,0.7902181953780355,0.3430079465600457
0.32,0.46,0.22,0.2191257732727781,4.5,6.0,0.7346957538802515,0.0967854559145063,0.7903247782933056,0.3477843912064243
0.32,0.48,0.2,0.2165,4.5,6.0,0.7348965879020105,0.0962724892732105,0.7904653220693295,0.35318024400239434
0.32,0.5,0.18,0.2135384125402995,4.5,6.0,0.735148324376376,0.0957184540978362,0.7906817470818633,0.3586577442157173
0.32,0.52,0.16,0.211,4.5,6.0,0.7353846705239969,0.0952635748095895,0.7909141194930578,0.3643362314960783
0.32,0.54,0.14,0.2085,4.5,6.0,0.7356353888161817,0.0948329844996825,0.7911835009974607,0.3703600773853793
0.32,0.56,0.12,0.2065,4.5,6.0,0.7358483990468448,0.0945005522681636,0.7914268538458008,0.3759474855307329
0.32,0.58,0.1,0.2040373673727001,4.5,6.0,0.7361253972411222,0.0941054461583427,0.7917591640119342,0.38213303210298555
0.32,0.6,0.08,0.202,4.5,6.0,0.736366471538877,0.0937900624063634,0.7920602970147741,0.3879249867585052
0.32,0.62,0.06,0.2,4.5,6.0,0.7366132917779737,0.093490256595258,0.7923780715523696,0.39385495221849964
0.32,0.64,0.04,0.198,4.5,6.0,0.7368698888700842,0.0931998513761548,0.7927169605709292,0.40001978646881603
0.32,0.66,0.02,0.1961935386622409,4.5,6.0,0.7371098135856657,0.0929453786927807,0.7930405054979096,0.40578389344051424
0.32,0.68,0.0,0.1944743704521894,4.5,6.0,0.7373451301649834,0.0927098952944599,0.7933632114488504,0.41221098311351717
0.34,0.0,0.66,0.2395,3.15,4.0,0.7321096180736478,0.1253319571634138,0.7790880781491234,0.303450501122955
0.34,0.02,0.64,0.2385,3.14625,4.0,0.7320598638298222,0.1253562591940579,0.7792770521153545,0.30218346168171356
0.34,0.04,0.62,0.2385,3.1425,4.0,0.7320128384969818,0.1255399765267828,0.7794397475362728,0.30098598115923675
0.34,0.06,0.6,0.2415,3.135,4.0,0.731933728268781,0.1263959583966731,0.7796961278567635,0.2989697036771564
0.34,0.08,0.58,0.239,3.13125,4.0,0.731874643508502,0.1261740396347362,0.7799229158893904,0.2974644120201558
0.34,0.1,0.56,0.2435,3.12375,4.0,0.731819674802948,0.1272968510998134,0.7801828568175366,0.29607034747228694
0.34,0.12,0.54,0.2395,3.12,4.0,0.7317406764638672,0.1268149303143048,0.7804245581652319,0.2940508096911796
0.34,0.14,0.52,0.2404105931983237,3.113410374684605,4.0,0.7316663870628489,0.1272939140844898,0.7807077363461943,0.29215761573893956
0.34,0.16,0.5,0.234,3.1125,4.0,0.7316907327600054,0.1263606219988015,0.781097156307453,0.29314530796602156
0.34,0.18,0.48,0.228,3.1575,4.0,0.7323554012649882,0.1233391599950138,0.7795289991462538,0.30975055237390225
0.34,0.2,0.46,0.2255,3.2025,4.0,0.7330166960065255,0.1209081381653663,0.7779355829311067,0.32663270169690617
0.34,0.22,0.44,0.224,3.24375,4.0,0.7336463536837231,0.1188628397352859,0.77662945380064,0.3427081550743852
0.34,0.24,0.42,0.2225,3.28125,4.0,0.7342583756179838,0.1170580672080415,0.7756455174151808,0.35833437547291525
0.34,0.26,0.4,0.221,3.315,4.0,0.7348399253959714,0.1154738217667981,0.7749215426660271,0.37318334207883896
0.34,0.28,0.38,0.2195,3.345,4.0,0.7353814188579894,0.1140929024834073,0.7744063254273212,0.3874609224270206
0.34,0.3,0.36,0.2185,3.375,4.0,0.7359157934321922,0.1128018093944671,0.7739333539531503,0.40105002627123043
0.34,0.32,0.34,0.2249317396262705,4.5,6.0,0.7343297089821552,0.0979957766760012,0.7901950866279398,0.39410880510594043
0.34,0.34,0.32,0.2249317396262705,4.5,6.0,0.7343297089821552,0.0979957766760012,0.7901950866279398,0.3709311513850511
0.34,0.36,0.3,0.2325,4.5,6.0,0.7340238346381046,0.0997409018386159,0.7904287511387832,0.3523656389814365
0.34,0.38,0.28,0.2385,4.5,6.0,0.733928781181278,0.1012689451527324,0.7909654943971817,0.34994089600659734
0.34,0.4,0.26,0.2340995299006754,4.5,6.0,0.7339853507225877,0.1001353599953437,0.7905403211350417,0.35138246652445426
0.34,0.42,0.24,0.23,4.5,6.0,0.7341025868602972,0.0991426184813296,0.7902987423159424,0.3543735845649337
0.34,0.44,0.22,0.2265,4.5,6.0,0.7342499788902999,0.098341394364645,0.7902048538210572,0.35813515637646204
0.34,0.46,0.2,0.2235,4.5,6.0,0.7344097235770696,0.0976873071150914,0.7902031368738697,0.36221242075574395
0.34,0.48,0.18,0.2205,4.5,6.0,0.7345992571775721,0.0970623124824272,0.7902711287925582,0.36705037585843026
0.34,0.5,0.16,0.2175,4.5,6.0,0.7348175850967711,0.0964653966856032,0.7904059953706923,0.37262360016133933
0.34,0.52,0.14,0.215,4.5,6.0,0.7350208031383492,0.0959886845726643,0.7905674242551237,0.3778111257928736
0.34,0.54,0.12,0.2125,4.5,6.0,0.7352427509677487,0.0955301809578158,0.7907716855106125,0.38347687200748737
0.34,0.56,0.1,0.21,4.5,6.0,0.7354828530091384,0.0950892991622101,0.7910171389714001,0.38960612712538495
0.34,0.58,0.08,0.208,4.5,6.0,0.7356876188879246,0.0947488871873945,0.7912420579364557,0.3948331539785984
0.34,0.6,0.06,0.2058957442686004,4.5,6.0,0.7359148804048492,0.0944021701412745,0.7915051061163535,0.400645930839126
0.34,0.62,0.04,0.2039342756892223,4.5,6.0,0.736137339801032,0.0940892408398232,0.7917738403875606,0.40694284471395636
0.34,0.64,0.02,0.202,4.5,6.0,0.736366471538877,0.0937900624063634,0.7920602970147741,0.4131045722417913
0.34,0.66,0.0,0.1999704256521994,4.5,6.0,0.7366170156328152,0.0934858945865886,0.792382931029093,0.418711416640461
0.36,0.0,0.64,0.2385,3.13875,4.0,0.7319662586684124,0.1257243526622992,0.779604638831268,0.3174239130477796
0.36,0.02,0.62,0.2415,3.13125,4.0,0.7318873669068099,0.1265816550479984,0.7798618930277461,0.31529461862495267
0.36,0.04,0.6,0.2395,3.1275,4.0,0.7318301683464529,0.1264402041295991,0.7800771023086597,0.31375159711878
0.36,0.06,0.58,0.239,3.12375,4.0,0.7317844488448169,0.1265474325079412,0.7802670706035447,0.3125188211857875
0.36,0.08,0.56,0.2405,3.11625,4.0,0.731700007162481,0.1271654694997148,0.78057047218223,0.31023963345341427
0.36,0.1,0.54,0.2404419499255741,3.110246750915058,4.0,0.7316298701118041,0.1274589101089574,0.7808585201901704,0.30847021932323276
0.36,0.12,0.52,0.2395,3.105,4.0,0.7315674034879086,0.1275724398781093,0.7811466967477848,0.3066617272323466
0.36,0.14,0.5,0.2415,3.0975,4.0,0.7314912590095104,0.1282830479023728,0.7814549931599816,0.3046069167650375
0.36,0.16,0.48,0.2395,3.09375,4.0,0.7314425925321058,0.1281476820775872,0.7817124885220151,0.3032944065620395
0.36,0.18,0.46,0.229,3.13125,4.0,0.7320127377078278,0.1247505139100346,0.7806408023582954,0.3188634681776317
0.36,0.2,0.44,0.226,3.17625,4.0,0.7326543684528813,0.1221986486163856,0.7789370613051182,0.33605014511993336
0.36,0.22,0.42,0.2245,3.2175,4.0,0.7332566055003845,0.1201031217854352,0.7774851960411288,0.3525261230270303
0.36,0.24,0.4,0.223,3.255,4.0,0.7338469471191181,0.1182539319615425,0.7763766819775364,0.36843048646657983
0.36,0.26,0.38,0.2215,3.28875,4.0,0.734411612821421,0.1166306826307801,0.7755470598780974,0.38378220890906245
0.36,0.28,0.36,0.221,3.3225,4.0,0.7349587827609784,0.115163398231814,0.7747422257896021,0.3983611329748843
0.36,0.3,0.34,0.2249317396262705,4.5,6.0,0.7343297089821552,0.0979957766760012,0.7901950866279398,0.394109326688549
0.36,0.32,0.32,0.231,4.5,6.0,0.7340683917500366,0.0993792915416874,0.7903443331919232,0.3742921298351034
0.36,0.34,0.3,0.2396414702732897,4.5,6.0,0.7339261974148604,0.1015748709228755,0.7911049014681215,0.3704511457733802
0.36,0.36,0.28,0.2396414702732897,4.5,6.0,0.7339261974148604,0.1015748709228755,0.7911049014681215,0.37045057027908324
0.36,0.38,0.26,0.2396414702732897,4.5,6.0,0.7339261974148604,0.1015748709228755,0.7911049014681215,0.37044999478478635
0.36,0.4,0.24,0.239,4.5,6.0,0.7339270267689157,0.1014023382880828,0.7910250552586989,0.3704714709144394
0.36,0.42,0.22,0.235,4.5,6.0,0.7339678412345525,0.1003615004459275,0.7906130734929908,0.3715722299410344
0.36,0.44,0.2,0.231,4.5,6.0,0.7340683917500366,0.0993792915416874,0.7903443331919232,0.3742882935277068
0.36,0.46,0.18,0.2275,4.5,6.0,0.7342035223252988,0.0985660636952207,0.7902214068587098,0.3779396676540983
0.36,0.48,0.16,0.2245,4.5,6.0,0.7343531163530385,0.0979020536220266,0.7901958237992457,0.38198235994593743
0.36,0.5,0.14,0.2216654048048889,4.5,6.0,0.7345221545120306,0.0973017121196602,0.7902366168867487,0.3866012923655885
0.36,0.52,0.12,0.219,4.5,6.0,0.7347048840095244,0.0967604080908507,0.7903303798870965,0.3918267123199615
0.36,0.54,0.1,0.2165,4.5,6.0,0.7348965879020105,0.0962724892732105,0.7904653220693295,0.39731307627204293
0.36,0.56,0.08,0.214,4.5,6.0,0.735107366927817,0.0958031309609695,0.7906440807220748,0.40246776799920175
0.36,0.58,0.06,0.2117555523406859,4.5,6.0,0.7353123762779632,0.0953970797042598,0.7908405438125776,0.40827484943978903
0.36,0.6,0.04,0.2095,4.5,6.0,0.735533001272182,0.0950031857936595,0.7910710283936068,0.41387232745695385
0.36,0.62,0.02,0.2075,4.5,6.0,0.7357405336866871,0.0946654525069993,0.7913021444717282,0.41993141045095334
0.36,0.64,0.0,0.2055,4.5,6.0,0.7359589480598018,0.0943382462357292,0.79155752414907,0.4258599658181443
0.38,0.0,0.62,0.24,3.12375,4.0,0.7317867107164034,0.1267078897623939,0.780234311648146,0.32993418685773757
0.38,0.02,0.6,0.242628324640932,3.117803505564444,4.0,0.7317362522181675,0.1274440829848427,0.7804586843043467,0.32849767558252396
0.38,0.04,0.58,0.2415,3.1125,4.0,0.7316625149881455,0.1275201412185956,0.7807242254286574,0.32640292316730185
0.38,0.06,0.56,0.239,3.10875,4.0,0.7316097184582163,0.1273022529852127,0.7809824925568715,0.32489364148319366
0.38,0.08,0.54,0.2415,3.10125,4.0,0.73153333556202,0.1280913038024513,0.7812688464792411,0.32271752584543945
0.38,0.1,0.52,0.2426580686116522,3.095242080133884,4.0,0.7314762015633375,0.1285950159421767,0.7815434717168793,0.3210906541923392
0.38,0.12,0.5,0.2395,3.09,4.0,0.7314019935081151,0.1283407939238018,0.7819057546721239,0.31897645609767955
0.38,0.14,0.48,0.2405,3.0825,4.0,0.7313235853747412,0.1288912338852224,0.7822571720447338,0.3167426406903528
0.38,0.16,0.46,0.241,3.075,4.0,0.7312470902206069,0.1293646436056548,0.7826384263862305,0.3145634528687057
0.38,0.18,0.44,0.2295,3.105,4.0,0.7317064654677623,0.1261330047725621,0.7819099689072025,0.32791500950216573
0.38,0.2,0.42,0.2275,3.15375,4.0,0.732324481378615,0.1234595166778448,0.7797516179702297,0.34530416956240334
0.38,0.22,0.4,0.2255,3.195,4.0,0.7329161240384041,0.1212569664119982,0.7782277904063779,0.36218588091788373
0.38,0.24,0.38,0.224,3.2325,4.0,0.733485007748615,0.1193665402285152,0.7770087835475783,0.378419140501943
0.38,0.26,0.36,0.2225,3.26625,4.0,0.7340323862567846,0.1177068164945526,0.7760845963853378,0.39403958228455876
0.38,0.28,0.34,0.23,4.5,6.0,0.7341025868602972,0.0991426184813296,0.7902987423159424,0.39632919799937005
0.38,0.3,0.32,0.2396414702732897,4.5,6.0,0.7339261974148604,0.1015748709228755,0.7911049014681215,0.3910267032652772
0.38,0.32,0.3,0.2396414702732897,4.5,6.0,0.7339261974148604,0.1015748709228755,0.7911049014681215,0.39102612777098034
0.38,0.34,0.28,0.2396414702732897,4.5,6.0,0.7339261974148604,0.1015748709228755,0.7911049014681215,0.3910255522766834
0.38,0.36,0.26,0.2396414702732897,4.5,6.0,0.7339261974148604,0.1015748709228755,0.7911049014681215,0.3910249767823865
0.38,0.38,0.24,0.2396414702732897,4.5,6.0,0.7339261974148604,0.1015748709228755,0.7911049014681215,0.3910244012880896
0.38,0.4,0.22,0.2396414702732897,4.5,6.0,0.7339261974148604,0.1015748709228755,0.7911049014681215,0.3910238257937927
0.38,0.42,0.2,0.2396414702732897,4.5,6.0,0.7339261974148604,0.1015748709228755,0.7911049014681215,0.39102325029949575
0.38,0.44,0.18,0.2355,4.5,6.0,0.733959424262752,0.1004883496251315,0.7906565999221831,0.3919686883224253
0.38,0.46,0.16,0.232,4.5,6.0,0.7340377827954785,0.0996194787208798,0.79039845677701,0.39444737628537235
0.38,0.48,0.14,0.2285651249512418,4.5,6.0,0.7341578434440424,0.0988090858252026,0.7902480206941989,0.3976268782415217
0.38,0.5,0.12,0.2255,4.5,6.0,0.7342998558451641,0.0981200701893956,0.790196361124772,0.4016778039067528
0.38,0.52,0.1,0.2227345859715467,4.5,6.0,0.7344552897613159,0.0975251231130309,0.7902139730431464,0.40628457547565455
0.38,0.54,0.08,0.22,4.5,6.0,0.7346336724188457,0.0969609039754805,0.7902890390230768,0.4112009273219945
0.38,0.56,0.06,0.2175,4.5,6.0,0.7348175850967711,0.0964653966856032,0.7904059953706923,0.416447830546603
0.38,0.58,0.04,0.2152578895529996,4.5,6.0,0.7349989638336927,0.0960370079460776,0.790548762715346,0.42176924353775674
0.38,0.6,0.02,0.213,4.5,6.0,0.735196890646483,0.095620453161523,0.7907274853977866,0.42726929489953047
0.38,0.62,0.0,0.211,4.5,6.0,0.7353846705239969,0.0952635748095895,0.7909141194930578,0.43341403490379965
0.4,0.0,0.6,0.2404419499255741,3.110246750915058,4.0,0.7316298701118041,0.1274589101089574,0.7808585201901704,0.34272391662704144
0.4,0.02,0.58,0.2405,3.105,4.0,0.7315700744782572,0.1277346077161046,0.781111870916701,0.34079427358044695
0.4,0.04,0.56,0.239,3.10125,4.0,0.7315252573184653,0.1276837110560882,0.7813539448508164,0.3394513517310212
0.4,0.06,0.54,0.24,3.09375,4.0,0.7314431832170559,0.1282283329733427,0.7816922570542715,0.33698958249175204
0.4,0.08,0.52,0.242,3.08625,4.0,0.7313715623475132,0.1289465006109972,0.7820139196748005,0.3348723245768334
0.4,0.1,0.5,0.244,3.07875,4.0,0.7313129110552499,0.1296814960516401,0.7823674338467453,0.3331267386516829
0.4,0.12,0.48,0.2430212080951415,3.073090217085962,4.0,0.7312416964124533,0.1298065787953727,0.7826825091566233,0.33094803951394053
0.4,0.14,0.46,0.24,3.0675,4.0,0.7311690318249118,0.1295945691324314,0.7830906131498616,0.32876873365557574
0.4,0.16,0.44,0.2423370922740524,3.05790207588867,4.0,0.7310831460188787,0.1304910473247953,0.7835351641076589,0.32619286123906466
0.4,0.18,0.42,0.231,3.0825,4.0,0.7314337599862475,0.1274853602242815,0.7829635200784648,0.33676843717211824
0.4,0.2,0.4,0.229,3.13125,4.0,0.7320127377078278,0.1247505139100346,0.7806408023582954,0.3542865492352806
0.4,0.22,0.38,0.2265,3.1725,4.0,0.7325899243193098,0.1224364286035353,0.7790394917420298,0.3714482442245305
0.4,0.24,0.36,0.225,3.21,4.0,0.7331357744052531,0.1205040252898594,0.7777065199097962,0.38806977059478054
0.4,0.26,0.34,0.223,3.24375,4.0,0.7336831895000542,0.1187521723026492,0.7767414537087607,0.40428755229983376
0.4,0.28,0.32,0.2396542739810095,4.5,6.0,0.7339261971828457,0.101578330709001,0.7911065346407476,0.41160168510491413
0.4,0.3,0.3,0.2396542739810095,4.5,6.0,0.7339261971828457,0.101578330709001,0.7911065346407476,0.41160110965656843
0.4,0.32,0.28,0.2396542739810095,4.5,6.0,0.7339261971828457,0.101578330709001,0.7911065346407476,0.4116005342082228
0.4,0.34,0.26,0.2396542739810095,4.5,6.0,0.7339261971828457,0.101578330709001,0.7911065346407476,0.4115999587598771
0.4,0.36,0.24,0.2396414702732897,4.5,6.0,0.7339261974148604,0.1015748709228755,0.7911049014681215,0.41159938328568973
0.4,0.38,0.22,0.2396414702732897,4.5,6.0,0.7339261974148604,0.1015748709228755,0.7911049014681215,0.41159880779139285
0.4,0.4,0.2,0.2396414702732897,4.5,6.0,0.7339261974148604,0.1015748709228755,0.7911049014681215,0.4115982322970959
0.4,0.42,0.18,0.2396414702732897,4.5,6.0,0.7339261974148604,0.1015748709228755,0.7911049014681215,0.41159765680279903
0.4,0.44,0.16,0.2396414702732897,4.5,6.0,0.7339261974148604,0.1015748709228755,0.7911049014681215,0.4115970813085021
0.4,0.46,0.14,0.236207882518536,4.499999999999999,6.0,0.7339491129191066,0.1006695139597312,0.7907220760741218,0.41228305914069663
0.4,0.48,0.12,0.2325,4.5,6.0,0.7340238346381046,0.0997409018386159,0.7904287511387832,0.41452533966114813
0.4,0.5,0.1,0.2295,4.5,6.0,0.7341210177122994,0.0990255880121368,0.7902791138405515,0.4179402359465026
0.4,0.52,0.08,0.2265,4.5,6.0,0.7342499788902999,0.098341394364645,0.7902048538210572,0.42171737671124127
0.4,0.54,0.06,0.2235,4.5,6.0,0.7344097235770696,0.0976873071150914,0.7902031368738697,0.4261118443371419
0.4,0.56,0.04,0.221,4.5,6.0,0.7345656417784846,0.0971645009570361,0.7902550761914688,0.4307939883329612
0.4,0.58,0.02,0.2185,4.5,6.0,0.7347416711497161,0.096661311326306,0.7903537842779457,0.43608025029236175
0.4,0.6,0.0,0.2165,4.5,6.0,0.7348965879020105,0.0962724892732105,0.7904653220693295,0.44144590854169147
0.42,0.0,0.58,0.24,3.0975,4.0,0.7314844053166679,0.1280359054543121,0.7815019449027745,0.35512749482446665
0.42,0.02,0.56,0.243,3.09,4.0,0.7314219347463009,0.1289236018978148,0.7818017352410476,0.35316066098978155
0.42,0.04,0.54,0.2395,3.08625,4.0,0.7313619045671758,0.1285345911668367,0.7821013745447873,0.35127067198359285
0.42,0.06,0.52,0.241,3.07875,4.0,0.731285980063754,0.1291687814618828,0.7824375457861673,0.3488795381383558
0.42,0.08,0.5,0.2425,3.07125,4.0,0.7312178395909525,0.1298135680621141,0.7827937185183987,0.3467340100445708
0.42,0.1,0.48,0.2435,3.06375,4.0,0.731151592320585,0.1303814243444337,0.7831793146612156,0.3446482643679156
0.42,0.12,0.46,0.2435,3.05625,4.0,0.7310774102188573,0.130779408479249,0.7835964313061673,0.3423122324902578
0.42,0.14,0.44,0.2425,3.04875,4.0,0.7309968084880527,0.1310075423133408,0.7840528328670059,0.33985524559084923
0.42,0.16,0.42,0.2415,3.04125,4.0,0.7309226487941112,0.1312420508928072,0.7845323633055408,0.33743831433278626
0.42,0.18,0.4,0.231,3.05625,4.0,0.7311854559675155,0.1288663796814863,0.7844897827384877,0.34581038755637034
0.42,0.2,0.38,0.2285,3.105,4.0,0.7317361384433111,0.1260064595456302,0.7820254881546144,0.36342300069157335
0.42,0.22,0.36,0.2285,3.15375,4.0,0.7322948551290429,0.1235831183396272,0.7796440599064671,0.3807119227582878
0.42,0.24,0.34,0.2265,3.19125,4.0,0.7328334501265062,0.1215500798830792,0.7782669474549062,0.39769860266589946
0.42,0.26,0.32,0.225,3.225,4.0,0.733343978942486,0.1198188816642992,0.7771609731216305,0.4139274161561192
0.42,0.28,0.3,0.223,3.255,4.0,0.7338469471191181,0.1182539319615425,0.7763766819775364,0.42983075167357204
0.42,0.3,0.28,0.2396542739810095,4.5,6.0,0.7339261971828457,0.101578330709001,0.7911065346407476,0.4321755156057513
0.42,0.32,0.26,0.2396542739810095,4.5,6.0,0.7339261971828457,0.101578330709001,0.7911065346407476,0.4321749401574056
0.42,0.34,0.24,0.2396542739810095,4.5,6.0,0.7339261971828457,0.101578330709001,0.7911065346407476,0.43217436470905995
0.42,0.36,0.22,0.2396542739810095,4.5,6.0,0.7339261971828457,0.101578330709001,0.7911065346407476,0.43217378926071426
0.42,0.38,0.2,0.2396542739810095,4.5,6.0,0.7339261971828457,0.101578330709001,0.7911065346407476,0.4321732138123686
0.42,0.4,0.18,0.2396542739810095,4.5,6.0,0.7339261971828457,0.101578330709001,0.7911065346407476,0.432172638364023
0.42,0.42,0.16,0.2396542739810095,4.5,6.0,0.7339261971828457,0.101578330709001,0.7911065346407476,0.4321720629156773
0.42,0.44,0.14,0.2396542739810095,4.5,6.0,0.7339261971828457,0.101578330709001,0.7911065346407476,0.43217148746733164
0.42,0.46,0.12,0.2396542739810095,4.5,6.0,0.7339261971828457,0.101578330709001,0.7911065346407476,0.43217091201898594
0.42,0.48,0.1,0.2365,4.5,6.0,0.7339454088649143,0.1007448149887273,0.790750419709527,0.4327746530128195
0.42,0.5,0.08,0.233,4.5,6.0,0.7340107968334764,0.0998632175663531,0.7904612180418111,0.4348348500716845
0.42,0.52,0.06,0.23,4.5,6.0,0.7341025868602972,0.0991426184813296,0.7902987423159424,0.43772814566067897
0.42,0.54,0.04,0.227192366270697,4.5,6.0,0.7342174474552269,0.0984965893243894,0.7902154498725347,0.4413492599911664
0.42,0.56,0.02,0.2245,4.5,6.0,0.7343531163530385,0.0979020536220266,0.7901958237992457,0.4456267717197164
0.42,0.58,0.0,0.222,4.5,6.0,0.734500828925294,0.0973712365829637,0.7902285963628813,0.4502842306216899
0.44,0.0,0.56,0.2425,3.0825,4.0,0.7313355912405867,0.1292259854224137,0.782196708423218,0.3671202874165361
0.44,0.02,0.54,0.2395,3.07875,4.0,0.7312832755802426,0.1289242494600696,0.782499721721472,0.36539507553061834
0.44,0.04,0.52,0.2405,3.07125,4.0,0.7312072806736291,0.1294788246634313,0.7828616989981532,0.36288757773598607
0.44,0.06,0.5,0.2415,3.06375,4.0,0.7311356022837155,0.1300396389852197,0.7832362110789695,0.36052275002396467
0.44,0.08,0.48,0.242,3.05625,4.0,0.7310649505138456,0.130521746839438,0.7836398971813421,0.35825637357834655
0.44,0.1,0.46,0.242,3.04875,4.0,0.7309937076500774,0.1309225440463112,0.7840706365369497,0.35584153365020177
0.44,0.12,0.44,0.2415,3.04125,4.0,0.7309226487941112,0.1312420508928072,0.7845323633055408,0.3534972484489509
0.44,0.14,0.42,0.2405,3.03375,4.0,0.7308549313949609,0.1314829148532365,0.7850350290599115,0.3512633804644458
0.44,0.16,0.4,0.243,3.0225,4.0,0.7307674863474349,0.1325185496397615,0.7856139598532675,0.3483781730069344
0.44,0.18,0.38,0.2335,3.0375,4.0,0.7309629888152618,0.1302151737468951,0.7853675005610393,0.3548388422960565
0.44,0.2,0.36,0.2305,3.08625,4.0,0.7314843402620287,0.1272249046158194,0.782809934968997,0.37228503435558963
0.44,0.22,0.34,0.229,3.13125,4.0,0.7320127377078278,0.1247505139100346,0.7806408023582954,0.38970963029292927
0.44,0.24,0.32,0.2265,3.16875,4.0,0.7325424496837278,0.1226156237585357,0.7792004110559697,0.4070199327975786
0.44,0.26,0.3,0.225,3.2025,4.0,0.7330338782806713,0.1208503418704885,0.7779915031952394,0.42368039315873485
0.44,0.28,0.28,0.224,3.23625,4.0,0.7335384524311421,0.1191980285662052,0.7768803783484125,0.4399302903139325
0.44,0.3,0.26,0.2396542739810095,4.5,6.0,0.7339261971828457,0.101578330709001,0.7911065346407476,0.45274992155493415
0.44,0.32,0.24,0.2396542739810095,4.5,6.0,0.7339261971828457,0.101578330709001,0.7911065346407476,0.4527493461065885
0.44,0.34,0.22,0.2396542739810095,4.5,6.0,0.7339261971828457,0.101578330709001,0.7911065346407476,0.4527487706582428
0.44,0.36,0.2,0.2396542739810095,4.5,6.0,0.7339261971828457,0.101578330709001,0.7911065346407476,0.4527481952098972
0.44,0.38,0.18,0.2396542739810095,4.5,6.0,0.7339261971828457,0.101578330709001,0.7911065346407476,0.45274761976155153
0.44,0.4,0.16,0.2396542739810095,4.5,6.0,0.7339261971828457,0.101578330709001,0.7911065346407476,0.45274704431320584
0.44,0.42,0.14,0.2396542739810095,4.5,6.0,0.7339261971828457,0.101578330709001,0.7911065346407476,0.4527464688648602
0.44,0.44,0.12,0.2396542739810095,4.5,6.0,0.7339261971828457,0.101578330709001,0.7911065346407476,0.4527458934165145
0.44,0.46,0.1,0.2396542739810095,4.5,6.0,0.7339261971828457,0.101578330709001,0.7911065346407476,0.45274531796816886
0.44,0.48,0.08,0.2396542739810095,4.5,6.0,0.7339261971828457,0.101578330709001,0.7911065346407476,0.45274474251982316
0.44,0.5,0.06,0.237,4.5,6.0,0.7339398196480904,0.1008744405599807,0.7908007393103307,0.4531929278583856
0.44,0.52,0.04,0.2335,4.5,6.0,0.7339986739862003,0.0999864305975221,0.7904958706074198,0.4551354321520797
0.44,0.54,0.02,0.2305,4.5,6.0,0.7340850433380074,0.0992605180933696,0.7903204777259576,0.45798745524518064
0.44,0.56,0.0,0.228,4.5,6.0,0.7341815882005137,0.098679664527333,0.790232738808864,0.46117596313478293
0.46,0.0,0.54,0.24,3.07125,4.0,0.7312066204681043,0.1293973174027031,0.7828836772781238,0.37935135585045165
0.46,0.02,0.52,0.2405,3.06375,4.0,0.7311323999811511,0.1298740229416226,0.7832767350791756,0.37679105284563513
0.46,0.04,0.5,0.2415,3.05625,4.0,0.7310624026642347,0.1304376282544458,0.7836584323108261,0.3743765956000475
0.46,0.06,0.48,0.2415,3.04875,4.0,0.7309914057371725,0.1308384271458401,0.7840904522105544,0.37192770705743383
0.46,0.08,0.46,0.2415,3.04125,4.0,0.7309226487941112,0.1312420508928072,0.7845323633055408,0.3695561825651156
0.46,0.1,0.44,0.2405,3.03375,4.0,0.7308549313949609,0.1314829148532365,0.7850350290599115,0.36722062789247456
0.46,0.12,0.42,0.2412916771322051,3.025010061629679,4.0,0.7307812245152486,0.1320909955231375,0.7855341373075769,0.3646782129367308
0.46,0.14,0.4,0.242,3.015,4.0,0.7307013560955119,0.1327613074026085,0.7861326022000482,0.36192317889013226
0.46,0.16,0.38,0.2435,3.00375,4.0,0.7306217465696868,0.1336448054821808,0.7867948793784663,0.3591773123388765
0.46,0.18,0.36,0.2335,3.01125,4.0,0.7307583600243308,0.13165555373096,0.7870834450431172,0.3640697081642594
0.46,0.2,0.34,0.231,3.06375,4.0,0.7312536807509199,0.1284683158461047,0.7840414189382444,0.38132938098854935
0.46,0.22,0.32,0.229,3.10875,4.0,0.7317611838161545,0.1258789274254508,0.7817704853376344,0.39873821580923113
0.46,0.24,0.3,0.228,3.15,4.0,0.732263694151703,0.1237033813779593,0.7798672030679062,0.41599364509474707
0.46,0.26,0.28,0.226,3.18375,4.0,0.7327511798994435,0.1218434672858665,0.7786248731320548,0.4330704084940395
0.46,0.28,0.26,0.225,3.2175,4.0,0.733239153723052,0.1201602102989311,0.7774297073943887,0.44958603361844796
0.46,0.3,0.24,0.224,3.2475,4.0,0.7337008009308815,0.1186961587583255,0.7765069113201867,0.4655341399710469
0.46,0.32,0.22,0.2396542739810095,4.5,6.0,0.7339261971828457,0.101578330709001,0.7911065346407476,0.4733237520557714
0.46,0.34,0.2,0.2396542739810095,4.5,6.0,0.7339261971828457,0.101578330709001,0.7911065346407476,0.47332317660742573
0.46,0.36,0.18,0.233,4.5,8.0,0.7338491871501052,0.111908313886575,0.8127560445888918,0.4707001754204777
0.46,0.38,0.16,0.2396542739810095,4.5,6.0,0.7339261971828457,0.101578330709001,0.7911065346407476,0.4733220257107344
0.46,0.4,0.14,0.2396542739810095,4.5,6.0,0.7339261971828457,0.101578330709001,0.7911065346407476,0.47332145026238875
0.46,0.42,0.12,0.2396542739810095,4.5,6.0,0.7339261971828457,0.101578330709001,0.7911065346407476,0.47332087481404306
0.46,0.44,0.1,0.2396542739810095,4.5,6.0,0.7339261971828457,0.101578330709001,0.7911065346407476,0.4733202993656974
0.46,0.46,0.08,0.2396542739810095,4.5,6.0,0.7339261971828457,0.101578330709001,0.7911065346407476,0.4733197239173517
0.46,0.48,0.06,0.2396542739810095,4.5,6.0,0.7339261971828457,0.101578330709001,0.7911065346407476,0.4733191484690061
0.46,0.5,0.04,0.2396542739810095,4.5,6.0,0.7339261971828457,0.101578330709001,0.7911065346407476,0.4733185730206604
0.46,0.52,0.02,0.2376840621995576,4.5,6.0,0.733933715673166,0.1010532998061546,0.7908732960905794,0.47357671809100205
0.46,0.54,0.0,0.2345,4.5,6.0,0.7339771915821317,0.1002355673438785,0.7905717852116836,0.4751228356785264
0.48,0.0,0.52,0.2405,3.05625,4.0,0.731059687415463,0.1302720158662942,0.7837014935984764,0.3905477124165669
0.48,0.02,0.5,0.2426599222359031,3.047724131099904,4.0,0.7309883534023629,0.1310899563804524,0.7841070166550481,0.3879799567974746
0.48,0.04,0.48,0.2415,3.04125,4.0,0.7309226487941112,0.1312420508928072,0.7845323633055408,0.3856151166812802
0.48,0.06,0.46,0.241,3.03375,4.0,0.7308551561007568,0.1315652786197721,0.7850086532120385,0.3831859173750205
0.48,0.08,0.44,0.2412916771322051,3.025010061629679,4.0,0.7307812245152486,0.1320909955231375,0.7855341373075769,0.38088213614436905
0.48,0.1,0.42,0.2435,3.015,4.0,0.7307096842140443,0.1330189424492742,0.7860676222860566,0.3779498447071585
0.48,0.12,0.4,0.241,3.0075,4.0,0.7306418278171586,0.1330104961259496,0.7866748371194614,0.37550754566992917
0.48,0.14,0.38,0.2413263843639705,3.0,4.0,0.7305861440737809,0.1334841589803253,0.7871541184497203,0.37350384639761475
0.48,0.16,0.36,0.2413263843639705,3.0,4.0,0.7305861440737809,0.1334841589803253,0.7871541184497203,0.37350608856341044
0.48,0.18,0.34,0.239,3.0,4.0,0.7305945959507808,0.1331057163986477,0.7873149804203406,0.3738131108590268
0.48,0.2,0.32,0.2325,3.045,4.0,0.7310488404010609,0.1296711754601368,0.7850073080813578,0.3901833127089456
0.48,0.22,0.3,0.23,3.09,4.0,0.7315359138234444,0.1269659042134416,0.7826592869346541,0.4077375617847708
0.48,0.24,0.28,0.2275,3.1275,4.0,0.7320152514072901,0.1247504338089898,0.7809938780419682,0.42513264375812354
0.48,0.26,0.26,0.2265,3.165,4.0,0.7324953961001432,0.1227954651602487,0.7793634941759022,0.44232147142868083
0.48,0.28,0.24,0.226,3.19875,4.0,0.7329495984643899,0.1211407533381237,0.7780258392128256,0.4592249472388326
0.48,0.3,0.22,0.2245,3.22875,4.0,0.733414087087865,0.1195920490771301,0.7770835798741582,0.4754377958201797
0.48,0.32,0.2,0.1805,3.69375,10.0,0.7336658211605146,0.117690752962962,0.8095538057851257,0.4847193492488922
0.48,0.34,0.18,0.2405,4.5,8.0,0.733490471035251,0.1145711754518573,0.8136112426401924,0.47823156090791424
0.48,0.36,0.16,0.236,4.5,8.0,0.7336784019927979,0.1129446853737397,0.8130386317155488,0.48500115375572495
0.48,0.38,0.14,0.2325,4.5,8.0,0.733881104112176,0.1117392275460181,0.8127164137411225,0.49334341516334024
0.48,0.4,0.12,0.2396542739810095,4.5,6.0,0.7339261971828457,0.101578330709001,0.7911065346407476,0.49389585621157156
0.48,0.42,0.1,0.2396542739810095,4.5,6.0,0.7339261971828457,0.101578330709001,0.7911065346407476,0.4938952807632259
0.48,0.44,0.08,0.2396542739810095,4.5,6.0,0.7339261971828457,0.101578330709001,0.7911065346407476,0.4938947053148802
0.48,0.46,0.06,0.2396542739810095,4.5,6.0,0.7339261971828457,0.101578330709001,0.7911065346407476,0.4938941298665346
0.48,0.48,0.04,0.2396542739810095,4.5,6.0,0.7339261971828457,0.101578330709001,0.7911065346407476,0.4938935544181889
0.48,0.5,0.02,0.2396542739810095,4.5,6.0,0.7339261971828457,0.101578330709001,0.7911065346407476,0.49389297896984324
0.48,0.52,0.0,0.2396542739810095,4.5,6.0,0.7339261971828457,0.101578330709001,0.7911065346407476,0.49389240352149755
0.5,0.0,0.5,0.2415,3.04125,4.0,0.7309226487941112,0.1312420508928072,0.7845323633055408,0.40167405079744484
0.5,0.02,0.48,0.2415,3.03375,4.0,0.7308561691266328,0.1316485147287514,0.7849842581231713,0.39918145976014363
0.5,0.04,0.46,0.241,3.02625,4.0,0.7307912403281915,0.1319746000305676,0.7854719267695083,0.3967471430344056
0.5,0.06,0.44,0.2419368114979096,3.017254030944409,4.0,0.7307191978466492,0.1326260151826954,0.7859915704334176,0.3940457827004455
0.5,0.08,0.42,0.243,3.0075,4.0,0.7306471267909891,0.1333486915700815,0.7865708425472512,0.3913434916387826
0.5,0.1,0.4,0.2413263843639705,3.0,4.0,0.7305861440737809,0.1334841589803253,0.7871541184497203,0.3890573374842328
0.5,0.12,0.38,0.2413263843639705,3.0,4.0,0.7305861440737809,0.1334841589803253,0.7871541184497203,0.3890595796500285
0.5,0.14,0.36,0.2413263843639705,3.0,4.0,0.7305861440737809,0.1334841589803253,0.7871541184497203,0.3890618218158242
0.5,0.16,0.34,0.237,3.2325,6.0,0.7305031113514454,0.1356615063251286,0.7897377594361124,0.3859528771221909
0.5,0.18,0.32,0.229,3.21,6.0,0.7304572620976749,0.1346907102348997,0.7908072833835759,0.38423477425734753
0.5,0.2,0.3,0.234,3.02625,4.0,0.7308611537884968,0.1308988055292073,0.7860334397580798,0.39939151333850664
0.5,0.22,0.28,0.231,3.07125,4.0,0.7313240995576734,0.1280730491055124,0.7836029324053123,0.4167713613945699
0.5,0.24,0.26,0.2295,3.1125,4.0,0.731787625827068,0.125752835087195,0.7815206677043551,0.43417422014690527
0.5,0.26,0.24,0.2285,3.15,4.0,0.7322491163930408,0.1237655534773718,0.7798137113241975,0.45150170432352604
0.5,0.28,0.22,0.226,3.18,4.0,0.7327025704719634,0.1220207376679257,0.778779901645863,0.4685287281985496
0.5,0.3,0.2,0.1865,3.6975,10.0,0.7327046347810902,0.1189943855906371,0.8089659855269832,0.4686482693347265
0.5,0.32,0.18,0.1845,3.70875,10.0,0.733292071222793,0.1181998664425462,0.8092799089261077,0.49070026560477703
0.5,0.34,0.16,0.244,4.5,8.0,0.7334028130206782,0.1158978283474899,0.8141853861934256,0.4948592000765566
0.5,0.36,0.14,0.2395,4.5,8.0,0.7335250163535056,0.1142021311421849,0.8134681738783052,0.4996226819822958
0.5,0.38,0.12,0.235,4.5,8.0,0.7337313536592622,0.1125950343610847,0.8129358148092435,0.5071859282915996
0.5,0.4,0.1,0.2396542739810095,4.5,6.0,0.7339261971828457,0.101578330709001,0.7911065346407476,0.5144702621607544
0.5,0.42,0.08,0.2396542739810095,4.5,6.0,0.7339261971828457,0.101578330709001,0.7911065346407476,0.5144696867124088
0.5,0.44,0.06,0.2396542739810095,4.5,6.0,0.7339261971828457,0.101578330709001,0.7911065346407476,0.5144691112640631
0.5,0.46,0.04,0.2396542739810095,4.5,6.0,0.7339261971828457,0.101578330709001,0.7911065346407476,0.5144685358157175
0.5,0.48,0.02,0.2396542739810095,4.5,6.0,0.7339261971828457,0.101578330709001,0.7911065346407476,0.5144679603673717
0.5,0.5,0.0,0.2396542739810095,4.5,6.0,0.7339261971828457,0.101578330709001,0.7911065346407476,0.5144673849190261
0.52,0.0,0.48,0.242,3.02625,4.0,0.7307935599512463,0.1321419449608349,0.7854225229914873,0.41269914644892997
0.52,0.02,0.46,0.241,3.01875,4.0,0.7307296777773507,0.1323867921260079,0.7859453772532915,0.4102082305202159
0.52,0.04,0.44,0.245,3.0075,4.0,0.7306652944991737,0.1337011550297881,0.7864992398279255,0.407697890185371
0.52,0.06,0.42,0.2425,3.0,4.0,0.7305883263811794,0.1336822447030609,0.7870891343284498,0.4046959262938743
0.52,0.08,0.4,0.2413263843639705,3.0,4.0,0.7305861440737809,0.1334841589803253,0.7871541184497203,0.4046130707366466
0.52,0.1,0.38,0.2413263843639705,3.0,4.0,0.7305861440737809,0.1334841589803253,0.7871541184497203,0.4046153129024423
0.52,0.12,0.36,0.237,3.24,6.0,0.730559325306491,0.135321008864188,0.7895135401663043,0.4035763418798397
0.52,0.14,0.34,0.239,3.21375,6.0,0.7303746201391389,0.1370632388593969,0.7903207235674483,0.39680729623769634
0.52,0.16,0.32,0.2375,3.19125,6.0,0.7302246820055083,0.1377122082708228,0.7911070540866777,0.39051617144504114
0.52,0.18,0.3,0.2295,3.18375,6.0,0.7302847166497825,0.1360467393902484,0.7917624031413102,0.39286292271986434
0.52,0.2,0.28,0.2345,3.00375,4.0,0.7306834705449321,0.1322156478405355,0.7874832428909283,0.4085845152858884
0.52,0.22,0.26,0.232,3.0525,4.0,0.7311262884883836,0.1292006382800667,0.7846025918469696,0.42571559119323393
0.52,0.24,0.24,0.23,3.09375,4.0,0.7315743372463623,0.1267727586684354,0.7824545946747952,0.443210266745734
0.52,0.26,0.22,0.2275,3.1275,4.0,0.7320152514072901,0.1247504338089898,0.7809938780419682,0.46055553395995363
0.52,0.28,0.2,0.1935,3.68625,10.0,0.7313457527888373,0.1210923609334191,0.8082296074793235,0.4589658431836584
0.52,0.3,0.18,0.18,3.63,10.0,0.7323448022275897,0.1194276696726539,0.8091617487005823,0.47337060361166067
0.52,0.32,0.16,0.18,3.65625,10.0,0.7329222854458392,0.1186516848519839,0.8093088395402604,0.4958915066888091
0.52,0.34,0.14,0.248,4.5,8.0,0.7333675324737481,0.1174822613504495,0.8149858265272756,0.5132693927698233
0.52,0.36,0.12,0.2425,4.5,8.0,0.7334339920384404,0.1153225402497581,0.8139251857124836,0.5158588053210843
0.52,0.38,0.1,0.238,4.5,8.0,0.7335846130020496,0.1136567566870814,0.813270653973461,0.5217358901906654
0.52,0.4,0.08,0.2345,4.5,8.0,0.7337593276691436,0.1124217885887534,0.8128876589871123,0.5292199192833249
0.52,0.42,0.06,0.2396542739810095,4.5,6.0,0.7339261971828457,0.101578330709001,0.7911065346407476,0.5350440926615917
0.52,0.44,0.04,0.2396542739810095,4.5,6.0,0.7339261971828457,0.101578330709001,0.7911065346407476,0.5350435172132461
0.52,0.46,0.02,0.2396542739810095,4.5,6.0,0.7339261971828457,0.101578330709001,0.7911065346407476,0.5350429417649004
0.52,0.48,0.0,0.2396542739810095,4.5,6.0,0.7339261971828457,0.101578330709001,0.7911065346407476,0.5350423663165548
0.54,0.0,0.46,0.2415,3.01125,4.0,0.7306707666935186,0.132885099104493,0.786400770185792,0.4235917968634605
0.54,0.02,0.44,0.245,3.0,4.0,0.7306077258271062,0.1341205739336477,0.7869878193191987,0.42114341394633875
0.54,0.04,0.42,0.2413278286498449,3.0,4.0,0.7305861440784616,0.1334843997711829,0.7871540317460003,0.42016656181886686
0.54,0.06,0.4,0.2413263843639705,3.0,4.0,0.7305861440737809,0.1334841589803253,0.7871541184497203,0.4201688039890603
0.54,0.08,0.38,0.2413263843639705,3.0,4.0,0.7305861440737809,0.1334841589803253,0.7871541184497203,0.420171046154856
0.54,0.1,0.36,0.237,3.225,6.0,0.7304485834622146,0.1360044700698881,0.7899699660803293,0.4146017658037584
0.54,0.12,0.34,0.239,3.19875,6.0,0.7302753943355861,0.1377641984676031,0.7908257748303291,0.407615300382004
0.54,0.14,0.32,0.2375,3.17625,6.0,0.7301372426915148,0.1384283854118833,0.7916690788265935,0.40198402675858774
0.54,0.16,0.3,0.238,3.15,6.0,0.7300032096584181,0.1398410779597509,0.7927232529857859,0.39655311456378267
0.54,0.18,0.28,0.23,3.1575,6.0,0.7301362096326109,0.1374351309816717,0.792818647202379,0.4019475734189331
0.54,0.2,0.26,0.2265,3.2175,6.0,0.7305824172722512,0.1337632938140997,0.7907356570734513,0.42003942241494957
0.54,0.22,0.24,0.233,3.03375,4.0,0.7309430280851167,0.1303489479155078,0.7856594353569867,0.43465553535860757
0.54,0.24,0.22,0.232,3.07875,4.0,0.7313723903098704,0.1278147734764144,0.7830676300217789,0.45206487711034654
0.54,0.26,0.2,0.198,3.64125,10.0,0.729758754817318,0.1236261196968435,0.8075266293415054,0.4501085543822391
0.54,0.28,0.18,0.182,3.60375,10.0,0.7314311526860034,0.1206800488572123,0.808844101213294,0.4545666852145062
0.54,0.3,0.16,0.1805,3.61875,10.0,0.7320122391789994,0.1198794042752277,0.8090589198834091,0.4782938512486676
0.54,0.32,0.14,0.181,3.64875,10.0,0.7325805694290196,0.1190976234265904,0.8091498409793766,0.5010852406018959
0.54,0.34,0.12,0.1835,3.69375,10.0,0.7331351389396901,0.1183821652291461,0.8092332115341089,0.5235736127070646
0.54,0.36,0.1,0.246,4.5,8.0,0.733376384339931,0.1166808060729876,0.8145659846317177,0.5333569015124492
0.54,0.38,0.08,0.241,4.5,8.0,0.7334747679241761,0.1147573500888668,0.8136862330327115,0.5373413519553368
0.54,0.4,0.06,0.237,4.5,8.0,0.7336294761614426,0.1132985802999232,0.8131502097800851,0.5436108164604002
0.54,0.42,0.04,0.2335,4.5,8.0,0.7338182490191718,0.1120784330449294,0.8127977869982626,0.551262117386798
0.54,0.44,0.02,0.2396542739810095,4.5,6.0,0.7339261971828457,0.101578330709001,0.7911065346407476,0.5556179231624289
0.54,0.46,0.0,0.2396542739810095,4.5,6.0,0.7339261971828457,0.101578330709001,0.7911065346407476,0.5556173477140832
0.56,0.0,0.44,0.2413278286498449,3.0,4.0,0.7305861440784616,0.1334843997711829,0.7871540317460003,0.4357200528665817
0.56,0.02,0.42,0.2413278286498449,3.0,4.0,0.7305861440784616,0.1334843997711829,0.7871540317460003,0.4357222950608025
0.56,0.04,0.4,0.2413263843639705,3.0,4.0,0.7305861440737809,0.1334841589803253,0.7871541184497203,0.43572453724147414
0.56,0.06,0.38,0.2385,3.22875,6.0,0.7304783481957874,0.1362359259165767,0.7898466811638345,0.432126707683265
0.56,0.08,0.36,0.2375,3.21,6.0,0.7303445763489319,0.136831315968287,0.7904521821268797,0.42557775617244537
0.56,0.1,0.34,0.2395,3.18375,6.0,0.7301864393753164,0.1386126870357399,0.7913616131157148,0.4190822896986194
0.56,0.12,0.32,0.2375,3.16125,6.0,0.7300576609363413,0.1391548841749228,0.7922657962901485,0.41351964438044486
0.56,0.14,0.3,0.238,3.135,6.0,0.7299378882109543,0.1405859423839675,0.7933802229045348,0.408487157557085
0.56,0.16,0.28,0.238,3.10875,6.0,0.7298446233990254,0.1419151700180844,0.7946186646520323,0.4045696118142312
0.56,0.18,0.26,0.232,3.13875,6.0,0.7300102462981818,0.1388481212110472,0.7935114282053426,0.41153337823875186
0.56,0.2,0.24,0.228,3.19875,6.0,0.7304144876086237,0.1349827693738622,0.7912976093788767,0.4287111064066776
0.56,0.22,0.22,0.234,3.015,4.0,0.7307748658174145,0.1315182541902392,0.7867746330327242,0.44385406770085467
0.56,0.24,0.2,0.2055,3.61125,10.0,0.7282143523772358,0.1267357009414241,0.8069197446162606,0.44247620807568405
0.56,0.26,0.18,0.184,3.5775,10.0,0.7305420501582045,0.1219654343393352,0.8085855100075336,0.4342532108280083
0.56,0.28,0.16,0.183,3.59625,10.0,0.7311027908586852,0.1211436885789684,0.8087164339335505,0.4592824778482916
0.56,0.3,0.14,0.1815,3.61125,10.0,0.7316775295478319,0.1203352627474227,0.8089209554321708,0.48326196864859994
0.56,0.32,0.12,0.1805,3.63,10.0,0.7322572704583324,0.1195404928177627,0.8091053075904392,0.5062245150683128
0.56,0.34,0.1,0.184,3.6825,10.0,0.7328012458585134,0.1188178861864539,0.8090789066890401,0.5289229267117941
0.56,0.36,0.08,0.181,3.6825,10.0,0.7333261195953693,0.1181221433152369,0.8093983809909926,0.5509877861769397
0.56,0.38,0.06,0.2445,4.5,8.0,0.7333945741402493,0.1160918569353754,0.8142769026535212,0.5538641693575056
0.56,0.4,0.04,0.24,4.5,8.0,0.7335072220465632,0.1143861040341069,0.8135385606291656,0.5585967448142546
0.56,0.42,0.02,0.236,4.5,8.0,0.7336784019927979,0.1129446853737397,0.8130386317155488,0.5657913978741408
0.56,0.44,0.0,0.233,4.5,8.0,0.7338491871501052,0.111908313886575,0.8127560445888918,0.5739034195289395
0.58,0.0,0.42,0.2413278286498449,3.0,4.0,0.7305861440784616,0.1334843997711829,0.7871540317460003,0.45127802830273805
0.58,0.02,0.4,0.238,3.23625,6.0,0.7305321528507991,0.135758795658746,0.7896206932091333,0.4491691291047984
0.58,0.04,0.38,0.2375,3.2175,6.0,0.7303957107272094,0.1364833681230565,0.7902047637178485,0.44299507236766883
0.58,0.06,0.36,0.2375,3.195,6.0,0.7302477346167139,0.1375347624576751,0.7909718818953427,0.4365533566138882
0.58,0.08,0.34,0.2375,3.1725,6.0,0.7301165989529627,0.1386090376901437,0.7918149768348329,0.43084533066850417
0.58,0.1,0.32,0.238,3.14625,6.0,0.7299860825627079,0.140026301707784,0.7928840957214653,0.4251648038908967
0.58,0.12,0.3,0.239,3.12,6.0,0.7298826957285839,0.1416133835369241,0.7940438551253783,0.42066620814773437
0.58,0.14,0.28,0.2385,3.09375,6.0,0.7298037892749967,0.1428251166980003,0.7953583114465109,0.4172339850054243
0.58,0.16,0.26,0.2385,3.06375,6.0,0.7297505924185755,0.1444071528603953,0.7969898053314524,0.4149222376327477
0.58,0.18,0.24,0.233,3.1125,6.0,0.7298992545246995,0.1404215255704587,0.7947055603043032,0.4214476996879622
0.58,0.2,0.22,0.2285,3.17625,6.0,0.7302707540241723,0.1361697866852013,0.7921449319801611,0.4375710939053711
0.58,0.22,0.2,0.213,3.5625,10.0,0.7265183873816657,0.1306816764934578,0.8065195305008868,0.4374150085555892
0.58,0.24,0.18,0.188,3.56625,10.0,0.7296734320288649,0.123292413967993,0.8081582256244416,0.412432850251854
0.58,0.26,0.16,0.188,3.59625,10.0,0.7302934088210808,0.122347894025081,0.8081860707169329,0.43856644351278457
0.58,0.28,0.14,0.185,3.6,10.0,0.7308520123142292,0.1215004210962452,0.8085067024451554,0.4629100544826962
0.58,0.3,0.12,0.185,3.62625,10.0,0.7314110887818582,0.1207003791579335,0.8085978710829039,0.48724806423753414
0.58,0.32,0.1,0.185497559103317,3.655436318216032,10.0,0.7319576063123522,0.1199547533516047,0.8087134732814282,0.5110518919013654
0.58,0.34,0.08,0.1825,3.65625,10.0,0.7324841106134244,0.1192227141785107,0.8090341256560216,0.533983936575963
0.58,0.36,0.06,0.1805,3.66375,10.0,0.7329994012297644,0.1185465088456207,0.8093051024642586,0.556472727840434
0.58,0.38,0.04,0.2475,4.5,8.0,0.7333680814978051,0.1172801488335796,0.8148771410546262,0.5724849210486883
0.58,0.4,0.02,0.243,4.5,8.0,0.7334225265743805,0.115513174698112,0.8140095408442329,0.5748514138755942
0.58,0.42,0.0,0.239,4.5,8.0,0.733543849351472,0.1140192520826605,0.8134000692662849,0.580131441805026
0.6,0.0,0.4,0.237,3.225,6.0,0.7304485834622146,0.1360044700698881,0.7899699660803293,0.4606444050547895
0.6,0.02,0.38,0.2375,3.2025,6.0,0.7302952385482393,0.1371817756686916,0.7907078573435824,0.4537383729790189
0.6,0.04,0.36,0.2375,3.18,6.0,0.7301583775274932,0.1382483782349966,0.7915253491135816,0.44757527976536504
0.6,0.06,0.34,0.2375,3.1575,6.0,0.7300390282019719,0.1393381359004336,0.7924204831385304,0.44220141051990947
0.6,0.08,0.32,0.2405,3.13125,6.0,0.7299336871702631,0.1414609963686171,0.7934978388140327,0.43747003399813505
0.6,0.1,0.3,0.238,3.10875,6.0,0.7298446233990254,0.1419151700180844,0.7946186646520323,0.4334503339451304
0.6,0.12,0.28,0.2385,3.07875,6.0,0.7297722979381452,0.1436105784151234,0.7961543389107041,0.4301966012290379
0.6,0.14,0.26,0.2384906561260222,3.0476766490129763,6.0,0.7297385413987502,0.1452706586859109,0.7979301643465531,0.42868107739710604
0.6,0.16,0.24,0.2387515110413764,3.03997719490247,6.0,0.7297368123870966,0.145761204001019,0.7983827724662587,0.4286058771536173
0.6,0.18,0.22,0.2355,3.09375,6.0,0.7298166292684078,0.1420267904158381,0.7955058733040533,0.43219783946491774
0.6,0.2,0.2,0.2185,3.3825,8.0,0.729819209244312,0.1355025672442169,0.805898228829494,0.4325049736378596
0.6,0.22,0.18,0.203,3.61125,10.0,0.7285078690988782,0.1259777459693795,0.8070435361162873,0.3996250424569741
0.6,0.24,0.16,0.187,3.5475,10.0,0.7294467241466409,0.1236506093487969,0.8082892727814308,0.4155545972586202
0.6,0.26,0.14,0.1855,3.5625,10.0,0.7299885859689671,0.1228009613849943,0.8084264784711174,0.44214325090919804
0.6,0.28,0.12,0.1889829569248165,3.617274399123744,10.0,0.7305803172252612,0.1219484468818818,0.8081558738448198,0.46746685843168095
0.6,0.3,0.1,0.183,3.59625,10.0,0.7311027908586852,0.1211436885789684,0.8087164339335505,0.4920717634086711
0.6,0.32,0.08,0.183,3.6225,10.0,0.7316648843372938,0.1203406912438356,0.8087956670361609,0.5155264970399261
0.6,0.34,0.06,0.1805,3.62625,10.0,0.7321754475134801,0.1196530356526241,0.8090886836581158,0.5392390841136323
0.6,0.36,0.04,0.179,3.6375,10.0,0.7326862596869175,0.1189802969012425,0.8093117251438323,0.5621466995526844
0.6,0.38,0.02,0.179,3.66,10.0,0.733184195202392,0.1183189574025356,0.8094465628378698,0.5842332489216665
0.6,0.4,0.0,0.246,4.5,8.0,0.733376384339931,0.1166808060729876,0.8145659846317177,0.5925888567897115
0.62,0.0,0.38,0.24,3.1875,6.0,0.7302125161494195,0.1385723314494298,0.7912241015925444,0.4650705043338614
0.62,0.02,0.36,0.2375,3.16875,6.0,0.7300964509732845,0.1387903369739534,0.791963054704223,0.4596056500438009
0.62,0.04,0.34,0.2405,3.1425,6.0,0.7299810738397086,0.1408993240798314,0.7930033716019311,0.45423783553050023
0.62,0.06,0.32,0.238,3.12,6.0,0.7298812392852124,0.1413414630496297,0.7940738885538355,0.4495934808484056
0.62,0.08,0.3,0.2385,3.09375,6.0,0.7298037892749967,0.1428251166980003,0.7953583114465109,0.44599193193810555
0.62,0.1,0.28,0.2395,3.06375,6.0,0.7297520015635607,0.1446811082510074,0.7969457985616217,0.44358587299312147
0.62,0.12,0.26,0.2387515110413764,3.03997719490247,6.0,0.7297368123870966,0.145761204001019,0.7983827724662587,0.44288325753995056
0.62,0.14,0.24,0.2387515110413764,3.03997719490247,6.0,0.7297368123870966,0.145761204001019,0.7983827724662587,0.44288497868538435
0.62,0.16,0.22,0.2387515110413764,3.03997719490247,6.0,0.7297368123870966,0.145761204001019,0.7983827724662587,0.4428866998308182
0.62,0.18,0.2,0.2315,3.38625,8.0,0.729341942067448,0.1394329676169916,0.805516063181352,0.4247925333689551
0.62,0.2,0.18,0.2115,3.5625,10.0,0.7266544544890585,0.1301806422047528,0.8065497341767787,0.3940210864490683
0.62,0.22,0.16,0.189,3.52125,10.0,0.7286199708097393,0.1250143794613878,0.8081691719060154,0.39183820016450555
0.62,0.24,0.14,0.1875,3.54,10.0,0.729218538669147,0.1240189795530251,0.8082557190249539,0.4187648819620513
0.62,0.26,0.12,0.186,3.555,10.0,0.7297555474731201,0.1231633196236523,0.8083821846687074,0.4455646200914589
0.62,0.28,0.1,0.1845,3.57,10.0,0.7303043127885069,0.1223218855340239,0.808530781457298,0.47126473929010954
0.62,0.3,0.08,0.1835,3.58875,10.0,0.7308607793428191,0.1214941714356484,0.80864934602382,0.4958907036780595
0.62,0.32,0.06,0.188,3.64875,10.0,0.7314041101466195,0.1207624296677084,0.8084190367870666,0.520510499741454
0.62,0.34,0.04,0.184,3.64125,10.0,0.7319013075423214,0.1200148741081007,0.8087803414707637,0.5437080783993703
0.62,0.36,0.02,0.183,3.65625,10.0,0.7323979546101129,0.1193390453705521,0.8089804229259685,0.5668383976095163
0.62,0.38,0.0,0.1835,3.6825,10.0,0.7328874632157892,0.1187001360555004,0.8091310315433109,0.5895737737643691
0.64,0.0,0.36,0.2385,3.15375,6.0,0.7300216461420627,0.1397919597662672,0.7925537867734814,0.4708312524105717
0.64,0.02,0.34,0.238,3.13125,6.0,0.7299229012769879,0.1407738187673086,0.7935501701773126,0.4660892449240027
0.64,0.04,0.32,0.238,3.10875,6.0,0.7298446233990254,0.1419151700180844,0.7946186646520323,0.46233105607602965
0.64,0.06,0.3,0.238749263020397,3.0797930901914747,6.0,0.7297743391815468,0.1436235129964618,0.7960873316486382,0.4590388575761401
0.64,0.08,0.28,0.2381176071255114,3.051449036519444,6.0,0.7297407984902969,0.1449650528084916,0.7977252087083941,0.4573508418004665
0.64,0.1,0.26,0.2387515110413764,3.03997719490247,6.0,0.7297368123870966,0.145761204001019,0.7983827724662587,0.4571623590717176
0.64,0.12,0.24,0.2387515110413764,3.03997719490247,6.0,0.7297368123870966,0.145761204001019,0.7983827724662587,0.4571640802171514
0.64,0.14,0.22,0.2387515110413764,3.03997719490247,6.0,0.7297368123870966,0.145761204001019,0.7983827724662587,0.4571658013625852
0.64,0.16,0.2,0.2335,3.3675,8.0,0.7291353719002754,0.1408623878443982,0.8058055745625196,0.428434552435548
0.64,0.18,0.18,0.2169919500064384,3.5362233949338644,10.0,0.725712741862308,0.1329163416208999,0.806461807675372,0.3930189549850101
0.64,0.2,0.16,0.191,3.495,10.0,0.7278227710112004,0.1264143011337638,0.8081182065898316,0.3664011707890553
0.64,0.22,0.14,0.1891383351223537,3.512057228838395,10.0,0.728420096499858,0.1253583131497073,0.8082025856593432,0.3945851791828013
0.64,0.24,0.12,0.188,3.5325,10.0,0.7289924304039479,0.1243900079468833,0.8082275631642929,0.42199831736253113
0.64,0.26,0.1,0.1865,3.5475,10.0,0.729524512916529,0.1235282909558606,0.8083431413936489,0.449010646827807
0.64,0.28,0.08,0.1855,3.56625,10.0,0.7300658786061405,0.1226808756270928,0.808423370358075,0.4749152806863625
0.64,0.3,0.06,0.184,3.58125,10.0,0.7306206101321133,0.1218471745425082,0.8085871770106429,0.49973709010597234
0.64,0.32,0.04,0.183,3.59625,10.0,0.7311027908586852,0.1211436885789684,0.8087164339335505,0.5248610489690507
0.64,0.34,0.02,0.188,3.66,10.0,0.7316453894798195,0.1204334505988814,0.8084970071312926,0.5488899061632898
0.64,0.36,0.0,0.187,3.675,10.0,0.7321323067874232,0.1197538649992353,0.8087120598446569,0.5722916017311529
0.66,0.0,0.34,0.238,3.12,6.0,0.7298812392852124,0.1413414630496297,0.7940738885538355,0.4785842573529989
0.66,0.02,0.32,0.239,3.09375,6.0,0.7298045440546781,0.1429615839853551,0.7953401549704439,0.4747872648837202
0.66,0.04,0.3,0.2385,3.0675,6.0,0.7297550850630306,0.1442069607661988,0.7967772008433567,0.47234049392599936
0.66,0.06,0.28,0.2387515110413764,3.03997719490247,6.0,0.7297368123870966,0.145761204001019,0.7983827724662587,0.4714397394580508
0.66,0.08,0.26,0.2387515110413764,3.03997719490247,6.0,0.7297368123870966,0.145761204001019,0.7983827724662587,0.47144146060348463
0.66,0.1,0.24,0.2387515110413764,3.03997719490247,6.0,0.7297368123870966,0.145761204001019,0.7983827724662587,0.4714431817489184
0.66,0.12,0.22,0.231,3.40875,8.0,0.7295755148485351,0.1383919346501343,0.8052582100917967,0.4636815365694177
0.66,0.14,0.2,0.2325,3.345,8.0,0.7289465635259645,0.1414241071212282,0.8061350535691709,0.432579205606246
0.66,0.16,0.18,0.2169919500064384,3.5362233949338644,10.0,0.725712741862308,0.1329163416208999,0.806461807675372,0.39301564318235716
0.66,0.18,0.16,0.2105,3.57,10.0,0.7268903586052124,0.1296113382822425,0.8065896360900131,0.35068758600745265
0.66,0.2,0.14,0.1915,3.4875,10.0,0.7276107022591632,0.1268025054975127,0.808124161488986,0.3692197505473767
0.66,0.22,0.12,0.19,3.50625,10.0,0.7281814747843249,0.1257734204800099,0.8081463235117325,0.397901169606721
0.66,0.24,0.1,0.1885,3.525,10.0,0.7287684350646368,0.1247637146147516,0.8082048788984669,0.42525507784717165
0.66,0.26,0.08,0.187,3.54,10.0,0.7292955180127868,0.1238958954659996,0.8083094223449608,0.4524815201242784
0.66,0.28,0.06,0.186,3.55875,10.0,0.7298322534507311,0.1230423109291634,0.8083765602846527,0.47859071874259623
0.66,0.3,0.04,0.1845,3.57375,10.0,0.730382318940161,0.1222027179839283,0.8085300005930379,0.5036111409434275
0.66,0.32,0.02,0.1835,3.58875,10.0,0.7308607793428191,0.1214941714356484,0.80864934602382,0.5289348163498279
0.66,0.34,0.0,0.182,3.6,10.0,0.7313508845890875,0.1207956282113839,0.8088354414014906,0.5533516625510693
0.68,0.0,0.32,0.2385,3.0825,6.0,0.7297792650056074,0.1434131759280175,0.795951663557287,0.4878785444168578
0.68,0.02,0.3,0.2394024363714622,3.054754622310349,6.0,0.7297432559924607,0.1451372943209543,0.797467376195456,0.48604441878401017
0.68,0.04,0.28,0.2387515110413764,3.03997719490247,6.0,0.7297368123870966,0.145761204001019,0.7983827724662587,0.4857188409898178
0.68,0.06,0.26,0.2387515110413764,3.03997719490247,6.0,0.7297368123870966,0.145761204001019,0.7983827724662587,0.4857205621352516
0.68,0.08,0.24,0.2387515110413764,3.03997719490247,6.0,0.7297368123870966,0.145761204001019,0.7983827724662587,0.48572228328068545
0.68,0.1,0.22,0.2318114364272776,3.388866993372381,8.0,0.7293618790664224,0.1394366031308431,0.8054897963217479,0.4668853492363298
0.68,0.12,0.2,0.2169919500064384,3.5362233949338644,10.0,0.725712741862308,0.1329163416208999,0.806461807675372,0.436669903333547
0.68,0.14,0.18,0.2169919500064384,3.5362233949338644,10.0,0.725712741862308,0.1329163416208999,0.806461807675372,0.39301233137970415
0.68,0.16,0.16,0.2169919500064384,3.5362233949338644,10.0,0.725712741862308,0.1329163416208999,0.806461807675372,0.34935475942586136
0.68,0.18,0.14,0.1916323844361694,3.447596573355463,10.0,0.7268634034920719,0.1282477803394526,0.8085215478790346,0.34176143919547997
0.68,0.2,0.12,0.192,3.48375,10.0,0.7274706087791974,0.1270628520875904,0.8081036513832017,0.3711088187604207
0.68,0.22,0.1,0.1905,3.5025,10.0,0.728037133102944,0.1260288803932451,0.808118091751033,0.39994053328181906
0.68,0.24,0.08,0.189,3.5175,10.0,0.728546588364807,0.1251401196410103,0.8081877399264945,0.42853533778742614
0.68,0.26,0.06,0.189,3.5475,10.0,0.7291409196059209,0.1241475255642825,0.8080790562602936,0.455288931100757
0.68,0.28,0.04,0.1865,3.55125,10.0,0.7296006153007076,0.1234063517462538,0.8083349638742859,0.48229263644328924
0.68,0.3,0.02,0.185,3.56625,10.0,0.7301459414805553,0.1225608218442887,0.808477890470024,0.507513074425776
0.68,0.32,0.0,0.184,3.58125,10.0,0.7306206101321133,0.1218471745425082,0.8085871770106429,0.5330378613345009
0.7,0.0,0.3,0.2387475146702261,3.0421447732992166,6.0,0.7297369925129238,0.1456417187906686,0.7982506442493764,0.500005441377173
0.7,0.02,0.28,0.2387515110413764,3.03997719490247,6.0,0.7297368123870966,0.145761204001019,0.7983827724662587,0.49999794252158475
0.7,0.04,0.26,0.2387515110413764,3.03997719490247,6.0,0.7297368123870966,0.145761204001019,0.7983827724662587,0.49999966366701853
0.7,0.06,0.24,0.2387515110413764,3.03997719490247,6.0,0.7297368123870966,0.145761204001019,0.7983827724662587,0.5000013848124524
0.7,0.08,0.22,0.233,3.37125,8.0,0.7291760553324745,0.1405393974327597,0.805741074623206,0.4705317901759616
0.7,0.1,0.2,0.2169919500064384,3.5362233949338644,10.0,0.725712741862308,0.1329163416208999,0.806461807675372,0.436666591530894
0.7,0.12,0.18,0.2169919500064384,3.5362233949338644,10.0,0.725712741862308,0.1329163416208999,0.806461807675372,0.39300901957705114
0.7,0.14,0.16,0.2169919500064384,3.5362233949338644,10.0,0.725712741862308,0.1329163416208999,0.806461807675372,0.34935144762320836
0.7,0.16,0.14,0.2015,3.48,10.0,0.7261869869469613,0.1298260291067752,0.8072853477823388,0.31338797996279794
0.7,0.18,0.12,0.194,3.4575,10.0,0.7267192803557223,0.1285170336280965,0.8081572619640388,0.34351901002683033
0.7,0.2,0.1,0.1911932271389063,3.469476961195968,10.0,0.7273196721121153,0.1273531625798654,0.8083201135698586,0.37321584258318047
0.7,0.22,0.08,0.191,3.495,10.0,0.7278227710112004,0.1264143011337638,0.8081182065898316,0.40301910315827333
0.7,0.24,0.06,0.1895,3.51375,10.0,0.7283996212306334,0.1253925344963888,0.8081549197950764,0.4307339211188341
0.7,0.26,0.04,0.188,3.52875,10.0,0.7289179800188823,0.1245143081314463,0.8082421936117073,0.45831934833094984
0.7,0.28,0.02,0.187,3.5475,10.0,0.7294467241466409,0.1236506093487969,0.8082892727814308,0.4847753983110991
0.7,0.3,0.0,0.1855,3.55875,10.0,0.7299115134668893,0.1229215062079698,0.8084309203406201,0.511443108772713
0.72,0.0,0.28,0.2387515110413764,3.03997719490247,6.0,0.7297368123870966,0.145761204001019,0.7983827724662587,0.5142770440533518
0.72,0.02,0.26,0.2387515110413764,3.03997719490247,6.0,0.7297368123870966,0.145761204001019,0.7983827724662587,0.5142787651987857
0.72,0.04,0.24,0.231,3.40875,8.0,0.7295755148485351,0.1383919346501343,0.8052582100917967,0.5058137951110715
0.72,0.06,0.22,0.2335,3.3525,8.0,0.7289998562992394,0.1414654637737618,0.8060301554867875,0.47444183450272454
0.72,0.08,0.2,0.2169919500064384,3.5362233949338644,10.0,0.725712741862308,0.1329163416208999,0.806461807675372,0.436663279728241
0.72,0.1,0.18,0.2169919500064384,3.5362233949338644,10.0,0.725712741862308,0.1329163416208999,0.806461807675372,0.39300570777439814
0.72,0.12,0.16,0.2169919500064384,3.5362233949338644,10.0,0.725712741862308,0.1329163416208999,0.806461807675372,0.34934813582055535
0.72,0.14,0.14,0.2169919500064384,3.5362233949338644,10.0,0.725712741862308,0.1329163416208999,0.806461807675372,0.3056905638667127
0.72,0.16,0.12,0.196,3.43125,10.0,0.7260013435189389,0.1300097328534238,0.8082877638366263,0.31403830835650526
0.72,0.18,0.1,0.1945,3.45375,10.0,0.7265863882714795,0.1287855560390778,0.808149705473285,0.3452721310780358
0.72,0.2,0.08,0.193,3.4725,10.0,0.7271251198220803,0.1277191638268083,0.8081029201142531,0.3758727427097937
0.72,0.22,0.06,0.1915,3.49125,10.0,0.7276811024153329,0.1266728427906391,0.8080946569887469,0.4050830482788831
0.72,0.24,0.04,0.19,3.50625,10.0,0.7281814747843249,0.1257734204800099,0.8081463235117325,0.43405319492993216
0.72,0.26,0.02,0.1895,3.5325,10.0,0.7287671741840359,0.1247662067692169,0.808070204950071,0.46184875580952234
0.72,0.28,0.0,0.1875,3.54,10.0,0.729218538669147,0.1240189795530251,0.8082557190249539,0.48852130586289205
0.74,0.0,0.26,0.2387515110413764,3.03997719490247,6.0,0.7297368123870966,0.145761204001019,0.7983827724662587,0.5285578667305526
0.74,0.02,0.24,0.2315,3.39,8.0,0.7293784702164351,0.139286338935628,0.8054707070040574,0.5090204550069413
0.74,0.04,0.22,0.2335,3.33375,8.0,0.7288386327595032,0.1422319057446484,0.8063495206658939,0.47878100084854813
0.74,0.06,0.2,0.2169919500064384,3.5362233949338644,10.0,0.725712741862308,0.1329163416208999,0.806461807675372,0.436659967925588
0.74,0.08,0.18,0.2169919500064384,3.5362233949338644,10.0,0.725712741862308,0.1329163416208999,0.806461807675372,0.3930023959717452
0.74,0.1,0.16,0.2169919500064384,3.5362233949338644,10.0,0.725712741862308,0.1329163416208999,0.806461807675372,0.3493448240179024
0.74,0.12,0.14,0.2169919500064384,3.5362233949338644,10.0,0.725712741862308,0.1329163416208999,0.806461807675372,0.30568725206405967
0.74,0.14,0.12,0.1975,3.40125,10.0,0.7253179927516873,0.1315432430060671,0.8086115427167836,0.2829906800025496
0.74,0.16,0.1,0.1965,3.4275,10.0,0.7258747484106087,0.1302852891354904,0.8082918972345683,0.31563697627486537
0.74,0.18,0.08,0.195,3.45,10.0,0.7264546886675604,0.1290554316026921,0.8081439782790402,0.34703407789098883
0.74,0.2,0.06,0.1935,3.46875,10.0,0.726988940295402,0.1279839790283141,0.8080890161990875,0.37779420570506134
0.74,0.22,0.04,0.1915,3.48375,10.0,0.7275406113781144,0.1269326649663964,0.8081552066174618,0.40715722775619945
0.74,0.24,0.02,0.1911285830863529,3.5084911690324776,10.0,0.7280616406041385,0.1259868676278196,0.8080161676203168,0.4359117790305086
0.74,0.26,0.0,0.189,3.5175,10.0,0.728546588364807,0.1251401196410103,0.8081877399264945,0.4642269643682587
0.76,0.0,0.24,0.2335,3.375,8.0,0.7292052060720248,0.1405641672036358,0.8057033333897456,0.5125312168837655
0.76,0.02,0.22,0.2169919500064384,3.5362233949338644,10.0,0.725712741862308,0.1329163416208999,0.806461807675372,0.48031422807677765
0.76,0.04,0.2,0.2169919500064384,3.5362233949338644,10.0,0.725712741862308,0.1329163416208999,0.806461807675372,0.436656656122935
0.76,0.06,0.18,0.2169919500064384,3.5362233949338644,10.0,0.725712741862308,0.1329163416208999,0.806461807675372,0.3929990841690922
0.76,0.08,0.16,0.2169919500064384,3.5362233949338644,10.0,0.725712741862308,0.1329163416208999,0.806461807675372,0.3493415122152494
0.76,0.1,0.14,0.217,3.52875,10.0,0.7255782944078161,0.1331670988818908,0.8064643713810177,0.30570586097514135
0.76,0.12,0.12,0.2205,3.49875,10.0,0.724819663256386,0.1354449805157573,0.8065418850132697,0.26262735715958796
0.76,0.14,0.1,0.1985,3.40125,10.0,0.7251983172875152,0.131824676503456,0.8085146418350216,0.28402247776235745
0.76,0.16,0.08,0.197,3.42375,10.0,0.7257493854636042,0.1305622314535795,0.808297937948242,0.3172436766271599
0.76,0.18,0.06,0.195,3.4425,10.0,0.7263233359034642,0.1293264593191861,0.8082364379173319,0.348803566360712
0.76,0.2,0.04,0.1916323844361694,3.447596573355463,10.0,0.7268634034920719,0.1282477803394526,0.8085215478790346,0.3797084313448308
0.76,0.22,0.02,0.192,3.48,10.0,0.7274009625604257,0.1271935135688721,0.8081360301475151,0.4095185590421576
0.76,0.24,0.0,0.191,3.49875,10.0,0.7278939081708979,0.1262856296227676,0.808091539489371,0.4385145877632463
0.78,0.0,0.22,0.2169919500064384,3.5362233949338644,10.0,0.725712741862308,0.1329163416208999,0.806461807675372,0.4803109162741247
0.78,0.02,0.2,0.2169919500064384,3.5362233949338644,10.0,0.725712741862308,0.1329163416208999,0.806461807675372,0.436653344320282
0.78,0.04,0.18,0.2169919500064384,3.5362233949338644,10.0,0.725712741862308,0.1329163416208999,0.806461807675372,0.3929957723664392
0.78,0.06,0.16,0.2169919500064384,3.5362233949338644,10.0,0.725712741862308,0.1329163416208999,0.806461807675372,0.3493382004125964
0.78,0.08,0.14,0.218,3.525,10.0,0.725439702335799,0.1336478347680451,0.8064687164286051,0.3057401366497987
0.78,0.1,0.12,0.2205,3.49125,10.0,0.7246921026791804,0.1357035243100204,0.8065676585850401,0.26281779298970975
0.78,0.12,0.1,0.201,3.375,10.0,0.7245031134704153,0.1335502645435126,0.8087749696296515,0.25098121689057573
0.78,0.14,0.08,0.199,3.3975,10.0,0.7250795321799474,0.1321088571224228,0.8085329231834901,0.28546452558336693
0.78,0.16,0.06,0.1975,3.42,10.0,0.7256252618749146,0.1308405665807136,0.8083059008017222,0.3188584486991553
0.78,0.18,0.04,0.1955,3.43875,10.0,0.7261938063805492,0.1295987389630414,0.8082353761898815,0.35058117294411517
0.78,0.2,0.02,0.194,3.4575,10.0,0.7267192803557223,0.1285170336280965,0.8081572619640388,0.38166194847001983
0.78,0.22,0.0,0.1925,3.47625,10.0,0.7272624629760847,0.1274556775980019,0.808118596371754,0.41217649827941705
0.8,0.0,0.2,0.2169919500064384,3.5362233949338644,10.0,0.725712741862308,0.1329163416208999,0.806461807675372,0.436650032517629
0.8,0.02,0.18,0.2169919500064384,3.5362233949338644,10.0,0.725712741862308,0.1329163416208999,0.806461807675372,0.3929924605637862
0.8,0.04,0.16,0.2169919500064384,3.5362233949338644,10.0,0.725712741862308,0.1329163416208999,0.806461807675372,0.34933488860994344
0.8,0.06,0.14,0.218,3.5175,10.0,0.7253072964067715,0.1338995099516152,0.8064781254572083,0.3058189226301146
0.8,0.08,0.12,0.221,3.4875,10.0,0.7245993379946934,0.1360183381847835,0.8065891916301918,0.26297634121827196
0.8,0.1,0.1,0.2185,3.435,10.0,0.7238940861339703,0.1369775457521285,0.8069514379663464,0.22161666229627122
0.8,0.12,0.08,0.2015,3.37125,10.0,0.7243919049258208,0.1338427543033875,0.8088064854880014,0.2522527579331214
0.8,0.14,0.06,0.1995,3.39375,10.0,0.7249620261116964,0.1323944634338241,0.8085532046909878,0.28691379899945174
0.8,0.16,0.04,0.1975,3.4125,10.0,0.7255011543187377,0.1311200318698402,0.8084229035017841,0.3204797839515635
0.8,0.18,0.02,0.196,3.435,10.0,0.7260654909939663,0.129872389166441,0.8082361858890383,0.35236771857188065
0.8,0.2,0.0,0.1945,3.45375,10.0,0.7265863882714795,0.1287855560390778,0.808149705473285,0.383610266493209
0.82,0.0,0.18,0.2169919500064384,3.5362233949338644,10.0,0.725712741862308,0.1329163416208999,0.806461807675372,0.3929891487611332
0.82,0.02,0.16,0.2169919500064384,3.5362233949338644,10.0,0.725712741862308,0.1329163416208999,0.806461807675372,0.34933157680729043
0.82,0.04,0.14,0.219,3.51375,10.0,0.7251736339634204,0.1343859519468946,0.8064896234015339,0.3059160706434935
0.82,0.06,0.12,0.222,3.48375,10.0,0.7244803034603388,0.1365217218046671,0.8066219797920733,0.2632197273467374
0.82,0.08,0.1,0.2245,3.45,10.0,0.723808978593586,0.1386708125241208,0.8068803640287379,0.22098396558787242
0.82,0.1,0.08,0.203,3.3375,10.0,0.7237484507651287,0.1356270561819233,0.8094428353870241,0.21690398555512097
0.82,0.12,0.06,0.201,3.36375,10.0,0.7243352339936624,0.1339899593039301,0.8090120221164059,0.2530391979900618
0.82,0.14,0.04,0.199,3.38625,10.0,0.7249024094796103,0.1325385955092781,0.8087404647935341,0.2879668909349786
0.82,0.16,0.02,0.198,3.4125,10.0,0.7254406483452716,0.1312603040664535,0.808374899701795,0.32129164300631324
0.82,0.18,0.0,0.1965,3.43125,10.0,0.7259383969407049,0.1301474167024074,0.8082388818388775,0.35416324745717787
0.84,0.0,0.16,0.2169919500064384,3.5362233949338644,10.0,0.725712741862308,0.1329163416208999,0.806461807675372,0.34932826500463743
0.84,0.02,0.14,0.2195,3.51,10.0,0.7250757236518658,0.1346945471620655,0.8065012743785922,0.30601466920959763
0.84,0.04,0.12,0.2215,3.47625,10.0,0.7243831181948635,0.1365972819793987,0.8066489351081881,0.26341901309099375
0.84,0.06,0.1,0.225,3.44625,10.0,0.723728506932674,0.1390001180730825,0.8069237150313245,0.22125244359937063
0.84,0.08,0.08,0.216,3.37125,10.0,0.7231031020916246,0.1385012236720765,0.8078992469906667,0.1819230230938386
0.84,0.1,0.06,0.204,3.3375,10.0,0.7236467498864795,0.1359282709458179,0.8093535706481721,0.2177930430694806
0.84,0.12,0.04,0.202,3.36375,10.0,0.7242267359718805,0.1342838370825402,0.8089203615844381,0.2541682314485471
0.84,0.14,0.02,0.2,3.38625,10.0,0.7247874227843589,0.1328253013852463,0.808645910903472,0.2890980396704008
0.84,0.16,0.0,0.198,3.405,10.0,0.7253183742374105,0.131541914803901,0.8084983458215077,0.32292536819156353
0.86,0.0,0.14,0.2195,3.5025,10.0,0.7249460709925328,0.1349501268650187,0.8065198598979422,0.306174110535649
0.86,0.02,0.12,0.222,3.4725,10.0,0.7242938778270368,0.1369163041564715,0.8066772403723497,0.26362852649661034
0.86,0.04,0.1,0.224,3.43875,10.0,0.7236548675784532,0.1388866640705541,0.8069588112616602,0.2214688587540852
0.86,0.06,0.08,0.2265,3.40125,10.0,0.7229933463133282,0.1412566087678871,0.807428464239304,0.17954763612501906
0.86,0.08,0.06,0.2065,3.3075,10.0,0.7230140353359222,0.1379272869877377,0.8099429039297633,0.18005305059409588
0.86,0.1,0.04,0.204,3.33375,10.0,0.7235956836312916,0.1360799417711504,0.8094478995614351,0.21834000315124516
0.86,0.12,0.02,0.2015,3.35625,10.0,0.7241712433071743,0.1344323777810488,0.8091325925343649,0.25481194648130445
0.86,0.14,0.0,0.2005,3.3825,10.0,0.7246730416615759,0.1331143310779927,0.8086717626919478,0.2905646411734826
0.88,0.0,0.12,0.2225,3.46875,10.0,0.7242060079130275,0.1372369361764355,0.8067078157986792,0.2638551267868225
0.88,0.02,0.1,0.2245,3.435,10.0,0.72357476664743,0.1392164258557697,0.8070046916809958,0.2217531530884044
0.88,0.04,0.08,0.2265,3.3975,10.0,0.7229394386728565,0.1413991229481327,0.8074766796451781,0.1797858181988519
0.88,0.06,0.06,0.216,3.315,10.0,0.7223611517705242,0.140761384650004,0.8091351549704064,0.14122663801920743
0.88,0.08,0.04,0.207,3.30375,10.0,0.7229220663530233,0.1382403497963014,0.8100097693551139,0.1809587232383416
0.88,0.1,0.02,0.204,3.33,10.0,0.7235451092519785,0.1362321866243267,0.8095441923751868,0.21931916071026492
0.88,0.12,0.0,0.2025,3.35625,10.0,0.7240644936518643,0.1347280771345127,0.8090413673409811,0.2560973437205552
0.9,0.0,0.1,0.225,3.43125,10.0,0.7234960903102458,0.1395478410011546,0.8070529475877457,0.22205234066614146
0.9,0.02,0.08,0.2265,3.39375,10.0,0.7228859283301582,0.1415421773355806,0.8075265706557598,0.18003240551839866
0.9,0.04,0.06,0.229,3.3525,10.0,0.7222565956615501,0.1441554442790387,0.8082633301931917,0.13781397863705674
0.9,0.06,0.04,0.2095,3.26625,10.0,0.7222761908072359,0.1406347354258652,0.8109943030105065,0.1409458485974099
0.9,0.08,0.02,0.207,3.3,10.0,0.722876223436952,0.1383972811853177,0.8101200853429199,0.1814105076223913
0.9,0.1,0.0,0.2045,3.32625,10.0,0.7234455049829029,0.1365370117582038,0.809598160948591,0.21999244485844632
0.92,0.0,0.08,0.2265,3.39,10.0,0.7228328199466814,0.1416857738344064,0.8075781488369725,0.180287456430576
0.92,0.02,0.06,0.2285,3.34875,10.0,0.7222204668670227,0.1441021721114609,0.8083148541948655,0.1380037084302188
0.92,0.04,0.04,0.2175,3.25875,10.0,0.7216443616400521,0.1436829390239457,0.8107405007705604,0.09840105045218646
0.92,0.06,0.02,0.2103326887520986,3.2699400759762263,10.0,0.7222490991565814,0.1407462498772562,0.8108043242668578,0.14118429198940027
0.92,0.08,0.0,0.2063965412624639,3.2927834283005404,10.0,0.722844131519097,0.1385118961298269,0.8103899466063228,0.1817392537761013
0.94,0.0,0.06,0.2285,3.345,10.0,0.7221729196247477,0.1442524571548495,0.8083860553289051,0.13826768468237263
0.94,0.02,0.04,0.23,3.29625,10.0,0.721569608890626,0.1468712820822015,0.8095226882050423,0.09504633948028061
0.94,0.04,0.02,0.213,3.225,10.0,0.7216113453150745,0.1436201448236949,0.8122543861033475,0.09830498734797763
0.94,0.06,0.0,0.21,3.2625,10.0,0.722196199965321,0.1409602531739605,0.8110838962994574,0.141646185497392
0.96,0.0,0.04,0.229,3.2925,10.0,0.7215473764474792,0.1466199529112029,0.8095917149491341,0.09521506230860717
0.96,0.02,0.02,0.2205,3.195,10.0,0.7209476395069327,0.1476496955809434,0.8130496992289743,0.052085778029703926
0.96,0.04,0.0,0.2135,3.225,10.0,0.7215772202679439,0.1437897405111689,0.8122178822653985,0.09854651739919282
0.98,0.0,0.02,0.232,3.22875,10.0,0.7209067225135197,0.1506492863130776,0.8116193202077877,0.05016085998993131
0.98,0.02,0.0,0.2198398811694215,3.186649091268809,10.0,0.7209201183954047,0.1477971214204128,0.8134483739167212,0.05218769801985019
1.0,0.0,0.0,0.232,3.0675,10.0,0.720227030892114,0.1585245171529401,0.8194244009976133,0.0
